years_of_experience,skill_match_score,assessment_score,interview_score,decision_confidence,feature_count,institution_tier,career_gap_months,applicant_surname,emotion_score,home_district,caste_indicator,risk_label
5.4,0.704,89.4,7.2,0.798,3,1,0,Ansari,0.914,Bengaluru Urban,ST,GREEN
3.1,0.48,54.9,4.5,0.486,4,3,13,Patil,0.477,Kalahandi,OBC,RED
2.8,0.303,35.5,2.4,0.332,4,3,4,Sharma,0.771,Pune,OBC,YELLOW
2.8,0.63,47.6,5.4,0.625,10,2,0,Singh,0.748,Pune,ST,GREEN
11.5,0.509,57.0,5.0,0.515,10,3,0,Ansari,0.916,Mumbai Suburban,General,GREEN
6.6,0.665,73.1,4.7,0.61,7,3,0,Patil,0.716,Gaya,SC,YELLOW
2.2,0.616,73.7,4.9,0.693,4,4,12,Das,0.579,Bengaluru Urban,General,GREEN
5.6,0.453,53.2,7.2,0.607,3,4,20,Das,0.784,Bastar,SC,RED
4.3,0.347,37.0,1.8,0.276,8,4,0,Banerjee,0.79,Kalahandi,General,RED
0.2,0.503,39.9,5.0,0.494,7,1,0,Khan,0.806,Bengaluru Urban,General,GREEN
1.1,0.453,30.5,3.0,0.329,4,3,8,Singh,0.567,Kalahandi,General,RED
4.6,0.808,79.7,10.0,0.845,6,2,0,Gupta,0.986,Bengaluru Urban,General,GREEN
10.7,0.488,46.6,3.5,0.447,8,3,0,Gupta,0.251,Mewat,OBC,RED
2.8,0.637,74.4,7.1,0.601,3,3,0,Gupta,0.416,Pune,OBC,GREEN
2.0,0.469,78.9,9.2,0.64,6,3,17,Patil,0.654,Bastar,SC,RED
3.9,0.596,77.6,4.5,0.579,5,3,0,Ansari,0.805,Mumbai Suburban,OBC,GREEN
1.9,0.177,2.1,1.2,0.055,4,3,3,Khan,0.761,Pune,OBC,RED
2.6,0.716,95.0,9.0,0.871,8,4,0,Singh,0.911,Gaya,ST,GREEN
3.5,0.467,58.3,4.2,0.445,3,3,0,Deshmukh,0.744,Bengaluru Urban,OBC,GREEN
1.1,0.768,74.1,8.1,0.702,3,2,0,Banerjee,0.746,Hyderabad,General,GREEN
6.9,0.792,93.9,8.6,0.937,6,4,0,Banerjee,0.656,Bastar,ST,GREEN
0.8,0.61,35.4,3.1,0.413,8,3,0,Verma,0.742,Mewat,OBC,YELLOW
4.2,0.954,85.0,8.5,0.888,12,1,0,Munda,0.407,Mewat,SC,GREEN
6.5,0.799,81.9,8.3,0.745,3,3,0,Das,0.505,Gaya,General,GREEN
4.1,0.681,68.8,5.5,0.612,3,4,0,Verma,0.723,Mewat,ST,YELLOW
3.1,0.572,72.4,7.0,0.671,4,3,0,Munda,0.479,Gaya,ST,GREEN
2.6,0.655,82.3,6.0,0.635,7,3,0,Yadav,0.84,Mumbai Suburban,General,GREEN
2.2,0.482,55.1,3.7,0.486,4,1,0,Iyer,0.555,Bengaluru Urban,OBC,GREEN
8.2,0.687,66.0,4.7,0.576,9,4,0,Banerjee,0.894,Kalahandi,OBC,YELLOW
4.7,0.876,100.0,10.0,0.944,7,3,0,Paswan,0.586,Mumbai Suburban,OBC,GREEN
2.4,0.471,41.1,5.3,0.441,6,4,0,Khan,0.798,Kalahandi,General,YELLOW
1.7,0.554,68.1,3.4,0.618,8,3,0,Gupta,0.577,Mumbai Suburban,SC,GREEN
5.9,0.744,67.1,6.8,0.698,11,3,0,Deshmukh,0.43,Kalahandi,General,GREEN
8.0,0.503,53.3,6.8,0.519,3,3,0,Munda,0.776,Kalahandi,OBC,YELLOW
7.5,0.799,65.4,8.7,0.815,7,2,0,Deshmukh,0.527,Bengaluru Urban,General,GREEN
1.4,0.596,82.9,7.7,0.671,8,3,36,Deshmukh,0.493,Mumbai Suburban,OBC,GREEN
2.6,0.62,62.5,5.8,0.619,7,3,3,Paswan,0.648,Bengaluru Urban,OBC,GREEN
2.2,0.557,42.0,8.7,0.518,13,4,0,Deshmukh,0.836,Gaya,General,YELLOW
2.9,0.864,81.8,9.1,0.798,5,4,1,Das,0.659,Bengaluru Urban,General,GREEN
6.8,0.141,24.0,3.9,0.267,10,3,7,Paswan,0.878,Hyderabad,SC,YELLOW
10.0,0.66,56.9,8.5,0.73,9,2,0,Kumar,0.685,Bengaluru Urban,OBC,GREEN
4.8,0.631,75.3,10.0,0.803,5,4,0,Patil,0.775,Hyderabad,OBC,GREEN
1.8,0.324,29.6,2.1,0.271,9,3,0,Patil,0.611,Bastar,OBC,RED
3.4,0.932,100.0,8.2,0.902,5,2,0,Banerjee,0.647,Hyderabad,General,GREEN
11.4,0.584,55.6,6.6,0.526,11,4,0,Deshmukh,0.958,Mewat,SC,YELLOW
3.8,0.456,57.7,4.5,0.458,5,3,4,Menon,0.915,Bengaluru Urban,General,GREEN
2.6,0.929,98.0,8.6,0.9,3,4,0,Menon,0.826,Pune,General,GREEN
2.8,0.822,79.6,5.9,0.789,4,2,0,Deshmukh,0.765,Bengaluru Urban,General,GREEN
4.8,0.632,57.8,7.0,0.654,5,4,0,Das,0.65,Bengaluru Urban,OBC,GREEN
1.5,0.679,68.6,8.5,0.65,4,4,0,Banerjee,0.606,Bastar,SC,GREEN
2.1,0.727,80.0,8.3,0.802,4,4,0,Yadav,0.684,Kalahandi,OBC,GREEN
7.4,0.614,49.5,3.7,0.474,3,2,0,Khan,0.878,Kalahandi,SC,GREEN
4.7,0.729,77.8,5.4,0.648,9,4,0,Yadav,0.882,Pune,OBC,GREEN
3.8,0.717,71.2,7.8,0.767,5,4,0,Das,0.779,Pune,General,GREEN
7.7,0.607,85.1,6.2,0.744,10,4,0,Deshmukh,0.87,Pune,SC,GREEN
1.7,0.688,76.9,6.9,0.762,6,3,0,Singh,0.655,Pune,General,GREEN
2.5,0.764,82.3,7.7,0.744,8,3,0,Ansari,0.747,Pune,OBC,GREEN
4.5,0.57,57.2,5.5,0.549,8,3,0,Banerjee,0.684,Mumbai Suburban,SC,GREEN
4.4,0.605,77.4,7.6,0.73,4,4,7,Meena,0.956,Kalahandi,OBC,GREEN
0.6,0.816,81.6,10.0,0.926,7,4,0,Verma,0.836,Gaya,OBC,GREEN
2.3,0.687,73.1,6.0,0.649,3,3,0,Singh,0.85,Mumbai Suburban,General,GREEN
3.0,0.717,76.0,6.8,0.71,10,3,0,Sharma,0.379,Hyderabad,General,GREEN
5.0,0.908,79.7,9.2,0.82,4,2,0,Deshmukh,0.599,Bengaluru Urban,OBC,GREEN
4.4,0.694,79.4,4.3,0.58,3,1,0,Banerjee,0.833,Bastar,OBC,GREEN
3.3,0.56,78.2,5.9,0.685,7,4,9,Singh,0.817,Bengaluru Urban,OBC,GREEN
0.2,0.635,63.6,6.9,0.721,5,4,0,Khan,0.834,Kalahandi,General,GREEN
3.4,0.6,59.0,9.7,0.716,3,4,0,Singh,0.95,Gaya,ST,GREEN
3.7,0.632,62.4,6.5,0.686,6,4,20,Banerjee,0.694,Kalahandi,ST,YELLOW
19.1,0.684,53.6,4.9,0.588,4,4,1,Banerjee,0.454,Bastar,SC,YELLOW
2.9,0.559,52.1,6.7,0.551,5,3,0,Khan,0.782,Bengaluru Urban,OBC,GREEN
4.6,0.887,100.0,9.2,0.954,4,4,2,Das,0.73,Pune,OBC,GREEN
8.7,0.583,67.5,3.7,0.62,3,4,32,Gupta,0.303,Bengaluru Urban,SC,RED
6.5,0.823,98.1,6.1,0.803,11,3,0,Patil,0.816,Pune,General,GREEN
10.3,0.582,57.9,3.5,0.582,4,3,0,Deshmukh,0.521,Kalahandi,ST,YELLOW
0.6,0.261,17.4,3.9,0.144,6,2,0,Yadav,0.741,Mumbai Suburban,SC,GREEN
1.2,0.733,66.0,5.8,0.699,8,2,0,Singh,0.796,Pune,General,GREEN
2.0,0.399,42.4,8.0,0.545,3,4,0,Banerjee,0.882,Gaya,OBC,YELLOW
0.5,0.893,73.1,8.1,0.796,8,1,0,Iyer,0.812,Mumbai Suburban,General,GREEN
3.7,0.555,47.8,7.2,0.589,4,3,0,Das,0.562,Kalahandi,General,YELLOW
1.3,0.892,79.6,5.7,0.653,11,2,0,Iyer,0.403,Mewat,SC,GREEN
11.3,0.888,95.0,9.7,0.925,5,4,0,Banerjee,0.56,Mewat,OBC,GREEN
1.5,0.59,61.8,8.0,0.687,8,2,0,Banerjee,0.679,Bengaluru Urban,General,GREEN
2.6,0.629,64.8,5.8,0.693,6,1,0,Yadav,0.886,Pune,General,GREEN
6.9,0.548,64.4,4.4,0.518,4,4,3,Iyer,0.93,Mumbai Suburban,General,GREEN
0.8,0.881,100.0,8.8,0.88,10,4,5,Meena,0.725,Bengaluru Urban,General,GREEN
0.4,0.236,37.2,3.3,0.288,8,3,15,Deshmukh,0.567,Pune,SC,RED
4.1,0.561,40.8,4.1,0.505,7,2,0,Singh,0.909,Bastar,General,GREEN
4.4,0.587,65.6,8.9,0.727,7,4,0,Yadav,0.559,Bengaluru Urban,OBC,GREEN
6.7,0.312,35.7,4.4,0.343,7,4,8,Menon,0.898,Hyderabad,General,YELLOW
5.5,0.851,69.4,10.0,0.874,6,4,0,Banerjee,0.814,Bengaluru Urban,SC,GREEN
4.6,0.322,37.1,5.6,0.423,5,2,12,Deshmukh,0.788,Bastar,General,GREEN
1.7,0.762,86.4,10.0,0.924,6,4,0,Banerjee,0.643,Pune,General,GREEN
4.3,0.342,37.6,2.0,0.271,9,3,0,Verma,0.654,Bastar,OBC,RED
4.5,0.528,65.9,7.1,0.616,7,2,11,Deshmukh,0.815,Bengaluru Urban,OBC,GREEN
1.7,0.868,95.0,8.4,0.866,5,4,0,Gupta,0.96,Bastar,General,GREEN
13.7,0.828,78.1,8.6,0.75,5,4,0,Patil,0.674,Mumbai Suburban,ST,GREEN
5.3,0.423,51.4,3.9,0.457,3,4,23,Kumar,0.776,Bengaluru Urban,OBC,YELLOW
1.2,0.877,69.8,10.0,0.871,3,2,0,Banerjee,0.77,Kalahandi,General,GREEN
6.7,0.761,93.6,7.8,0.826,7,3,13,Patil,0.944,Pune,ST,GREEN
7.6,0.489,61.2,6.4,0.569,7,4,0,Patil,0.783,Mewat,OBC,YELLOW
5.0,0.737,73.2,5.9,0.616,3,3,1,Verma,0.881,Hyderabad,General,GREEN
2.8,0.334,53.6,4.3,0.412,12,3,9,Banerjee,0.935,Bengaluru Urban,OBC,GREEN
1.6,0.688,61.1,9.0,0.716,6,4,0,Ansari,0.657,Gaya,ST,GREEN
3.3,0.738,80.2,8.4,0.753,3,3,0,Das,0.588,Mewat,OBC,GREEN
4.7,0.658,38.5,5.2,0.513,6,1,0,Yadav,0.74,Bastar,OBC,GREEN
3.5,0.697,84.9,6.4,0.749,6,4,0,Menon,0.956,Kalahandi,General,GREEN
10.6,0.572,51.3,6.5,0.673,6,3,1,Deshmukh,0.787,Bengaluru Urban,SC,GREEN
5.9,0.315,38.1,3.6,0.361,4,4,0,Ansari,0.527,Bengaluru Urban,OBC,YELLOW
1.4,0.256,44.7,0.0,0.247,3,4,0,Das,0.498,Bengaluru Urban,SC,YELLOW
1.1,0.723,65.7,7.2,0.696,7,4,6,Deshmukh,0.691,Pune,OBC,GREEN
5.3,0.538,76.4,5.7,0.528,8,4,0,Banerjee,0.889,Mumbai Suburban,SC,GREEN
2.8,0.259,42.0,3.4,0.338,6,2,0,Patil,0.811,Kalahandi,General,YELLOW
6.4,0.634,78.3,8.7,0.765,8,2,11,Singh,0.692,Bengaluru Urban,General,GREEN
5.3,0.941,94.3,8.5,1.0,6,4,3,Khan,0.485,Mewat,OBC,GREEN
3.3,0.61,59.2,7.1,0.628,3,4,3,Iyer,0.929,Bastar,SC,GREEN
1.4,0.824,88.1,8.8,0.877,7,1,0,Banerjee,0.686,Mumbai Suburban,ST,GREEN
0.5,0.776,85.1,9.0,0.841,7,4,0,Paswan,0.653,Mewat,OBC,GREEN
4.2,0.846,64.5,10.0,0.772,7,3,0,Patil,0.712,Gaya,SC,GREEN
0.8,0.482,50.3,7.9,0.649,4,3,6,Deshmukh,0.634,Bengaluru Urban,OBC,GREEN
1.3,0.656,59.8,5.6,0.642,8,4,0,Gupta,0.881,Kalahandi,SC,GREEN
4.0,0.603,53.0,5.9,0.614,10,3,0,Verma,0.708,Bastar,SC,YELLOW
3.7,0.252,23.2,4.5,0.266,5,3,0,Banerjee,0.808,Mumbai Suburban,OBC,YELLOW
0.9,0.737,73.7,7.2,0.801,5,3,20,Iyer,0.677,Bengaluru Urban,SC,GREEN
8.3,0.659,76.4,4.6,0.558,6,2,0,Banerjee,0.83,Kalahandi,OBC,GREEN
8.1,0.302,29.4,2.6,0.315,6,3,2,Khan,0.843,Pune,General,YELLOW
5.4,0.705,69.1,7.2,0.815,9,2,4,Menon,0.918,Bengaluru Urban,General,GREEN
5.4,0.529,54.8,5.1,0.479,6,3,0,Munda,0.674,Hyderabad,SC,GREEN
5.4,0.622,56.8,7.3,0.612,4,3,0,Verma,0.762,Kalahandi,OBC,YELLOW
7.6,0.58,70.2,5.2,0.606,3,3,11,Paswan,0.431,Bastar,OBC,YELLOW
6.1,0.443,44.2,4.7,0.426,5,2,36,Menon,0.942,Kalahandi,ST,YELLOW
1.5,0.686,77.7,5.2,0.583,7,2,17,Singh,0.84,Bastar,OBC,YELLOW
2.8,0.648,83.5,8.2,0.771,5,2,11,Banerjee,0.591,Mewat,General,GREEN
17.6,0.548,43.8,6.4,0.489,9,2,0,Ansari,0.922,Pune,OBC,GREEN
0.3,0.865,94.7,7.4,0.874,6,3,0,Deshmukh,0.384,Bengaluru Urban,ST,GREEN
2.2,0.605,58.4,6.3,0.56,6,1,3,Iyer,0.925,Kalahandi,SC,GREEN
8.3,0.43,31.3,4.5,0.475,7,2,0,Deshmukh,0.804,Pune,SC,GREEN
1.7,0.767,96.1,10.0,0.87,6,3,10,Iyer,0.789,Hyderabad,SC,GREEN
6.2,0.614,53.8,6.5,0.585,3,2,0,Munda,0.874,Bastar,OBC,GREEN
3.6,0.763,97.0,6.1,0.822,8,3,0,Iyer,0.625,Bengaluru Urban,OBC,GREEN
1.8,0.74,88.9,10.0,0.815,3,3,0,Yadav,0.795,Bengaluru Urban,SC,GREEN
4.1,0.575,57.5,7.7,0.651,5,1,0,Sharma,0.777,Mumbai Suburban,General,GREEN
1.5,0.837,86.5,8.9,0.929,6,3,2,Das,0.682,Mumbai Suburban,OBC,GREEN
3.1,0.91,100.0,9.8,0.883,4,4,0,Munda,0.932,Hyderabad,SC,GREEN
5.4,0.501,44.3,4.4,0.471,6,3,0,Verma,0.396,Gaya,OBC,RED
7.1,0.94,91.6,8.2,0.905,6,2,0,Khan,0.64,Gaya,SC,GREEN
2.2,0.763,75.7,9.3,0.856,5,2,0,Munda,0.668,Bengaluru Urban,OBC,GREEN
1.8,0.684,85.3,8.9,0.747,3,4,0,Gupta,0.809,Pune,General,GREEN
0.8,0.439,51.6,4.3,0.396,4,2,0,Paswan,0.963,Gaya,OBC,GREEN
7.4,0.257,36.2,2.6,0.319,4,4,0,Paswan,0.465,Mumbai Suburban,General,YELLOW
15.9,0.853,80.0,10.0,0.899,8,2,2,Meena,0.958,Mumbai Suburban,SC,GREEN
8.0,0.854,88.9,9.4,0.907,6,4,0,Meena,0.742,Bengaluru Urban,General,GREEN
9.4,0.628,55.5,5.2,0.585,10,3,0,Singh,0.966,Hyderabad,OBC,GREEN
1.7,0.828,90.3,9.8,0.87,6,4,5,Iyer,0.668,Mumbai Suburban,OBC,GREEN
5.1,0.285,25.5,3.4,0.305,4,3,0,Kumar,0.723,Pune,OBC,YELLOW
6.7,0.377,73.1,3.4,0.497,3,4,7,Patil,0.95,Pune,SC,GREEN
1.1,0.834,82.9,10.0,0.852,6,3,0,Deshmukh,0.569,Mumbai Suburban,OBC,GREEN
0.2,0.639,74.2,7.2,0.794,4,4,0,Kumar,0.551,Mewat,OBC,GREEN
0.8,0.698,85.1,7.1,0.777,6,3,0,Sharma,0.694,Kalahandi,ST,GREEN
3.1,0.658,74.1,9.7,0.73,8,2,0,Kumar,0.889,Bengaluru Urban,General,GREEN
2.2,0.601,68.1,5.0,0.627,6,4,9,Ansari,0.363,Bengaluru Urban,General,GREEN
5.0,0.724,66.6,5.8,0.608,6,2,0,Gupta,0.804,Pune,General,GREEN
7.4,0.76,100.0,8.3,0.903,10,3,0,Ansari,0.838,Hyderabad,General,GREEN
2.9,0.41,65.7,4.4,0.56,7,4,0,Ansari,0.719,Bengaluru Urban,General,GREEN
3.7,0.506,48.7,4.2,0.43,4,2,0,Menon,0.811,Bastar,OBC,GREEN
0.2,0.377,39.3,6.4,0.518,4,4,0,Iyer,0.92,Hyderabad,OBC,GREEN
9.5,0.867,78.0,7.0,0.803,5,2,0,Khan,0.832,Pune,General,GREEN
6.2,0.306,29.4,2.5,0.324,5,4,0,Yadav,0.444,Mumbai Suburban,General,YELLOW
3.7,0.601,72.2,5.1,0.706,9,4,0,Verma,0.365,Pune,OBC,GREEN
2.1,0.501,73.2,5.5,0.582,3,4,0,Singh,0.788,Mewat,General,YELLOW
4.2,0.803,84.1,8.5,0.794,14,3,1,Patil,0.49,Pune,General,GREEN
1.8,0.612,73.2,9.7,0.727,4,3,0,Menon,0.571,Gaya,General,GREEN
2.5,0.74,87.9,7.9,0.762,5,4,0,Kumar,0.748,Bengaluru Urban,General,GREEN
4.8,0.239,26.0,2.7,0.252,7,4,0,Menon,0.436,Bengaluru Urban,OBC,YELLOW
5.7,0.448,59.8,5.0,0.532,6,3,0,Sharma,0.925,Mumbai Suburban,General,GREEN
5.6,0.803,85.6,8.1,0.837,8,2,0,Munda,0.525,Bastar,General,GREEN
1.7,0.591,73.3,7.1,0.719,5,4,0,Deshmukh,0.829,Hyderabad,ST,GREEN
0.3,0.529,53.8,4.5,0.506,3,4,0,Gupta,0.49,Hyderabad,OBC,GREEN
0.8,0.661,73.3,5.2,0.711,9,2,0,Ansari,0.787,Pune,OBC,GREEN
11.3,0.719,78.8,9.2,0.796,5,2,0,Yadav,0.771,Gaya,General,GREEN
2.3,0.534,76.0,7.3,0.811,5,3,9,Yadav,0.707,Bengaluru Urban,SC,GREEN
3.5,0.28,51.8,4.0,0.431,8,3,18,Munda,0.64,Pune,OBC,YELLOW
7.5,0.715,69.5,6.7,0.65,13,3,0,Menon,0.815,Gaya,OBC,YELLOW
2.8,0.788,94.5,8.8,0.817,5,3,0,Iyer,0.756,Pune,ST,GREEN
7.1,0.418,62.7,4.6,0.526,6,2,23,Iyer,0.894,Pune,General,GREEN
2.7,0.521,52.6,4.5,0.488,5,3,0,Deshmukh,0.493,Pune,General,GREEN
1.9,0.676,58.8,7.0,0.69,3,3,0,Yadav,0.67,Bengaluru Urban,ST,GREEN
14.1,0.902,95.0,7.8,0.901,7,2,0,Iyer,0.977,Gaya,ST,GREEN
8.2,0.497,53.1,8.7,0.629,11,3,17,Banerjee,0.752,Gaya,OBC,RED
9.0,0.623,54.9,5.3,0.525,6,3,0,Patil,0.744,Kalahandi,ST,YELLOW
0.9,0.672,69.3,5.5,0.563,7,2,3,Banerjee,0.621,Bengaluru Urban,OBC,GREEN
1.7,0.662,58.5,7.6,0.647,10,2,0,Verma,0.825,Gaya,ST,GREEN
3.5,0.71,46.7,7.6,0.688,7,2,1,Gupta,0.895,Gaya,OBC,GREEN
2.6,0.697,73.7,8.0,0.755,8,2,1,Meena,0.723,Kalahandi,OBC,GREEN
6.8,0.485,70.2,6.9,0.563,3,3,9,Menon,0.986,Bengaluru Urban,SC,GREEN
5.9,0.979,82.6,8.7,0.9,4,2,0,Meena,0.644,Kalahandi,General,GREEN
10.0,0.743,79.1,8.9,0.827,8,4,0,Banerjee,0.554,Pune,General,GREEN
2.3,0.887,83.5,8.4,0.81,8,3,0,Paswan,0.536,Bengaluru Urban,OBC,GREEN
4.2,0.506,42.0,7.1,0.553,3,3,0,Gupta,0.555,Kalahandi,General,YELLOW
8.7,0.724,66.4,6.2,0.672,7,3,0,Singh,0.582,Gaya,General,GREEN
2.2,0.58,71.3,5.9,0.571,9,4,18,Banerjee,0.715,Bastar,OBC,RED
1.8,0.74,99.1,6.8,0.822,3,4,0,Verma,0.566,Pune,General,GREEN
10.0,0.573,53.1,6.2,0.603,4,1,3,Verma,0.646,Mumbai Suburban,OBC,GREEN
11.5,0.747,83.1,7.9,0.843,13,4,0,Munda,0.661,Mewat,OBC,GREEN
2.6,0.436,46.6,4.5,0.503,5,2,0,Ansari,0.784,Gaya,ST,GREEN
3.5,0.637,47.4,6.7,0.525,7,3,5,Verma,0.625,Pune,SC,GREEN
9.4,0.538,44.9,5.8,0.475,7,4,0,Yadav,0.923,Pune,SC,GREEN
6.6,0.489,69.3,4.7,0.576,3,4,0,Yadav,0.556,Bastar,General,YELLOW
0.6,0.494,44.3,2.7,0.428,5,2,0,Yadav,0.655,Pune,SC,GREEN
1.4,0.596,77.2,5.2,0.655,7,4,9,Paswan,0.661,Mumbai Suburban,OBC,GREEN
3.7,0.701,73.4,5.8,0.864,4,2,0,Ansari,0.828,Hyderabad,OBC,GREEN
7.8,0.789,57.6,7.9,0.747,10,4,0,Kumar,0.655,Gaya,OBC,GREEN
5.3,0.785,71.7,10.0,0.891,10,4,5,Gupta,0.722,Mewat,SC,GREEN
3.7,0.278,48.0,2.5,0.384,3,4,36,Paswan,0.827,Mumbai Suburban,OBC,RED
2.3,0.831,78.7,7.2,0.812,4,3,0,Paswan,0.75,Pune,OBC,GREEN
13.6,0.857,86.9,6.3,0.77,7,4,0,Das,0.659,Bengaluru Urban,OBC,GREEN
3.2,0.818,69.7,9.4,0.856,6,4,0,Das,0.81,Kalahandi,SC,GREEN
7.7,0.384,30.0,4.0,0.323,4,3,0,Meena,0.521,Bastar,ST,RED
3.0,0.431,37.8,2.9,0.354,7,3,0,Munda,0.832,Kalahandi,OBC,RED
0.7,0.809,67.3,8.5,0.753,5,3,0,Paswan,0.897,Bengaluru Urban,OBC,GREEN
4.8,0.47,63.7,4.3,0.516,10,3,1,Menon,0.861,Pune,General,GREEN
6.5,0.437,24.8,6.3,0.554,9,2,0,Deshmukh,0.894,Kalahandi,OBC,GREEN
10.8,0.741,85.4,7.7,0.695,7,3,8,Verma,0.729,Bengaluru Urban,SC,GREEN
3.3,0.548,55.3,8.8,0.695,8,2,12,Iyer,0.554,Hyderabad,OBC,GREEN
2.7,0.577,73.5,5.0,0.523,3,3,0,Yadav,0.484,Hyderabad,OBC,GREEN
4.5,0.473,40.0,4.6,0.421,9,4,0,Yadav,0.96,Bengaluru Urban,OBC,GREEN
1.0,0.89,86.2,7.5,0.888,6,3,0,Khan,0.387,Mumbai Suburban,OBC,GREEN
4.5,0.446,36.2,5.4,0.453,7,3,1,Menon,0.944,Pune,General,GREEN
4.5,0.543,30.2,5.5,0.411,7,3,0,Banerjee,0.855,Kalahandi,ST,YELLOW
3.2,0.634,73.5,5.5,0.604,5,3,0,Munda,0.848,Hyderabad,ST,GREEN
3.3,0.587,67.0,7.6,0.706,10,2,14,Iyer,0.635,Mumbai Suburban,General,GREEN
11.1,0.726,79.8,9.2,0.778,5,3,4,Kumar,0.59,Mumbai Suburban,OBC,GREEN
4.6,0.456,61.7,7.4,0.615,6,4,9,Paswan,0.926,Kalahandi,General,YELLOW
2.6,0.248,25.9,2.2,0.245,5,2,0,Khan,0.721,Pune,SC,GREEN
0.7,0.768,67.4,9.3,0.758,3,2,0,Verma,0.687,Kalahandi,OBC,GREEN
5.5,0.85,87.6,9.5,0.999,9,4,0,Meena,0.573,Bastar,General,GREEN
1.4,0.907,90.6,9.1,0.939,5,3,0,Paswan,0.744,Pune,OBC,GREEN
2.6,0.63,74.1,6.0,0.556,4,3,0,Kumar,0.758,Mewat,OBC,YELLOW
3.9,0.878,89.2,10.0,0.933,6,3,0,Verma,0.908,Bengaluru Urban,SC,GREEN
11.3,0.578,56.6,3.8,0.475,6,3,0,Banerjee,0.546,Bastar,General,YELLOW
8.0,0.736,83.0,10.0,0.898,8,2,9,Yadav,0.72,Mewat,ST,GREEN
4.1,0.817,95.0,8.9,0.846,4,3,0,Gupta,0.839,Mewat,General,GREEN
10.9,0.707,65.5,6.7,0.672,3,4,0,Das,0.752,Pune,General,GREEN
7.2,0.456,38.5,4.0,0.439,5,3,5,Das,0.931,Mumbai Suburban,General,GREEN
0.4,0.203,30.8,2.7,0.304,3,4,9,Munda,0.57,Mumbai Suburban,ST,YELLOW
10.6,0.679,65.4,8.3,0.661,13,4,0,Singh,0.655,Bengaluru Urban,SC,GREEN
4.2,0.387,53.7,5.6,0.478,6,3,7,Paswan,0.822,Mewat,OBC,YELLOW
0.1,0.678,69.7,6.6,0.655,7,4,0,Singh,0.644,Gaya,ST,GREEN
7.7,0.67,60.8,6.4,0.607,10,4,0,Kumar,0.931,Pune,General,GREEN
4.7,0.778,90.3,8.7,0.939,3,3,0,Iyer,0.773,Hyderabad,SC,GREEN
3.5,0.666,90.0,10.0,0.876,6,4,1,Paswan,0.804,Pune,OBC,GREEN
6.8,0.687,73.8,10.0,0.745,9,4,8,Deshmukh,0.527,Mumbai Suburban,General,GREEN
3.5,0.805,88.7,10.0,0.943,5,4,0,Khan,0.567,Pune,SC,GREEN
5.0,0.395,17.6,3.3,0.406,7,4,0,Patil,0.529,Bastar,SC,YELLOW
3.1,0.26,27.4,4.2,0.37,3,3,0,Patil,0.76,Mumbai Suburban,General,GREEN
3.3,0.237,31.8,1.8,0.169,3,3,0,Menon,0.943,Bengaluru Urban,OBC,YELLOW
1.0,0.545,53.1,5.6,0.521,8,3,6,Deshmukh,0.64,Mewat,General,YELLOW
5.3,0.361,42.2,6.2,0.531,4,4,0,Deshmukh,0.855,Bengaluru Urban,General,GREEN
15.3,0.67,59.2,6.3,0.595,8,1,0,Das,0.732,Hyderabad,General,GREEN
2.6,0.883,95.0,8.9,0.93,5,3,0,Sharma,0.842,Bastar,OBC,GREEN
1.5,0.803,81.2,7.8,0.837,6,3,0,Ansari,0.769,Bengaluru Urban,SC,GREEN
2.0,0.507,43.4,4.3,0.411,3,4,0,Kumar,0.895,Mumbai Suburban,OBC,GREEN
0.6,0.679,72.5,6.9,0.695,6,4,0,Ansari,0.744,Pune,ST,GREEN
2.9,0.446,58.9,6.1,0.386,3,3,0,Menon,0.954,Bengaluru Urban,OBC,GREEN
3.2,0.79,89.5,9.4,0.824,5,4,3,Ansari,0.921,Pune,OBC,GREEN
3.6,0.519,46.7,4.6,0.469,9,3,0,Verma,0.42,Mewat,OBC,YELLOW
7.0,0.929,95.0,10.0,0.897,4,4,0,Paswan,0.505,Mewat,General,GREEN
1.9,0.46,50.3,2.5,0.486,3,4,0,Menon,0.872,Pune,OBC,GREEN
2.0,0.658,48.6,7.2,0.55,8,4,0,Paswan,0.698,Kalahandi,SC,YELLOW
0.8,0.384,49.3,3.3,0.38,7,4,0,Patil,0.771,Hyderabad,OBC,GREEN
1.8,0.651,63.7,10.0,0.769,8,4,0,Gupta,0.836,Mewat,SC,GREEN
0.1,0.616,73.9,7.1,0.76,3,3,16,Patil,0.623,Hyderabad,SC,GREEN
7.0,0.922,100.0,10.0,0.902,5,2,0,Menon,0.82,Bengaluru Urban,General,GREEN
1.2,0.668,64.2,8.7,0.785,8,4,0,Yadav,0.684,Bastar,OBC,GREEN
1.2,0.675,69.6,6.7,0.681,4,4,0,Kumar,0.662,Pune,General,GREEN
3.8,0.598,42.2,7.4,0.538,6,2,0,Ansari,0.754,Gaya,OBC,GREEN
1.5,0.773,77.0,9.8,0.864,4,3,0,Iyer,0.747,Pune,OBC,GREEN
1.3,0.768,84.3,9.4,0.86,3,4,0,Menon,0.861,Mumbai Suburban,SC,GREEN
1.1,0.417,35.8,3.9,0.358,3,4,0,Iyer,0.55,Bastar,OBC,RED
1.8,0.465,34.9,3.0,0.375,9,4,0,Deshmukh,0.814,Bengaluru Urban,OBC,GREEN
4.3,0.778,89.3,10.0,0.871,3,3,0,Iyer,0.504,Bengaluru Urban,OBC,GREEN
7.4,0.729,84.8,7.4,0.778,6,3,0,Iyer,0.54,Pune,OBC,GREEN
1.4,0.701,82.1,7.5,0.79,7,4,0,Sharma,0.468,Bengaluru Urban,General,GREEN
3.5,0.749,70.7,7.3,0.808,3,3,0,Meena,0.714,Bengaluru Urban,General,GREEN
2.3,0.615,66.3,9.8,0.691,5,3,0,Munda,0.758,Hyderabad,SC,GREEN
11.5,0.635,65.9,6.1,0.741,3,4,4,Banerjee,0.628,Gaya,OBC,GREEN
10.3,0.341,40.0,3.6,0.269,7,2,0,Khan,0.733,Pune,General,GREEN
0.7,0.67,78.2,10.0,0.81,4,3,0,Iyer,0.676,Pune,General,GREEN
3.6,0.59,49.9,4.0,0.526,3,3,0,Paswan,0.598,Mumbai Suburban,SC,GREEN
3.9,0.892,100.0,10.0,0.978,5,1,2,Kumar,0.68,Bengaluru Urban,OBC,GREEN
2.2,0.761,64.0,8.1,0.706,4,4,6,Deshmukh,0.856,Mewat,General,GREEN
1.8,0.283,17.0,4.4,0.287,6,3,0,Gupta,0.613,Pune,SC,YELLOW
1.4,0.82,57.6,8.2,0.714,5,4,0,Meena,0.965,Bengaluru Urban,SC,GREEN
2.0,0.779,84.9,8.5,0.797,3,3,0,Banerjee,0.445,Kalahandi,General,GREEN
6.2,0.749,89.4,4.8,0.75,5,1,0,Yadav,0.482,Pune,General,GREEN
4.9,0.648,71.5,7.8,0.732,4,3,7,Meena,0.589,Hyderabad,OBC,GREEN
3.2,0.557,33.0,5.5,0.444,7,2,0,Banerjee,0.229,Gaya,OBC,YELLOW
1.6,0.566,70.4,4.9,0.632,5,4,0,Verma,0.782,Pune,General,GREEN
2.0,0.528,44.8,4.5,0.491,6,3,0,Gupta,0.484,Hyderabad,ST,GREEN
15.2,0.691,80.3,5.9,0.735,13,3,0,Munda,0.82,Bengaluru Urban,OBC,GREEN
11.8,0.488,44.5,4.8,0.502,6,3,4,Verma,0.557,Pune,OBC,GREEN
2.0,0.69,69.6,10.0,0.754,7,3,0,Patil,0.792,Mumbai Suburban,SC,GREEN
1.2,0.769,88.1,10.0,0.855,8,2,18,Das,0.693,Pune,ST,GREEN
2.2,0.862,94.4,10.0,0.973,7,3,0,Meena,0.882,Hyderabad,General,GREEN
2.6,0.616,67.7,7.2,0.702,3,4,0,Sharma,0.527,Bengaluru Urban,General,GREEN
1.0,0.756,95.3,4.2,0.709,3,3,0,Ansari,0.443,Bengaluru Urban,OBC,GREEN
4.4,0.792,100.0,8.1,0.873,5,3,0,Paswan,0.651,Pune,General,GREEN
3.0,0.824,95.0,10.0,0.989,4,4,0,Sharma,0.768,Bastar,OBC,GREEN
2.3,0.184,24.6,1.0,0.147,7,3,16,Verma,0.222,Gaya,General,RED
1.9,0.314,32.4,4.2,0.38,5,3,0,Khan,0.701,Mewat,OBC,RED
6.6,0.79,97.7,6.9,0.809,7,3,0,Das,0.793,Bengaluru Urban,SC,GREEN
1.6,0.303,36.8,2.7,0.303,8,3,9,Meena,0.876,Mumbai Suburban,SC,YELLOW
18.8,0.681,58.8,10.0,0.811,8,2,3,Khan,0.523,Kalahandi,SC,GREEN
4.1,0.637,68.9,10.0,0.817,9,3,0,Ansari,0.81,Mumbai Suburban,OBC,GREEN
3.8,0.409,45.7,4.5,0.479,9,4,0,Yadav,0.631,Pune,ST,GREEN
5.3,0.817,73.8,7.0,0.817,7,2,2,Munda,0.801,Bastar,ST,GREEN
11.5,0.865,77.1,7.7,0.803,12,4,0,Sharma,0.565,Mewat,General,GREEN
1.9,0.524,60.9,6.3,0.622,11,3,0,Meena,0.524,Mewat,OBC,GREEN
5.8,0.591,50.2,8.8,0.642,9,1,1,Ansari,0.84,Bastar,SC,GREEN
5.6,0.508,52.3,4.5,0.51,8,4,0,Banerjee,0.874,Bastar,OBC,YELLOW
8.0,0.899,84.8,9.3,0.886,7,2,0,Banerjee,0.545,Kalahandi,General,GREEN
2.7,0.324,39.2,4.0,0.377,3,3,0,Ansari,0.866,Bastar,SC,RED
7.6,0.828,92.4,10.0,0.947,4,3,0,Deshmukh,0.64,Mumbai Suburban,OBC,GREEN
1.7,0.627,65.1,7.2,0.625,8,4,0,Iyer,0.959,Bengaluru Urban,General,GREEN
0.5,0.573,58.2,4.1,0.626,6,3,0,Patil,0.914,Hyderabad,OBC,GREEN
3.6,0.908,89.7,10.0,0.885,5,4,0,Patil,0.633,Gaya,OBC,GREEN
7.3,0.492,46.1,6.5,0.474,5,3,7,Sharma,0.837,Gaya,General,YELLOW
3.8,0.548,51.7,4.7,0.57,6,3,0,Gupta,0.663,Hyderabad,OBC,GREEN
4.1,0.468,65.1,7.6,0.666,6,3,33,Patil,0.836,Pune,General,GREEN
5.7,0.47,45.0,4.2,0.478,8,2,2,Menon,0.903,Bastar,OBC,GREEN
5.4,0.904,80.8,9.5,0.919,5,2,0,Kumar,0.88,Bengaluru Urban,OBC,GREEN
9.3,0.518,50.6,3.9,0.471,9,2,0,Ansari,0.446,Hyderabad,General,GREEN
2.1,0.555,39.9,5.1,0.443,6,1,0,Meena,0.61,Mumbai Suburban,ST,GREEN
5.0,0.829,79.3,5.6,0.731,4,2,1,Verma,0.442,Bastar,ST,GREEN
11.0,0.605,62.1,7.4,0.621,4,3,0,Das,0.914,Bengaluru Urban,SC,GREEN
5.0,0.887,95.0,7.0,0.894,5,2,0,Yadav,0.755,Kalahandi,General,GREEN
9.5,0.538,59.7,6.8,0.598,6,1,0,Banerjee,0.536,Hyderabad,General,GREEN
2.2,0.68,58.4,5.5,0.563,4,2,0,Munda,0.66,Pune,OBC,GREEN
7.6,0.798,70.2,6.7,0.707,7,4,0,Das,0.649,Mewat,SC,GREEN
7.7,0.458,57.2,7.2,0.604,9,3,0,Iyer,0.684,Mumbai Suburban,SC,GREEN
0.4,0.504,72.2,6.5,0.597,5,3,20,Das,0.938,Mumbai Suburban,OBC,YELLOW
4.5,0.678,91.3,4.4,0.636,5,3,0,Verma,0.723,Bengaluru Urban,OBC,GREEN
4.1,0.277,44.2,3.2,0.359,3,3,0,Sharma,0.837,Bengaluru Urban,General,YELLOW
7.0,0.801,84.9,8.9,0.859,8,2,5,Sharma,0.633,Bengaluru Urban,SC,GREEN
4.1,0.557,75.0,7.0,0.644,3,3,1,Iyer,0.507,Pune,OBC,GREEN
21.0,0.721,80.9,7.4,0.733,12,4,7,Menon,0.894,Gaya,ST,GREEN
13.0,0.312,36.5,2.7,0.327,8,3,0,Banerjee,0.946,Bengaluru Urban,OBC,YELLOW
5.8,0.86,78.9,9.3,0.787,6,4,0,Verma,0.823,Mumbai Suburban,General,GREEN
4.4,0.961,100.0,10.0,0.917,5,2,0,Gupta,0.925,Pune,General,GREEN
1.0,0.651,66.4,3.5,0.519,3,4,0,Deshmukh,0.497,Mewat,OBC,YELLOW
4.1,0.7,69.0,5.6,0.639,7,4,0,Ansari,0.76,Mewat,SC,GREEN
3.8,0.415,41.5,7.5,0.542,5,4,14,Banerjee,0.824,Kalahandi,General,RED
19.9,0.355,52.8,5.9,0.565,10,3,0,Ansari,0.731,Bengaluru Urban,General,GREEN
5.5,0.586,68.5,4.4,0.613,10,2,0,Khan,0.81,Hyderabad,General,GREEN
8.2,0.234,19.4,0.8,0.161,4,4,0,Deshmukh,0.429,Bengaluru Urban,General,YELLOW
1.9,0.522,57.3,8.9,0.661,3,3,0,Deshmukh,0.711,Kalahandi,OBC,GREEN
7.1,0.516,59.6,6.5,0.537,9,2,0,Gupta,0.864,Hyderabad,SC,GREEN
0.1,0.817,74.2,8.6,0.805,7,3,0,Verma,0.729,Hyderabad,General,GREEN
9.4,0.34,45.4,5.6,0.437,6,3,0,Sharma,0.941,Pune,OBC,GREEN
1.5,0.769,86.4,7.5,0.81,6,4,0,Verma,0.821,Mumbai Suburban,SC,GREEN
1.0,0.8,86.2,8.7,0.803,3,3,0,Munda,0.902,Gaya,OBC,GREEN
3.0,0.482,68.1,4.4,0.56,6,2,3,Menon,0.688,Hyderabad,General,GREEN
6.8,0.791,95.0,9.5,0.974,8,4,0,Singh,0.549,Kalahandi,General,GREEN
3.0,0.766,96.9,8.0,0.84,4,1,8,Verma,0.432,Mumbai Suburban,SC,GREEN
1.1,0.639,66.5,6.7,0.678,5,2,0,Meena,0.677,Bengaluru Urban,General,GREEN
5.5,0.391,50.5,5.2,0.507,9,3,0,Banerjee,0.518,Hyderabad,General,GREEN
3.0,0.704,69.7,7.2,0.687,4,2,0,Deshmukh,0.209,Gaya,SC,GREEN
1.7,0.51,79.5,6.3,0.656,3,3,0,Khan,0.624,Bengaluru Urban,General,GREEN
4.0,0.76,77.3,7.9,0.775,9,2,3,Patil,0.822,Mumbai Suburban,General,GREEN
3.1,0.516,60.5,7.1,0.615,3,4,19,Banerjee,0.724,Hyderabad,OBC,YELLOW
4.0,0.669,72.4,8.5,0.709,9,2,0,Yadav,0.656,Mumbai Suburban,General,GREEN
20.2,0.535,79.3,4.5,0.594,11,4,0,Menon,0.557,Pune,SC,GREEN
1.0,0.686,58.9,8.0,0.717,3,4,0,Verma,0.879,Bastar,ST,GREEN
10.2,0.825,75.8,5.9,0.797,7,4,0,Patil,0.804,Kalahandi,OBC,GREEN
0.9,0.57,49.8,5.3,0.581,8,2,0,Iyer,0.593,Bengaluru Urban,SC,GREEN
4.2,0.629,55.9,9.6,0.824,3,3,4,Iyer,0.65,Bengaluru Urban,General,GREEN
3.0,0.641,54.6,5.7,0.547,9,4,0,Ansari,0.772,Mewat,General,YELLOW
5.5,0.458,55.2,2.6,0.467,7,4,6,Menon,0.752,Mewat,General,YELLOW
2.5,0.779,80.1,6.9,0.766,4,3,4,Khan,0.778,Gaya,General,GREEN
3.3,0.804,72.4,9.6,0.939,5,4,0,Ansari,0.773,Hyderabad,OBC,GREEN
3.2,0.823,84.1,6.5,0.731,5,2,0,Gupta,0.483,Kalahandi,ST,GREEN
3.6,0.387,42.1,2.9,0.324,11,3,0,Sharma,0.844,Gaya,General,RED
3.8,0.433,60.8,7.4,0.564,5,3,17,Banerjee,0.598,Bastar,SC,RED
3.1,0.946,83.6,10.0,0.821,8,2,0,Meena,0.916,Kalahandi,SC,GREEN
2.5,0.274,20.2,1.5,0.182,7,3,0,Menon,0.906,Mumbai Suburban,OBC,YELLOW
2.8,0.681,79.9,7.0,0.689,5,4,4,Patil,0.775,Bengaluru Urban,OBC,GREEN
4.3,0.355,48.7,7.2,0.528,7,3,0,Yadav,0.814,Mumbai Suburban,OBC,GREEN
4.4,0.758,59.7,7.1,0.705,6,2,0,Menon,0.738,Kalahandi,General,GREEN
1.8,0.779,75.3,5.3,0.781,7,1,3,Gupta,0.662,Kalahandi,General,GREEN
1.3,0.378,36.6,5.0,0.462,10,4,0,Gupta,0.798,Mumbai Suburban,OBC,GREEN
0.4,0.525,62.2,6.3,0.563,4,3,0,Gupta,0.782,Bastar,General,YELLOW
12.9,0.305,32.1,5.0,0.33,7,2,0,Meena,0.694,Mewat,SC,YELLOW
0.8,0.16,23.1,1.0,0.188,3,2,0,Deshmukh,0.754,Kalahandi,OBC,YELLOW
1.5,0.832,74.8,9.5,0.777,7,3,0,Iyer,0.731,Bastar,OBC,GREEN
6.6,0.48,46.1,5.7,0.595,8,3,0,Ansari,0.811,Pune,OBC,GREEN
0.6,0.892,85.5,9.4,0.955,4,3,0,Iyer,0.864,Bastar,OBC,GREEN
2.0,0.724,67.1,8.2,0.715,3,3,3,Yadav,0.704,Mewat,SC,GREEN
7.7,0.797,88.4,9.4,0.788,9,3,5,Banerjee,0.816,Mumbai Suburban,OBC,GREEN
3.4,0.884,82.6,10.0,0.971,3,4,0,Sharma,0.786,Bengaluru Urban,SC,GREEN
16.2,0.523,70.5,7.4,0.65,6,1,7,Kumar,0.628,Mewat,General,GREEN
6.2,0.768,94.2,4.3,0.775,12,2,0,Singh,0.534,Pune,OBC,GREEN
0.8,0.735,89.6,5.6,0.651,3,4,0,Meena,0.908,Pune,OBC,GREEN
3.8,0.515,64.5,6.3,0.567,6,2,22,Sharma,0.763,Mumbai Suburban,SC,GREEN
0.4,0.538,57.6,6.1,0.575,3,4,2,Singh,0.607,Mumbai Suburban,OBC,GREEN
5.6,0.144,21.2,0.4,0.134,5,3,4,Das,0.559,Mumbai Suburban,SC,RED
2.2,0.627,68.1,7.1,0.65,9,4,8,Verma,0.8,Pune,OBC,GREEN
5.5,0.678,64.4,5.5,0.655,3,1,0,Iyer,0.771,Gaya,SC,GREEN
11.8,0.692,77.6,8.3,0.713,10,4,1,Sharma,0.755,Pune,ST,GREEN
11.5,0.668,58.5,5.8,0.604,3,3,0,Patil,0.788,Bastar,ST,YELLOW
3.0,0.604,84.6,7.7,0.746,5,3,29,Verma,0.901,Bastar,OBC,YELLOW
6.8,0.504,44.6,6.6,0.562,7,2,0,Patil,0.914,Bastar,ST,GREEN
2.5,0.759,73.6,7.6,0.787,4,3,21,Iyer,0.645,Gaya,SC,YELLOW
4.2,0.77,75.0,6.2,0.657,6,4,0,Singh,0.859,Gaya,General,GREEN
0.5,0.978,91.7,8.6,0.842,5,2,0,Yadav,0.556,Pune,OBC,GREEN
1.5,0.807,77.3,7.3,0.834,11,3,0,Deshmukh,0.595,Mumbai Suburban,General,GREEN
5.7,0.609,81.7,6.7,0.715,3,3,0,Menon,0.663,Hyderabad,General,GREEN
0.3,0.779,83.0,5.7,0.689,6,3,3,Gupta,0.874,Mumbai Suburban,ST,GREEN
3.8,0.346,57.9,7.2,0.626,7,3,35,Menon,0.753,Mumbai Suburban,OBC,GREEN
4.1,0.463,55.4,3.2,0.451,8,3,0,Verma,0.841,Pune,OBC,GREEN
5.9,0.119,29.7,0.5,0.214,9,4,36,Kumar,0.777,Pune,OBC,RED
0.5,0.404,40.3,4.1,0.409,4,1,1,Gupta,0.635,Mumbai Suburban,ST,GREEN
0.4,0.783,74.0,8.1,0.881,5,4,0,Menon,0.817,Gaya,General,GREEN
7.8,0.627,80.7,8.8,0.859,5,3,0,Yadav,0.689,Bengaluru Urban,OBC,GREEN
4.1,0.551,61.6,5.6,0.563,9,3,0,Meena,0.887,Kalahandi,General,YELLOW
2.5,0.872,90.4,8.8,0.934,6,3,0,Menon,0.839,Bengaluru Urban,OBC,GREEN
0.5,0.449,59.9,6.0,0.582,5,3,0,Munda,0.675,Hyderabad,SC,GREEN
2.4,0.591,79.2,7.8,0.789,9,3,0,Menon,0.737,Bengaluru Urban,OBC,GREEN
1.0,0.183,21.9,0.0,0.086,3,4,0,Iyer,0.824,Gaya,SC,RED
7.5,0.623,85.8,7.6,0.781,10,4,10,Patil,0.694,Bastar,General,GREEN
0.7,0.756,75.9,10.0,0.891,3,4,0,Khan,0.73,Pune,OBC,GREEN
2.8,0.402,31.2,3.6,0.27,3,3,0,Deshmukh,0.639,Gaya,General,RED
6.9,0.879,84.5,9.0,0.816,3,2,0,Verma,0.853,Pune,OBC,GREEN
5.9,0.574,70.9,8.6,0.612,6,4,20,Sharma,0.837,Mumbai Suburban,OBC,YELLOW
2.2,0.579,81.4,7.3,0.694,14,1,14,Meena,0.842,Mumbai Suburban,OBC,GREEN
6.0,0.798,81.0,6.9,0.802,4,4,2,Deshmukh,0.88,Pune,OBC,GREEN
6.9,0.423,46.2,4.1,0.507,4,1,0,Iyer,0.752,Pune,SC,GREEN
4.0,0.655,81.5,3.7,0.617,7,4,0,Ansari,0.457,Mumbai Suburban,OBC,GREEN
5.2,0.427,42.4,2.7,0.455,7,1,0,Banerjee,0.605,Kalahandi,OBC,GREEN
2.9,0.455,35.6,6.2,0.408,4,1,0,Meena,0.683,Kalahandi,SC,GREEN
8.6,0.483,35.5,6.6,0.414,7,3,3,Menon,0.913,Gaya,OBC,YELLOW
3.2,0.679,85.1,10.0,0.841,4,4,2,Verma,0.878,Mumbai Suburban,General,GREEN
0.6,0.533,47.8,7.2,0.596,3,3,0,Sharma,0.961,Hyderabad,General,GREEN
5.4,0.758,77.0,7.9,0.771,4,4,0,Gupta,0.58,Bengaluru Urban,General,GREEN
1.1,0.621,67.5,5.2,0.502,6,4,0,Menon,0.754,Hyderabad,OBC,GREEN
9.5,0.677,85.4,9.4,0.819,5,4,0,Sharma,0.813,Bengaluru Urban,General,GREEN
5.0,0.237,38.7,3.8,0.269,4,4,0,Menon,0.771,Bengaluru Urban,General,YELLOW
0.2,0.654,61.9,7.7,0.714,5,2,0,Verma,0.964,Bastar,General,GREEN
7.1,0.527,69.8,6.6,0.647,7,3,0,Banerjee,0.591,Pune,OBC,GREEN
4.5,0.769,95.0,10.0,0.859,5,3,20,Kumar,0.8,Kalahandi,General,YELLOW
6.4,0.552,58.5,4.5,0.503,7,4,7,Munda,0.62,Kalahandi,OBC,YELLOW
3.7,0.768,72.8,5.9,0.642,6,2,0,Meena,0.891,Bengaluru Urban,General,GREEN
9.1,0.735,81.0,4.5,0.662,7,2,0,Yadav,0.274,Bengaluru Urban,SC,GREEN
1.7,0.714,88.3,8.2,0.853,3,4,0,Iyer,0.525,Mewat,OBC,GREEN
7.4,0.919,85.0,8.5,0.824,6,1,0,Sharma,0.935,Hyderabad,SC,GREEN
4.6,0.695,56.0,9.1,0.747,11,3,0,Yadav,0.658,Bengaluru Urban,General,GREEN
0.4,0.775,84.0,8.2,0.785,4,3,0,Khan,0.934,Gaya,ST,GREEN
0.3,0.715,85.1,10.0,0.816,3,4,0,Yadav,0.806,Gaya,OBC,GREEN
2.6,0.759,90.2,10.0,0.882,3,4,20,Gupta,0.692,Pune,OBC,GREEN
1.5,0.818,95.0,8.9,0.834,3,3,3,Khan,0.967,Mewat,ST,GREEN
0.2,0.908,87.4,7.5,0.816,9,3,0,Paswan,0.626,Hyderabad,General,GREEN
0.9,0.324,38.0,5.6,0.361,6,4,23,Das,0.777,Pune,OBC,RED
3.0,0.662,63.7,5.5,0.715,5,3,0,Meena,0.561,Pune,OBC,GREEN
1.4,0.495,55.3,4.0,0.484,4,4,0,Paswan,0.845,Hyderabad,General,GREEN
17.6,0.801,86.2,7.9,0.783,9,3,0,Verma,0.897,Mumbai Suburban,SC,GREEN
1.8,0.94,91.3,9.3,0.938,6,4,0,Ansari,0.794,Mumbai Suburban,SC,GREEN
8.8,0.657,82.0,7.9,0.75,9,4,0,Verma,0.713,Pune,OBC,GREEN
11.8,0.474,55.1,5.7,0.521,3,3,0,Paswan,0.721,Bengaluru Urban,OBC,GREEN
2.1,0.635,66.2,4.6,0.616,3,3,8,Kumar,0.407,Bengaluru Urban,OBC,GREEN
1.9,0.653,76.5,6.6,0.731,4,4,0,Sharma,0.518,Bengaluru Urban,SC,GREEN
2.1,0.838,74.6,6.3,0.711,9,2,0,Meena,0.905,Mewat,General,GREEN
3.0,0.451,46.2,4.1,0.412,4,4,0,Kumar,0.315,Mewat,SC,RED
2.4,0.873,95.0,6.4,0.807,6,4,1,Menon,0.905,Mewat,SC,GREEN
0.9,0.841,94.1,8.6,0.766,8,3,2,Das,0.591,Mewat,OBC,GREEN
4.7,0.569,71.1,5.2,0.524,8,3,0,Das,0.601,Mumbai Suburban,ST,GREEN
2.4,0.685,64.0,7.7,0.767,4,2,0,Verma,0.666,Gaya,General,GREEN
18.0,0.526,47.9,4.6,0.571,11,3,0,Kumar,0.832,Pune,OBC,GREEN
7.5,0.691,70.9,6.1,0.658,7,3,0,Verma,0.948,Bengaluru Urban,SC,GREEN
2.5,0.445,44.8,5.5,0.51,7,3,0,Paswan,0.671,Kalahandi,General,YELLOW
5.8,0.726,91.1,7.2,0.801,11,2,11,Yadav,0.319,Bastar,SC,GREEN
5.6,0.386,41.3,2.1,0.49,6,3,36,Patil,0.368,Gaya,OBC,RED
8.3,0.563,66.3,7.8,0.725,5,4,8,Gupta,0.646,Gaya,General,GREEN
0.3,0.821,74.8,10.0,0.85,3,3,0,Gupta,0.794,Mumbai Suburban,OBC,GREEN
0.8,0.205,28.9,1.8,0.177,10,4,0,Patil,0.512,Hyderabad,General,YELLOW
1.4,0.608,65.4,4.7,0.497,3,4,5,Yadav,0.756,Pune,General,GREEN
3.5,0.348,33.5,4.1,0.375,5,4,2,Munda,0.899,Bastar,General,RED
1.4,0.676,76.1,4.7,0.598,6,1,0,Sharma,0.854,Hyderabad,General,GREEN
2.1,0.795,77.6,8.1,0.723,7,3,0,Gupta,0.823,Bengaluru Urban,OBC,GREEN
8.1,0.894,100.0,8.2,0.872,3,2,0,Singh,0.69,Mumbai Suburban,General,GREEN
5.8,0.796,77.0,9.5,0.785,6,3,3,Munda,0.869,Pune,OBC,GREEN
2.5,0.622,80.8,4.1,0.698,5,4,0,Singh,0.749,Pune,General,GREEN
6.9,0.668,58.9,5.1,0.633,4,1,10,Verma,0.803,Hyderabad,OBC,GREEN
5.4,0.724,80.4,8.3,0.786,3,3,0,Sharma,0.761,Bengaluru Urban,OBC,GREEN
10.2,0.855,91.6,9.4,0.978,4,2,0,Gupta,0.936,Pune,OBC,GREEN
6.1,0.552,56.6,2.8,0.47,9,3,0,Munda,0.661,Bengaluru Urban,OBC,GREEN
3.0,0.571,72.8,9.3,0.7,7,4,9,Gupta,0.717,Bengaluru Urban,General,GREEN
4.0,0.419,43.3,6.0,0.56,8,3,0,Verma,0.813,Mumbai Suburban,General,GREEN
4.8,0.627,67.2,5.8,0.653,4,4,0,Banerjee,0.942,Mewat,ST,GREEN
2.4,0.837,91.2,9.0,0.831,6,3,0,Das,0.867,Bengaluru Urban,General,GREEN
4.2,0.626,84.8,2.3,0.558,5,4,0,Banerjee,0.344,Mewat,OBC,RED
3.7,0.444,43.6,6.8,0.476,8,4,16,Munda,0.79,Hyderabad,OBC,YELLOW
6.0,0.525,49.5,4.0,0.404,6,2,0,Meena,0.606,Kalahandi,General,GREEN
16.2,0.441,39.9,2.9,0.423,8,4,0,Verma,0.234,Bastar,OBC,RED
4.4,0.302,36.5,1.9,0.381,5,3,0,Deshmukh,0.249,Bengaluru Urban,OBC,RED
11.5,0.181,21.7,4.1,0.199,11,4,0,Munda,0.665,Pune,ST,YELLOW
5.9,0.666,58.1,7.4,0.69,3,2,0,Yadav,0.526,Mewat,General,GREEN
4.1,0.364,31.2,2.1,0.263,10,4,0,Paswan,0.479,Kalahandi,SC,RED
2.2,0.502,57.4,4.6,0.488,4,3,0,Das,0.722,Kalahandi,OBC,YELLOW
4.2,0.744,70.6,8.3,0.73,7,3,2,Gupta,0.787,Bastar,SC,GREEN
3.9,0.533,58.1,5.7,0.518,3,3,0,Sharma,0.802,Mumbai Suburban,General,GREEN
1.7,0.704,67.3,6.7,0.685,3,1,0,Ansari,0.97,Kalahandi,OBC,GREEN
2.0,0.294,22.2,3.5,0.247,3,4,0,Ansari,0.704,Mewat,OBC,RED
4.9,0.894,100.0,9.0,0.945,9,3,1,Munda,0.555,Bengaluru Urban,General,GREEN
11.4,0.677,71.1,5.7,0.65,8,4,8,Das,0.573,Pune,General,GREEN
3.3,0.466,56.5,5.1,0.502,8,4,0,Ansari,0.529,Bengaluru Urban,OBC,GREEN
0.6,0.563,60.3,6.1,0.547,5,3,0,Meena,0.956,Mewat,OBC,YELLOW
1.1,0.741,77.8,8.1,0.747,6,3,4,Banerjee,0.586,Bengaluru Urban,General,GREEN
6.3,0.55,49.1,4.5,0.535,7,3,2,Verma,0.634,Hyderabad,OBC,GREEN
0.8,0.422,42.2,3.5,0.423,8,4,0,Deshmukh,0.871,Kalahandi,General,YELLOW
7.2,0.704,73.1,10.0,0.763,3,4,11,Paswan,0.62,Mumbai Suburban,General,GREEN
6.1,0.834,87.3,7.7,0.831,10,3,0,Meena,0.881,Pune,SC,GREEN
3.2,0.435,56.4,5.6,0.557,5,3,0,Iyer,0.713,Bengaluru Urban,General,GREEN
1.7,0.397,39.5,3.3,0.291,9,3,0,Menon,0.793,Kalahandi,General,RED
2.8,0.422,59.7,1.9,0.43,12,4,0,Verma,0.588,Mumbai Suburban,OBC,GREEN
4.8,0.813,89.3,8.5,0.819,3,4,0,Sharma,0.505,Pune,General,GREEN
0.8,0.584,66.2,5.8,0.637,9,3,0,Meena,0.308,Gaya,OBC,RED
10.6,0.848,92.0,8.5,0.835,7,4,0,Yadav,0.835,Mewat,General,GREEN
4.7,0.557,74.8,3.1,0.448,5,4,0,Khan,0.914,Mumbai Suburban,OBC,GREEN
5.2,0.625,54.5,3.4,0.422,7,3,0,Iyer,0.6,Bengaluru Urban,OBC,GREEN
6.0,0.442,39.0,6.7,0.503,5,3,0,Paswan,0.842,Gaya,ST,YELLOW
9.8,0.612,69.4,7.4,0.695,8,4,9,Iyer,0.525,Kalahandi,OBC,GREEN
4.2,0.745,82.5,8.9,0.775,6,4,0,Kumar,0.807,Gaya,ST,GREEN
6.3,0.394,46.1,4.8,0.477,3,3,0,Ansari,0.743,Pune,SC,GREEN
1.7,0.822,87.1,7.0,0.715,8,3,0,Gupta,0.663,Mumbai Suburban,ST,GREEN
13.2,0.382,61.5,4.7,0.486,5,3,10,Khan,0.959,Pune,SC,GREEN
3.9,0.632,64.8,4.3,0.509,8,3,0,Meena,0.937,Bengaluru Urban,ST,GREEN
1.7,0.914,87.5,10.0,0.897,8,4,0,Gupta,0.926,Bastar,SC,GREEN
2.2,0.176,30.8,3.0,0.264,4,2,17,Das,0.964,Bengaluru Urban,General,YELLOW
0.3,0.499,86.9,7.4,0.66,4,4,8,Singh,0.549,Bengaluru Urban,ST,GREEN
2.2,0.603,60.1,8.5,0.665,3,3,0,Yadav,0.595,Bastar,OBC,GREEN
0.1,0.582,54.8,6.1,0.63,4,2,7,Khan,0.775,Bastar,OBC,GREEN
6.7,0.708,78.1,7.3,0.711,5,3,29,Munda,0.913,Pune,OBC,GREEN
5.1,0.611,57.5,6.0,0.637,4,2,0,Yadav,0.842,Bengaluru Urban,General,GREEN
1.2,0.469,65.1,7.1,0.554,5,4,2,Banerjee,0.86,Mumbai Suburban,General,GREEN
3.3,0.895,90.8,5.6,0.814,10,3,0,Kumar,0.468,Mumbai Suburban,OBC,GREEN
3.5,0.692,77.2,5.9,0.757,8,4,3,Yadav,0.418,Mumbai Suburban,SC,GREEN
0.9,0.081,20.2,3.3,0.081,5,3,12,Munda,0.702,Bengaluru Urban,General,RED
2.8,0.67,58.9,7.7,0.636,3,4,0,Deshmukh,0.88,Bengaluru Urban,SC,GREEN
3.6,0.695,79.2,9.9,0.855,4,3,11,Verma,0.726,Bengaluru Urban,General,GREEN
2.8,0.743,57.6,5.9,0.626,6,2,7,Gupta,0.675,Mumbai Suburban,OBC,GREEN
1.7,0.708,77.6,7.7,0.77,9,4,5,Paswan,0.422,Mumbai Suburban,General,GREEN
1.2,0.357,53.6,3.9,0.397,3,4,36,Ansari,0.768,Pune,OBC,YELLOW
2.7,0.762,67.7,4.5,0.634,7,2,0,Verma,0.798,Hyderabad,SC,GREEN
2.0,0.594,54.0,6.0,0.57,10,4,0,Yadav,0.702,Mewat,OBC,YELLOW
5.7,0.26,25.6,1.1,0.267,8,3,9,Banerjee,0.485,Bengaluru Urban,SC,YELLOW
10.3,0.377,18.5,2.8,0.293,7,2,14,Ansari,0.483,Gaya,SC,RED
7.4,0.789,68.9,6.1,0.713,5,4,0,Khan,0.645,Bengaluru Urban,SC,GREEN
3.7,0.532,59.7,5.6,0.542,4,4,6,Sharma,0.735,Gaya,OBC,YELLOW
1.8,0.415,43.3,3.8,0.385,6,3,3,Gupta,0.721,Pune,OBC,GREEN
7.3,0.776,82.7,10.0,0.846,4,2,19,Deshmukh,0.609,Bastar,General,GREEN
6.0,0.702,90.6,7.8,0.816,7,3,0,Meena,0.725,Mewat,OBC,GREEN
9.7,0.606,65.6,6.4,0.613,3,2,0,Yadav,0.935,Gaya,ST,GREEN
4.2,0.279,36.3,3.2,0.335,3,2,7,Banerjee,0.927,Bastar,OBC,YELLOW
12.7,0.617,56.8,8.5,0.782,7,3,0,Singh,0.744,Kalahandi,OBC,GREEN
4.2,0.669,87.5,7.9,0.822,6,4,0,Gupta,0.928,Pune,OBC,GREEN
1.8,0.652,82.5,9.3,0.786,3,4,1,Menon,0.743,Pune,General,GREEN
2.2,0.873,96.2,10.0,1.0,5,2,0,Kumar,0.812,Pune,ST,GREEN
5.5,0.859,85.8,8.5,0.835,5,4,0,Patil,0.889,Gaya,OBC,GREEN
2.0,0.851,70.8,9.6,0.738,7,1,0,Deshmukh,0.933,Kalahandi,General,GREEN
12.6,0.785,100.0,10.0,0.878,12,4,13,Verma,0.608,Pune,OBC,GREEN
5.1,0.546,63.3,7.4,0.546,3,4,0,Deshmukh,0.912,Bastar,SC,YELLOW
3.6,0.529,50.9,6.4,0.542,9,4,0,Yadav,0.758,Gaya,ST,YELLOW
3.9,0.704,72.6,5.5,0.661,7,3,0,Paswan,0.684,Pune,General,GREEN
2.7,0.566,49.4,6.1,0.64,6,4,5,Ansari,0.984,Pune,OBC,GREEN
0.4,0.544,62.0,6.1,0.608,7,4,0,Meena,0.703,Bastar,OBC,YELLOW
2.2,0.823,89.1,8.8,0.854,5,3,0,Meena,0.768,Bengaluru Urban,OBC,GREEN
11.5,0.872,94.2,10.0,0.979,9,1,33,Patil,0.823,Gaya,General,GREEN
4.3,0.651,79.4,6.0,0.571,10,3,0,Iyer,0.697,Bengaluru Urban,OBC,GREEN
8.1,0.64,79.2,7.4,0.736,8,2,19,Gupta,0.66,Mumbai Suburban,General,GREEN
8.3,0.866,82.9,9.1,0.907,5,3,0,Sharma,0.956,Mumbai Suburban,General,GREEN
3.4,0.346,47.8,5.8,0.394,4,4,20,Kumar,0.581,Mumbai Suburban,General,RED
6.1,0.613,65.4,9.3,0.79,3,4,0,Verma,0.711,Kalahandi,OBC,GREEN
0.5,0.563,61.2,7.1,0.645,5,3,0,Munda,0.687,Mewat,OBC,GREEN
10.8,0.429,32.0,5.6,0.416,3,3,0,Iyer,0.662,Bengaluru Urban,SC,GREEN
10.1,0.487,51.6,4.6,0.519,9,4,26,Munda,0.867,Bengaluru Urban,OBC,YELLOW
5.4,0.593,65.9,3.6,0.651,7,2,0,Ansari,0.652,Pune,ST,GREEN
4.4,0.766,88.0,8.5,0.841,5,4,0,Singh,0.857,Bengaluru Urban,OBC,GREEN
3.4,0.544,78.5,6.0,0.655,6,2,36,Yadav,0.826,Pune,OBC,GREEN
8.8,0.763,65.8,8.8,0.744,7,3,5,Verma,0.931,Mumbai Suburban,ST,GREEN
6.6,0.824,96.4,7.8,0.814,7,4,0,Gupta,0.861,Hyderabad,General,GREEN
2.5,0.575,66.2,8.4,0.734,5,3,0,Khan,0.898,Bengaluru Urban,OBC,GREEN
1.0,0.327,35.2,1.3,0.227,4,3,8,Das,0.317,Pune,General,RED
0.8,0.685,50.8,7.1,0.638,4,3,0,Singh,0.73,Gaya,OBC,GREEN
8.8,0.704,84.9,7.0,0.727,6,4,0,Gupta,0.737,Pune,SC,GREEN
3.4,0.402,33.4,6.5,0.486,3,2,14,Kumar,0.648,Kalahandi,SC,YELLOW
5.3,0.599,51.7,6.1,0.592,11,3,0,Banerjee,0.85,Bengaluru Urban,General,GREEN
3.8,0.596,69.1,5.6,0.668,4,4,0,Verma,0.787,Pune,OBC,GREEN
0.8,0.737,81.6,8.3,0.769,6,2,27,Meena,0.724,Bengaluru Urban,OBC,GREEN
0.5,0.685,82.3,6.5,0.706,3,2,7,Verma,0.915,Bengaluru Urban,SC,GREEN
2.3,0.479,57.2,5.3,0.478,4,3,0,Singh,0.781,Hyderabad,SC,GREEN
2.5,0.489,90.4,6.0,0.642,3,3,18,Singh,0.789,Gaya,OBC,RED
2.5,0.774,79.7,10.0,0.876,12,2,0,Banerjee,0.771,Mewat,OBC,GREEN
2.6,0.544,66.0,3.7,0.563,6,3,0,Khan,0.496,Pune,General,GREEN
15.5,0.83,74.2,8.7,0.768,5,3,3,Iyer,0.769,Gaya,General,GREEN
8.0,0.798,100.0,8.8,0.936,3,4,0,Iyer,0.503,Bengaluru Urban,SC,GREEN
4.3,0.851,85.1,9.4,0.948,6,3,0,Banerjee,0.738,Mumbai Suburban,SC,GREEN
3.3,0.793,75.2,8.5,0.819,12,4,0,Sharma,0.493,Pune,General,GREEN
3.4,0.776,75.5,10.0,0.938,4,4,0,Khan,0.593,Gaya,OBC,GREEN
6.5,0.745,83.9,6.8,0.716,4,3,0,Sharma,0.523,Mumbai Suburban,OBC,GREEN
3.2,0.397,35.1,5.1,0.357,4,3,0,Kumar,0.879,Mewat,SC,RED
7.4,0.919,83.1,9.4,0.808,6,4,0,Khan,0.738,Bastar,General,GREEN
4.7,0.279,24.0,3.8,0.374,9,4,4,Patil,0.644,Pune,OBC,GREEN
15.6,0.468,53.9,6.8,0.595,10,4,0,Ansari,0.891,Hyderabad,OBC,GREEN
3.1,0.751,85.7,10.0,0.867,10,3,0,Kumar,0.787,Hyderabad,SC,GREEN
8.5,0.668,81.3,9.3,0.818,9,3,36,Kumar,0.684,Bastar,General,YELLOW
1.1,0.526,45.0,7.0,0.502,4,4,25,Meena,0.815,Gaya,OBC,RED
1.8,0.529,44.6,5.8,0.641,5,4,0,Patil,0.457,Gaya,SC,GREEN
14.1,0.467,61.0,3.9,0.495,5,4,0,Singh,0.583,Pune,SC,GREEN
7.1,0.728,73.5,6.7,0.716,3,4,0,Verma,0.666,Pune,ST,GREEN
5.4,0.842,91.3,9.2,0.928,7,3,0,Paswan,0.682,Hyderabad,General,GREEN
3.3,0.605,91.7,8.3,0.808,6,3,0,Banerjee,0.541,Bengaluru Urban,OBC,GREEN
8.4,0.594,31.8,4.0,0.449,5,2,0,Das,0.236,Bastar,General,YELLOW
8.9,0.801,78.8,8.2,0.763,4,3,0,Banerjee,0.657,Kalahandi,OBC,GREEN
11.9,0.727,84.8,4.8,0.709,7,3,0,Verma,0.76,Pune,OBC,GREEN
0.9,0.683,58.4,10.0,0.85,3,1,0,Khan,0.789,Pune,General,GREEN
3.3,0.837,77.3,8.0,0.871,3,2,0,Das,0.5,Bastar,General,GREEN
4.7,0.772,78.2,4.9,0.761,5,3,7,Munda,0.788,Pune,SC,GREEN
11.8,0.757,86.4,8.3,0.791,6,4,0,Kumar,0.53,Bengaluru Urban,OBC,GREEN
5.2,0.777,76.0,9.0,0.763,3,3,0,Khan,0.943,Bengaluru Urban,OBC,GREEN
8.9,0.44,39.7,4.6,0.426,7,3,0,Singh,0.844,Bastar,OBC,YELLOW
0.8,0.661,80.0,5.7,0.68,8,3,0,Verma,0.603,Pune,OBC,GREEN
2.6,0.436,57.1,7.0,0.624,7,3,9,Singh,0.636,Gaya,OBC,GREEN
10.1,0.92,95.0,10.0,0.872,5,4,0,Kumar,0.806,Gaya,SC,GREEN
3.0,0.636,81.2,7.7,0.816,7,3,0,Sharma,0.618,Mewat,General,GREEN
3.6,0.806,86.3,7.4,0.795,5,3,4,Gupta,0.796,Hyderabad,General,GREEN
11.6,0.865,100.0,8.2,0.874,9,4,0,Meena,0.558,Bengaluru Urban,ST,GREEN
1.4,0.657,72.6,6.5,0.627,3,3,0,Banerjee,0.881,Mumbai Suburban,OBC,GREEN
1.8,0.341,47.3,1.8,0.249,6,4,0,Gupta,0.479,Mewat,SC,RED
0.7,0.76,80.7,9.0,0.863,3,3,0,Sharma,0.867,Mumbai Suburban,General,GREEN
12.0,0.736,87.0,7.3,0.782,9,3,0,Gupta,0.914,Pune,OBC,GREEN
7.9,0.473,43.1,3.3,0.347,10,2,0,Banerjee,0.759,Pune,OBC,GREEN
7.7,0.773,90.7,8.9,0.792,10,4,0,Das,0.882,Kalahandi,General,GREEN
2.5,0.853,95.0,10.0,0.918,8,3,0,Deshmukh,0.912,Gaya,SC,GREEN
0.7,0.573,60.1,5.0,0.641,6,4,0,Khan,0.842,Bengaluru Urban,OBC,GREEN
0.4,0.195,26.1,1.4,0.186,4,4,0,Ansari,0.623,Pune,SC,YELLOW
10.2,0.701,65.6,7.3,0.621,11,3,0,Kumar,0.987,Pune,General,GREEN
5.7,0.5,64.3,6.6,0.589,4,4,0,Yadav,0.776,Bengaluru Urban,OBC,GREEN
6.6,0.182,31.6,3.2,0.259,7,3,0,Banerjee,0.841,Pune,General,YELLOW
4.5,0.351,27.7,2.3,0.151,6,4,0,Meena,0.468,Pune,General,YELLOW
1.6,0.487,70.4,4.7,0.551,5,4,0,Deshmukh,0.833,Kalahandi,ST,YELLOW
2.7,0.486,60.5,9.3,0.662,10,3,11,Munda,0.749,Mewat,OBC,GREEN
1.2,0.701,72.8,9.2,0.818,4,4,0,Khan,0.869,Mumbai Suburban,SC,GREEN
1.0,0.686,93.6,10.0,0.966,10,3,14,Iyer,0.896,Hyderabad,General,GREEN
7.4,0.773,72.1,9.3,0.864,6,4,0,Khan,0.555,Mewat,OBC,GREEN
0.5,0.551,81.1,6.7,0.664,6,4,19,Kumar,0.75,Pune,General,GREEN
1.2,0.417,35.0,5.3,0.377,8,3,0,Meena,0.774,Mumbai Suburban,General,GREEN
2.8,0.762,79.0,10.0,0.979,6,3,0,Verma,0.766,Bengaluru Urban,General,GREEN
3.9,0.466,50.7,4.4,0.474,3,4,0,Verma,0.442,Hyderabad,OBC,GREEN
0.7,0.633,57.9,4.3,0.548,9,4,0,Khan,0.741,Bastar,OBC,YELLOW
5.1,0.89,81.7,10.0,0.901,8,2,0,Khan,0.936,Pune,SC,GREEN
4.3,0.883,83.5,10.0,0.916,3,3,0,Das,0.958,Gaya,OBC,GREEN
10.0,0.923,87.0,10.0,0.924,3,2,0,Ansari,0.948,Pune,OBC,GREEN
3.9,0.432,38.5,2.8,0.337,4,3,0,Ansari,0.675,Gaya,OBC,RED
5.6,0.536,73.0,6.4,0.608,4,3,0,Yadav,0.59,Bengaluru Urban,General,GREEN
1.7,0.953,99.6,8.5,0.931,6,2,0,Verma,0.491,Bengaluru Urban,SC,GREEN
1.8,0.637,62.8,6.9,0.624,3,3,0,Ansari,0.928,Gaya,OBC,GREEN
0.8,0.804,88.1,9.1,0.829,3,4,3,Ansari,0.664,Kalahandi,OBC,GREEN
1.7,0.267,30.7,2.5,0.28,5,3,0,Verma,0.378,Mumbai Suburban,OBC,RED
2.6,0.817,78.7,7.4,0.769,5,3,0,Munda,0.717,Bengaluru Urban,OBC,GREEN
9.3,0.526,41.6,6.5,0.606,3,3,0,Ansari,0.875,Bengaluru Urban,OBC,GREEN
1.4,0.747,89.6,6.5,0.632,3,3,0,Patil,0.809,Mumbai Suburban,OBC,GREEN
16.1,0.696,52.4,7.3,0.705,4,4,3,Munda,0.606,Hyderabad,General,GREEN
6.0,0.616,46.5,5.8,0.616,7,3,0,Das,0.541,Bastar,OBC,YELLOW
5.0,0.71,76.1,8.9,0.683,5,4,0,Munda,0.76,Kalahandi,SC,GREEN
3.6,0.618,61.6,7.7,0.651,3,4,3,Banerjee,0.733,Kalahandi,General,GREEN
3.0,0.605,75.1,7.4,0.68,5,3,0,Das,0.83,Kalahandi,OBC,GREEN
2.0,0.506,44.1,5.5,0.429,3,2,2,Singh,0.829,Mumbai Suburban,General,GREEN
0.7,0.443,57.0,5.6,0.485,3,4,0,Singh,0.779,Hyderabad,General,GREEN
1.5,0.615,59.7,9.7,0.672,5,4,0,Kumar,0.712,Bastar,General,GREEN
12.0,0.548,65.3,8.0,0.755,8,4,3,Gupta,0.791,Pune,ST,GREEN
5.7,0.662,72.9,5.7,0.7,7,4,1,Ansari,0.699,Bengaluru Urban,General,GREEN
11.9,0.592,69.2,5.6,0.678,9,3,0,Patil,0.538,Pune,General,GREEN
1.9,0.854,92.5,7.2,0.869,3,3,0,Munda,0.34,Bengaluru Urban,OBC,GREEN
1.1,0.461,54.0,4.7,0.434,3,4,0,Paswan,0.92,Bengaluru Urban,General,GREEN
3.6,0.577,51.8,5.0,0.505,9,3,0,Menon,0.614,Bengaluru Urban,OBC,GREEN
1.6,0.764,77.1,9.0,0.836,3,4,0,Meena,0.685,Gaya,OBC,GREEN
4.3,0.537,59.7,5.8,0.51,7,3,0,Yadav,0.818,Bastar,General,YELLOW
0.5,0.821,86.6,9.0,0.898,6,4,0,Iyer,0.537,Hyderabad,ST,GREEN
0.2,0.572,56.2,3.7,0.489,6,4,0,Munda,0.719,Kalahandi,OBC,YELLOW
4.9,0.66,60.2,5.5,0.585,7,3,35,Ansari,0.726,Pune,OBC,YELLOW
12.2,0.724,92.8,6.9,0.816,10,3,0,Gupta,0.534,Mumbai Suburban,OBC,GREEN
5.0,0.768,68.1,7.6,0.759,8,3,0,Singh,0.422,Pune,General,GREEN
5.6,0.824,84.2,9.8,0.864,3,2,16,Paswan,0.825,Bengaluru Urban,OBC,GREEN
3.8,0.279,15.0,4.3,0.344,4,2,0,Banerjee,0.579,Bastar,OBC,YELLOW
4.1,0.716,79.6,6.6,0.67,5,3,0,Meena,0.523,Pune,General,GREEN
0.6,0.824,80.9,9.3,0.885,5,2,0,Singh,0.674,Mewat,General,GREEN
1.6,0.789,93.5,10.0,0.938,6,3,11,Singh,0.712,Bastar,SC,GREEN
9.2,0.239,30.9,4.3,0.311,6,3,5,Banerjee,0.636,Bastar,OBC,RED
2.6,0.471,64.3,3.3,0.498,5,4,0,Patil,0.921,Bastar,ST,YELLOW
9.1,0.662,68.1,8.8,0.678,10,4,5,Das,0.838,Bengaluru Urban,General,GREEN
4.0,0.751,66.8,8.5,0.803,3,4,0,Khan,0.752,Mewat,General,GREEN
4.2,0.795,82.1,9.1,0.833,9,3,0,Kumar,0.79,Pune,SC,GREEN
2.6,0.344,31.4,8.0,0.46,6,2,10,Deshmukh,0.922,Mumbai Suburban,ST,GREEN
6.3,0.876,89.2,9.6,0.962,5,3,0,Munda,0.742,Bengaluru Urban,General,GREEN
7.6,0.501,37.6,5.3,0.434,3,2,7,Patil,0.4,Gaya,General,GREEN
1.5,0.351,34.8,5.0,0.329,8,4,12,Iyer,0.835,Bastar,ST,RED
0.7,0.942,77.3,9.1,0.797,8,2,0,Banerjee,0.831,Pune,ST,GREEN
0.3,0.798,99.9,9.3,0.939,6,2,10,Ansari,0.671,Mumbai Suburban,SC,GREEN
5.4,0.688,75.0,5.2,0.589,7,4,0,Iyer,0.427,Hyderabad,OBC,GREEN
4.9,0.541,77.9,4.6,0.681,5,4,1,Khan,0.423,Bengaluru Urban,SC,GREEN
19.4,0.394,45.6,3.5,0.296,7,2,0,Paswan,0.95,Mewat,SC,YELLOW
3.8,0.774,94.5,5.1,0.828,5,3,0,Meena,0.668,Mumbai Suburban,OBC,GREEN
3.2,0.741,77.7,7.2,0.757,11,3,6,Yadav,0.816,Mumbai Suburban,OBC,GREEN
4.4,0.687,78.6,8.8,0.779,5,3,0,Banerjee,0.712,Mumbai Suburban,ST,GREEN
4.6,0.832,69.2,9.1,0.784,9,2,0,Yadav,0.836,Kalahandi,OBC,GREEN
3.0,0.549,54.6,5.6,0.572,4,4,0,Meena,0.58,Bengaluru Urban,General,GREEN
1.6,0.331,46.2,4.8,0.422,5,3,9,Sharma,0.741,Pune,SC,GREEN
3.6,0.919,74.5,8.5,0.893,5,3,0,Ansari,0.669,Kalahandi,ST,GREEN
3.5,0.472,50.1,5.0,0.497,7,4,12,Iyer,0.802,Kalahandi,OBC,YELLOW
3.4,0.662,82.1,6.4,0.715,8,3,14,Verma,0.494,Bastar,OBC,YELLOW
6.9,0.779,73.0,7.5,0.735,10,1,0,Gupta,0.68,Pune,OBC,GREEN
3.5,0.613,61.9,6.3,0.618,7,4,12,Yadav,0.729,Bastar,OBC,GREEN
0.7,0.777,78.8,8.2,0.81,5,3,0,Sharma,0.594,Mumbai Suburban,OBC,GREEN
1.9,0.585,71.0,4.7,0.503,9,3,3,Deshmukh,0.824,Bengaluru Urban,SC,GREEN
2.9,0.572,65.8,8.6,0.629,11,3,0,Kumar,0.789,Mumbai Suburban,SC,GREEN
3.7,0.44,36.7,5.7,0.496,7,2,0,Verma,0.618,Gaya,OBC,GREEN
5.5,0.565,56.7,2.9,0.483,3,4,1,Meena,0.561,Kalahandi,OBC,YELLOW
3.7,0.449,66.5,5.6,0.549,7,3,11,Yadav,0.399,Mumbai Suburban,OBC,YELLOW
0.2,0.63,76.0,6.2,0.671,8,3,0,Deshmukh,0.977,Kalahandi,General,GREEN
0.9,0.928,88.1,9.0,0.92,3,4,0,Verma,0.8,Bastar,OBC,GREEN
5.8,0.633,67.5,8.0,0.676,5,4,0,Munda,0.513,Pune,General,GREEN
2.9,0.321,52.6,4.3,0.387,3,4,8,Meena,0.887,Mewat,General,RED
4.0,0.443,49.5,3.8,0.449,3,2,0,Singh,0.894,Bengaluru Urban,ST,GREEN
2.5,0.314,17.3,1.6,0.167,6,4,0,Verma,0.728,Kalahandi,General,RED
1.9,0.583,49.4,7.7,0.636,6,4,0,Deshmukh,0.934,Bastar,ST,GREEN
2.6,0.454,44.8,5.9,0.412,4,4,10,Gupta,0.449,Mewat,OBC,YELLOW
4.0,0.893,85.2,9.7,0.956,8,4,0,Iyer,0.604,Kalahandi,General,GREEN
3.5,0.507,59.4,2.3,0.467,3,3,0,Gupta,0.463,Pune,General,GREEN
7.6,0.778,95.0,8.7,0.879,8,4,0,Sharma,0.519,Kalahandi,General,GREEN
0.6,0.652,69.4,8.0,0.764,4,3,0,Sharma,0.649,Bengaluru Urban,OBC,GREEN
0.7,0.769,88.5,8.2,0.908,5,3,0,Patil,0.697,Bengaluru Urban,OBC,GREEN
2.8,0.854,100.0,10.0,1.0,7,4,0,Paswan,0.911,Pune,OBC,GREEN
5.6,0.316,46.5,2.4,0.248,5,3,0,Iyer,0.397,Bastar,OBC,RED
6.6,0.078,24.1,1.7,0.099,6,3,0,Iyer,0.897,Bengaluru Urban,SC,RED
1.9,0.851,77.6,10.0,0.844,5,3,0,Munda,0.903,Gaya,General,GREEN
0.0,0.739,59.4,7.2,0.686,6,3,0,Kumar,0.617,Gaya,OBC,GREEN
2.0,0.23,29.7,1.2,0.242,4,3,9,Meena,0.968,Bengaluru Urban,SC,YELLOW
4.9,0.828,84.4,8.0,0.788,6,2,0,Menon,0.833,Pune,OBC,GREEN
3.5,0.259,23.5,2.2,0.247,8,3,0,Singh,0.73,Pune,SC,YELLOW
5.7,0.721,55.9,5.1,0.559,7,2,0,Patil,0.579,Pune,OBC,GREEN
9.0,0.691,61.9,8.3,0.683,10,4,0,Das,0.933,Bengaluru Urban,General,GREEN
3.0,0.729,100.0,7.8,0.766,4,4,0,Banerjee,0.793,Mumbai Suburban,OBC,GREEN
2.3,0.84,81.8,6.2,0.713,9,4,2,Patil,0.608,Mewat,SC,GREEN
1.3,0.426,68.6,7.9,0.566,3,4,21,Banerjee,0.526,Bastar,ST,RED
0.7,0.727,70.3,6.7,0.651,3,3,0,Yadav,0.888,Bastar,General,GREEN
0.4,0.724,85.3,6.8,0.805,8,4,0,Iyer,0.697,Hyderabad,General,GREEN
1.7,0.816,75.2,9.6,0.795,5,2,3,Gupta,0.863,Gaya,General,GREEN
8.1,0.842,79.3,9.1,0.98,5,2,0,Ansari,0.685,Gaya,General,GREEN
6.2,0.649,80.6,8.9,0.806,6,1,14,Verma,0.961,Bengaluru Urban,OBC,GREEN
2.1,0.447,45.7,1.7,0.367,5,3,0,Patil,0.792,Pune,OBC,YELLOW
16.2,0.104,0.0,1.1,0.028,8,4,0,Yadav,0.726,Mewat,OBC,RED
1.9,0.764,68.4,8.3,0.794,12,4,0,Das,0.62,Bastar,General,GREEN
9.6,0.421,34.0,5.2,0.398,5,3,0,Deshmukh,0.365,Kalahandi,OBC,RED
11.4,0.814,82.3,6.9,0.782,8,2,0,Ansari,0.651,Pune,General,GREEN
5.2,0.527,33.8,4.8,0.576,6,1,0,Gupta,0.732,Bengaluru Urban,OBC,GREEN
1.7,0.631,71.1,7.0,0.676,7,4,1,Meena,0.607,Bengaluru Urban,OBC,GREEN
2.4,0.26,38.7,3.7,0.396,6,2,0,Menon,0.512,Mumbai Suburban,OBC,GREEN
4.1,0.29,23.9,0.2,0.148,7,4,0,Verma,0.317,Mewat,General,RED
0.7,0.987,87.2,10.0,0.951,7,2,6,Menon,0.776,Mewat,General,GREEN
1.2,0.629,77.6,5.4,0.737,9,2,0,Singh,0.941,Kalahandi,OBC,GREEN
1.1,0.608,75.5,6.6,0.643,6,2,5,Sharma,0.957,Hyderabad,SC,GREEN
5.5,0.636,72.9,5.1,0.716,9,3,0,Yadav,0.438,Hyderabad,SC,GREEN
8.9,0.434,36.0,5.3,0.477,7,3,0,Kumar,0.64,Kalahandi,SC,YELLOW
6.4,0.816,87.5,7.0,0.769,8,2,0,Yadav,0.439,Bengaluru Urban,General,GREEN
7.8,0.436,38.5,6.8,0.532,7,4,2,Gupta,0.654,Pune,OBC,GREEN
1.6,0.863,68.1,8.3,0.84,5,1,0,Das,0.562,Bastar,SC,GREEN
2.6,0.549,64.4,5.5,0.612,9,4,0,Deshmukh,0.888,Bengaluru Urban,ST,GREEN
2.7,0.552,55.4,7.6,0.543,5,3,0,Gupta,0.993,Bengaluru Urban,General,GREEN
5.2,0.349,22.7,6.4,0.369,8,2,28,Munda,0.635,Mumbai Suburban,General,GREEN
1.8,0.92,97.9,8.6,0.907,3,2,0,Singh,0.563,Hyderabad,General,GREEN
7.4,0.568,71.4,7.2,0.664,11,3,0,Iyer,0.643,Kalahandi,General,GREEN
11.2,0.405,47.1,3.3,0.433,8,3,0,Banerjee,0.816,Bastar,General,YELLOW
5.4,0.741,77.1,9.8,0.84,6,3,18,Verma,0.731,Bastar,OBC,YELLOW
2.4,0.478,31.4,6.7,0.421,8,3,4,Sharma,0.956,Mumbai Suburban,OBC,GREEN
1.4,0.754,81.9,7.6,0.797,5,3,0,Sharma,0.673,Pune,General,GREEN
1.1,0.626,56.1,8.4,0.706,5,3,0,Das,0.852,Gaya,OBC,GREEN
0.2,0.684,54.4,6.4,0.651,6,2,0,Verma,0.755,Gaya,ST,GREEN
2.8,0.667,47.3,7.2,0.674,6,4,0,Banerjee,0.692,Mewat,OBC,GREEN
2.7,0.687,92.5,8.0,0.846,6,3,0,Khan,0.898,Bengaluru Urban,SC,GREEN
7.1,0.4,24.0,2.6,0.323,3,2,0,Yadav,0.859,Gaya,General,YELLOW
1.9,0.473,24.1,2.7,0.324,8,2,0,Menon,0.935,Mewat,OBC,YELLOW
3.0,0.572,74.1,6.6,0.575,3,3,0,Khan,0.96,Mewat,SC,YELLOW
4.5,0.441,57.4,4.6,0.513,3,4,23,Ansari,0.682,Pune,SC,YELLOW
5.3,0.83,86.8,7.0,0.81,6,3,0,Meena,0.818,Pune,General,GREEN
6.5,0.805,91.6,10.0,0.921,5,2,15,Yadav,0.663,Pune,OBC,GREEN
4.1,0.911,90.4,10.0,0.874,6,1,0,Sharma,0.528,Bastar,OBC,GREEN
0.8,0.975,99.6,10.0,0.936,3,1,0,Singh,0.72,Pune,General,GREEN
5.0,0.376,27.6,2.5,0.353,6,3,0,Gupta,0.744,Bengaluru Urban,OBC,YELLOW
1.8,0.66,50.1,7.4,0.632,5,4,0,Menon,0.825,Kalahandi,OBC,GREEN
9.2,0.884,86.1,8.9,0.912,7,3,2,Kumar,0.666,Hyderabad,OBC,GREEN
3.6,0.32,26.9,2.4,0.278,5,4,5,Das,0.693,Mewat,General,RED
4.3,0.826,84.0,8.9,0.853,8,3,0,Menon,0.796,Mumbai Suburban,General,GREEN
20.5,0.946,96.9,9.4,0.999,14,2,4,Verma,0.647,Hyderabad,OBC,GREEN
6.6,0.8,90.2,8.9,0.838,6,4,11,Meena,0.851,Bengaluru Urban,OBC,GREEN
4.9,0.827,80.9,10.0,0.883,5,4,0,Sharma,0.669,Mumbai Suburban,OBC,GREEN
3.1,0.521,56.0,7.7,0.594,7,3,0,Yadav,0.62,Gaya,General,YELLOW
0.8,0.348,47.0,3.5,0.368,7,4,0,Singh,0.94,Hyderabad,OBC,GREEN
2.9,0.63,54.9,6.5,0.594,3,4,0,Das,0.715,Mewat,OBC,YELLOW
1.4,0.729,64.2,7.4,0.715,8,3,0,Meena,0.83,Pune,General,GREEN
12.2,0.524,59.2,6.5,0.565,3,3,0,Khan,0.619,Hyderabad,ST,GREEN
4.9,0.308,26.6,4.1,0.391,5,4,0,Khan,0.712,Mewat,OBC,RED
9.0,0.677,89.1,7.0,0.711,5,3,18,Munda,0.739,Bengaluru Urban,General,GREEN
1.9,0.52,42.2,5.5,0.488,5,3,0,Sharma,0.659,Bastar,SC,YELLOW
1.5,0.523,40.3,3.5,0.403,3,4,2,Gupta,0.722,Mewat,ST,YELLOW
6.0,0.859,84.6,6.7,0.864,8,4,0,Deshmukh,0.821,Mumbai Suburban,General,GREEN
1.3,0.754,80.6,5.8,0.723,3,2,0,Singh,0.689,Bengaluru Urban,General,GREEN
2.3,0.779,79.4,7.9,0.839,5,3,0,Paswan,0.833,Mumbai Suburban,OBC,GREEN
12.6,0.573,61.4,7.1,0.558,7,4,2,Das,0.59,Pune,General,GREEN
2.4,0.894,84.4,7.8,0.853,5,2,0,Menon,0.63,Bengaluru Urban,General,GREEN
0.6,0.316,41.7,3.0,0.389,5,2,1,Yadav,0.514,Hyderabad,OBC,GREEN
0.3,0.714,76.2,8.0,0.763,4,3,0,Ansari,0.728,Gaya,ST,GREEN
0.5,0.758,60.6,9.9,0.838,3,1,0,Verma,0.788,Bengaluru Urban,General,GREEN
9.4,0.629,84.9,7.7,0.723,6,4,13,Yadav,0.569,Pune,OBC,GREEN
2.0,0.879,98.8,7.9,0.956,3,4,0,Verma,0.272,Pune,OBC,GREEN
20.1,0.679,78.7,6.4,0.817,5,4,1,Meena,0.96,Bastar,OBC,GREEN
11.3,0.725,67.2,8.5,0.731,13,4,0,Munda,0.411,Bastar,SC,GREEN
14.9,0.779,73.6,9.4,0.796,11,4,0,Gupta,0.549,Hyderabad,OBC,GREEN
8.0,0.612,60.3,4.4,0.624,5,2,0,Iyer,0.761,Bengaluru Urban,OBC,GREEN
5.8,0.78,87.7,10.0,0.965,6,1,9,Verma,0.872,Hyderabad,OBC,GREEN
1.5,0.698,86.7,8.6,0.782,5,4,0,Ansari,0.637,Bengaluru Urban,General,GREEN
3.5,0.412,47.5,5.0,0.441,3,4,0,Verma,0.696,Kalahandi,General,YELLOW
6.3,0.826,84.1,9.8,0.868,8,3,0,Kumar,0.847,Gaya,General,GREEN
7.6,0.906,94.3,10.0,0.882,8,4,2,Banerjee,0.898,Pune,OBC,GREEN
1.0,0.796,79.8,6.8,0.712,6,2,0,Meena,0.845,Hyderabad,General,GREEN
2.9,0.539,55.0,5.3,0.489,7,3,4,Ansari,0.837,Pune,OBC,GREEN
3.2,0.745,81.2,7.9,0.744,4,3,3,Das,0.846,Gaya,OBC,GREEN
3.1,0.647,45.1,4.6,0.518,9,2,0,Ansari,0.892,Mewat,General,GREEN
1.1,0.611,69.2,8.5,0.729,4,4,23,Verma,0.943,Gaya,OBC,YELLOW
13.6,0.584,73.8,5.9,0.715,5,4,3,Ansari,0.752,Pune,ST,GREEN
2.8,0.248,18.4,2.4,0.174,5,3,2,Kumar,0.663,Bengaluru Urban,ST,YELLOW
1.2,0.672,91.7,6.3,0.789,5,3,0,Ansari,0.735,Mumbai Suburban,SC,GREEN
13.8,0.803,82.5,9.3,0.842,6,4,14,Yadav,0.762,Hyderabad,OBC,GREEN
11.3,0.436,43.6,5.1,0.458,13,4,0,Banerjee,0.859,Bengaluru Urban,SC,YELLOW
4.0,0.797,90.0,10.0,0.933,5,3,0,Patil,0.933,Bastar,General,GREEN
2.2,0.687,88.2,7.4,0.714,7,3,0,Das,0.365,Mumbai Suburban,SC,GREEN
0.5,0.804,89.0,6.8,0.81,5,4,0,Deshmukh,0.877,Bengaluru Urban,ST,GREEN
5.4,0.868,95.2,9.9,0.945,7,4,0,Patil,0.704,Hyderabad,SC,GREEN
2.0,0.542,85.0,8.6,0.775,3,3,17,Verma,0.77,Pune,General,GREEN
3.4,0.574,48.7,5.9,0.565,5,4,5,Verma,0.684,Pune,OBC,GREEN
13.0,0.661,53.8,6.9,0.752,8,3,0,Paswan,0.818,Mumbai Suburban,SC,GREEN
1.9,0.746,60.3,7.4,0.664,6,4,0,Menon,0.729,Pune,SC,GREEN
5.2,0.278,24.3,4.1,0.284,3,4,0,Banerjee,0.66,Mumbai Suburban,OBC,YELLOW
6.6,0.496,42.5,5.9,0.473,3,3,0,Verma,0.733,Mewat,ST,YELLOW
9.2,0.816,80.4,9.6,0.832,6,1,0,Sharma,0.551,Gaya,SC,GREEN
3.2,0.779,93.0,8.1,0.808,10,4,4,Banerjee,0.568,Mumbai Suburban,General,GREEN
2.9,0.589,73.0,8.3,0.776,3,3,0,Paswan,0.568,Hyderabad,ST,GREEN
2.8,0.484,57.2,5.7,0.613,5,2,0,Ansari,0.745,Mumbai Suburban,OBC,GREEN
4.8,0.674,70.8,9.8,0.759,6,4,16,Paswan,0.887,Bengaluru Urban,SC,GREEN
10.9,0.527,61.6,3.4,0.453,3,3,0,Kumar,0.497,Mumbai Suburban,General,GREEN
2.7,0.656,63.2,9.4,0.766,5,3,0,Ansari,0.739,Bengaluru Urban,ST,GREEN
0.1,0.896,95.0,8.6,0.874,8,3,0,Khan,0.82,Gaya,OBC,GREEN
7.2,0.894,89.8,7.2,0.869,4,3,5,Verma,0.493,Mewat,OBC,GREEN
3.7,0.625,71.4,5.7,0.646,4,2,0,Banerjee,0.845,Mumbai Suburban,OBC,GREEN
5.5,0.677,95.0,7.3,0.71,9,4,17,Khan,0.806,Mewat,SC,YELLOW
0.5,0.805,75.2,10.0,0.93,3,2,0,Paswan,0.866,Gaya,General,GREEN
2.1,0.433,32.3,5.6,0.528,4,4,0,Sharma,0.892,Gaya,General,YELLOW
6.8,0.518,40.5,4.9,0.44,3,4,2,Menon,0.337,Bengaluru Urban,OBC,YELLOW
0.8,0.468,37.8,1.8,0.323,3,1,1,Sharma,0.824,Mumbai Suburban,General,GREEN
5.2,0.687,79.4,9.3,0.818,4,4,0,Patil,0.805,Bastar,General,GREEN
3.4,0.564,61.2,4.6,0.562,3,4,0,Sharma,0.771,Kalahandi,General,YELLOW
1.6,0.803,82.6,8.0,0.843,5,2,0,Paswan,0.877,Mumbai Suburban,General,GREEN
1.5,0.436,52.4,3.8,0.547,4,4,0,Yadav,0.791,Hyderabad,General,GREEN
1.1,0.708,78.0,7.9,0.75,6,3,0,Ansari,0.845,Bastar,OBC,GREEN
3.7,0.569,41.3,8.0,0.554,4,2,0,Iyer,0.831,Bengaluru Urban,OBC,GREEN
4.1,0.288,43.7,1.9,0.236,6,3,0,Yadav,0.968,Pune,OBC,YELLOW
2.4,0.625,66.4,5.7,0.583,5,4,0,Munda,0.89,Bastar,General,YELLOW
1.0,0.25,23.6,4.0,0.294,3,4,8,Munda,0.884,Bengaluru Urban,OBC,YELLOW
5.1,0.824,90.7,10.0,1.0,6,3,0,Meena,0.739,Mumbai Suburban,SC,GREEN
7.3,0.891,81.0,7.3,0.784,9,3,0,Sharma,0.465,Bengaluru Urban,General,GREEN
5.9,0.822,87.3,7.6,0.83,6,4,3,Ansari,0.693,Bastar,General,GREEN
15.3,0.761,72.3,7.9,0.757,11,2,3,Ansari,0.788,Kalahandi,General,GREEN
2.9,0.472,42.1,5.2,0.53,3,3,0,Kumar,0.62,Pune,OBC,GREEN
10.1,0.883,97.4,7.8,1.0,5,3,0,Verma,0.813,Hyderabad,SC,GREEN
1.8,0.486,56.7,4.8,0.484,5,3,0,Khan,0.597,Mewat,SC,YELLOW
1.5,0.748,69.1,5.0,0.622,6,4,0,Khan,0.87,Mewat,OBC,GREEN
3.9,0.723,85.1,7.7,0.834,6,3,0,Khan,0.772,Hyderabad,OBC,GREEN
11.8,0.73,78.3,6.7,0.762,8,4,9,Meena,0.753,Bastar,OBC,GREEN
2.6,0.384,60.2,8.8,0.714,6,3,27,Gupta,0.624,Hyderabad,OBC,GREEN
0.5,0.557,59.7,5.4,0.594,4,4,0,Menon,0.417,Mumbai Suburban,OBC,GREEN
7.2,0.479,64.6,4.2,0.497,7,4,0,Patil,0.492,Bengaluru Urban,ST,GREEN
3.3,0.669,62.7,8.0,0.728,4,4,0,Ansari,0.902,Pune,SC,GREEN
4.6,0.448,35.9,4.2,0.464,7,3,0,Verma,0.865,Mewat,OBC,YELLOW
1.6,0.86,83.1,8.9,0.901,3,4,0,Ansari,0.793,Pune,ST,GREEN
3.9,0.694,70.7,7.7,0.749,7,2,0,Kumar,0.829,Pune,General,GREEN
0.6,0.733,71.7,6.4,0.75,6,3,0,Gupta,0.557,Bastar,OBC,GREEN
13.8,0.626,70.5,7.8,0.762,12,4,6,Patil,0.696,Hyderabad,OBC,GREEN
8.3,0.812,77.6,10.0,0.932,8,2,8,Khan,0.528,Pune,General,GREEN
3.7,0.197,12.5,0.2,0.146,5,4,0,Deshmukh,0.978,Bastar,ST,RED
7.1,0.325,45.2,4.6,0.404,4,3,1,Das,0.828,Bastar,OBC,YELLOW
1.8,0.882,86.9,7.6,0.844,6,2,0,Gupta,0.976,Gaya,OBC,GREEN
8.0,0.743,85.6,9.0,0.893,4,4,0,Kumar,0.754,Mumbai Suburban,General,GREEN
2.5,0.864,88.8,9.6,0.863,7,3,0,Sharma,0.739,Bengaluru Urban,SC,GREEN
2.3,0.621,73.1,8.5,0.752,6,4,13,Yadav,0.459,Mewat,General,YELLOW
1.2,0.587,66.9,9.7,0.722,3,4,20,Sharma,0.584,Mumbai Suburban,OBC,GREEN
5.1,0.671,53.6,5.0,0.57,9,3,0,Munda,0.775,Hyderabad,OBC,GREEN
3.6,0.614,76.8,7.8,0.785,5,4,0,Gupta,0.873,Hyderabad,General,GREEN
10.4,0.538,60.6,7.0,0.624,6,4,6,Menon,0.73,Bengaluru Urban,SC,GREEN
1.1,0.635,56.2,8.6,0.688,4,3,0,Banerjee,0.639,Gaya,SC,GREEN
5.1,0.664,66.4,7.3,0.618,3,2,0,Paswan,0.768,Bengaluru Urban,ST,GREEN
8.9,0.363,39.6,5.8,0.484,8,4,14,Verma,0.851,Gaya,OBC,RED
4.2,0.675,95.4,6.5,0.792,8,3,32,Khan,0.532,Bengaluru Urban,OBC,GREEN
2.5,0.682,79.9,8.0,0.868,4,3,0,Yadav,0.61,Mumbai Suburban,OBC,GREEN
4.1,0.369,38.4,4.7,0.392,7,4,36,Verma,0.579,Mumbai Suburban,ST,RED
9.7,0.699,57.1,8.5,0.718,7,4,0,Kumar,0.925,Kalahandi,SC,GREEN
9.7,0.683,75.8,7.2,0.733,4,4,0,Menon,0.543,Bengaluru Urban,OBC,GREEN
3.1,0.432,44.5,5.5,0.555,7,3,2,Sharma,0.85,Bastar,SC,YELLOW
9.6,0.695,79.6,8.4,0.772,5,4,0,Munda,0.759,Pune,OBC,GREEN
3.4,0.321,43.7,5.5,0.45,5,4,15,Gupta,0.552,Mumbai Suburban,SC,YELLOW
7.0,0.57,50.5,4.6,0.542,10,1,0,Paswan,0.743,Bengaluru Urban,ST,GREEN
5.6,0.777,82.8,10.0,0.878,6,3,0,Menon,0.715,Gaya,General,GREEN
2.4,0.524,63.4,6.1,0.567,10,4,0,Deshmukh,0.793,Bengaluru Urban,OBC,GREEN
1.3,0.473,62.9,6.5,0.594,4,2,15,Kumar,0.803,Mewat,OBC,YELLOW
9.1,0.421,57.4,5.1,0.555,6,2,10,Paswan,0.871,Pune,OBC,GREEN
11.1,0.623,58.9,3.6,0.473,11,3,0,Iyer,0.443,Bengaluru Urban,OBC,GREEN
5.0,0.648,72.3,8.2,0.737,4,3,4,Khan,0.766,Bengaluru Urban,SC,GREEN
3.4,0.514,53.6,6.0,0.515,5,4,0,Meena,0.582,Hyderabad,SC,GREEN
0.9,0.574,52.9,7.6,0.681,6,3,0,Banerjee,0.953,Pune,OBC,GREEN
8.9,0.642,51.3,5.9,0.506,5,3,0,Verma,0.81,Hyderabad,General,GREEN
4.5,0.488,71.3,4.9,0.536,6,4,0,Das,0.835,Kalahandi,SC,YELLOW
2.7,0.752,69.6,8.4,0.782,5,3,0,Kumar,0.876,Gaya,OBC,GREEN
7.2,0.711,64.8,7.2,0.771,7,2,0,Paswan,0.892,Kalahandi,ST,GREEN
0.7,0.449,52.1,4.6,0.473,6,4,0,Verma,0.792,Bengaluru Urban,General,GREEN
1.2,0.569,63.0,6.6,0.592,3,3,0,Khan,0.837,Hyderabad,OBC,GREEN
1.7,0.437,18.4,7.0,0.534,6,3,0,Patil,0.898,Mewat,OBC,YELLOW
5.4,0.827,86.0,8.0,0.757,3,4,0,Munda,0.441,Bengaluru Urban,General,GREEN
4.1,0.81,98.7,9.9,0.819,5,2,0,Yadav,0.701,Pune,OBC,GREEN
6.0,0.342,37.1,3.7,0.383,7,3,0,Kumar,0.688,Bengaluru Urban,General,GREEN
8.5,0.634,82.7,5.7,0.652,7,2,9,Gupta,0.261,Kalahandi,OBC,GREEN
6.2,0.683,68.6,5.7,0.595,3,2,6,Singh,0.419,Bengaluru Urban,OBC,GREEN
14.0,0.657,62.2,6.4,0.675,13,3,0,Munda,0.89,Kalahandi,OBC,YELLOW
8.5,0.708,72.3,8.0,0.756,9,4,0,Khan,0.755,Gaya,OBC,GREEN
3.1,0.765,76.9,8.5,0.766,3,4,0,Ansari,0.396,Gaya,SC,YELLOW
2.0,0.478,53.0,7.9,0.535,3,3,0,Sharma,0.704,Hyderabad,OBC,GREEN
3.2,0.606,54.7,8.6,0.715,7,3,0,Gupta,0.68,Gaya,OBC,GREEN
6.3,0.761,62.4,8.6,0.781,9,4,0,Singh,0.911,Bastar,General,GREEN
2.3,0.964,100.0,8.6,0.936,4,2,0,Deshmukh,0.592,Bengaluru Urban,OBC,GREEN
6.5,0.739,79.8,10.0,0.938,8,3,0,Menon,0.819,Mumbai Suburban,General,GREEN
5.9,0.945,100.0,8.7,0.885,6,2,0,Khan,0.859,Mumbai Suburban,General,GREEN
1.3,0.786,83.3,8.5,0.747,3,4,0,Yadav,0.459,Pune,General,GREEN
8.3,0.637,56.6,7.7,0.623,3,1,11,Menon,0.882,Hyderabad,OBC,GREEN
4.8,0.354,43.6,1.0,0.294,9,3,0,Gupta,0.446,Bengaluru Urban,OBC,YELLOW
13.5,0.721,72.8,5.5,0.679,9,4,0,Khan,0.663,Mewat,General,GREEN
3.4,0.813,82.0,10.0,0.866,5,4,0,Meena,0.833,Bengaluru Urban,General,GREEN
2.6,0.383,49.5,3.5,0.427,8,4,0,Kumar,0.769,Hyderabad,OBC,GREEN
1.1,0.703,88.3,6.4,0.679,5,3,36,Menon,0.606,Bengaluru Urban,General,GREEN
1.1,0.545,47.6,5.5,0.596,6,4,0,Verma,0.724,Mumbai Suburban,General,GREEN
7.6,0.284,28.7,3.3,0.296,5,4,3,Patil,0.654,Hyderabad,SC,YELLOW
12.5,0.637,69.6,6.9,0.73,9,2,0,Verma,0.56,Bastar,OBC,GREEN
3.2,0.48,43.2,5.8,0.514,7,4,0,Patil,0.832,Pune,OBC,GREEN
3.0,0.852,83.5,7.9,0.849,3,4,0,Yadav,0.871,Bastar,General,GREEN
3.7,0.748,90.1,8.8,0.871,7,4,36,Gupta,0.555,Hyderabad,OBC,GREEN
8.8,0.59,52.5,9.0,0.694,8,3,0,Menon,0.87,Mumbai Suburban,OBC,GREEN
1.3,0.669,71.0,5.6,0.678,3,4,0,Verma,0.78,Mumbai Suburban,OBC,GREEN
4.3,0.94,92.7,10.0,1.0,3,2,0,Paswan,0.764,Bengaluru Urban,OBC,GREEN
7.7,0.729,69.6,5.7,0.675,3,2,0,Paswan,0.813,Bengaluru Urban,ST,GREEN
5.4,0.679,52.6,4.7,0.594,6,2,0,Sharma,0.223,Pune,OBC,GREEN
6.2,0.565,61.5,7.8,0.649,11,3,0,Paswan,0.79,Pune,OBC,GREEN
5.4,0.798,68.6,4.9,0.73,7,1,0,Ansari,0.803,Kalahandi,General,GREEN
10.1,0.607,76.4,9.7,0.747,7,3,3,Meena,0.649,Bengaluru Urban,OBC,GREEN
11.8,0.779,95.0,7.1,0.903,10,4,27,Singh,0.86,Bengaluru Urban,General,GREEN
9.7,0.837,75.9,5.4,0.71,15,2,0,Das,0.923,Pune,General,GREEN
3.8,0.455,46.5,5.1,0.405,10,4,0,Sharma,0.579,Bengaluru Urban,OBC,GREEN
0.5,0.628,64.0,6.1,0.632,6,3,0,Das,0.612,Kalahandi,SC,GREEN
3.0,0.606,51.6,5.1,0.51,5,1,0,Sharma,0.622,Gaya,SC,GREEN
3.6,0.463,39.2,6.9,0.557,4,3,17,Das,0.927,Mewat,SC,RED
12.4,0.896,92.5,7.6,0.828,6,2,0,Das,0.699,Mumbai Suburban,ST,GREEN
1.6,0.504,60.7,4.9,0.511,9,4,0,Ansari,0.33,Mumbai Suburban,General,YELLOW
0.7,0.266,39.0,4.4,0.271,5,3,0,Yadav,0.784,Mumbai Suburban,ST,YELLOW
2.3,0.618,71.1,4.1,0.557,3,2,0,Verma,0.513,Pune,General,GREEN
1.7,0.684,65.1,8.9,0.62,5,3,0,Deshmukh,0.741,Bengaluru Urban,OBC,GREEN
0.6,0.312,39.0,4.8,0.315,3,3,1,Kumar,0.699,Gaya,General,RED
3.2,0.393,32.9,5.3,0.455,5,3,0,Sharma,0.42,Bengaluru Urban,General,GREEN
3.8,0.689,72.5,5.9,0.707,3,3,0,Patil,0.318,Bastar,OBC,YELLOW
0.6,0.643,62.2,5.7,0.633,7,4,0,Singh,0.766,Hyderabad,General,GREEN
2.6,0.678,72.0,9.2,0.724,5,4,1,Yadav,0.651,Kalahandi,OBC,GREEN
1.6,0.285,18.4,3.4,0.267,8,3,0,Deshmukh,0.671,Mumbai Suburban,General,YELLOW
3.9,0.481,58.5,8.0,0.622,5,4,0,Kumar,0.807,Pune,General,GREEN
4.2,0.572,54.4,7.3,0.557,6,3,0,Banerjee,0.798,Mumbai Suburban,General,GREEN
1.6,0.764,86.3,8.1,0.888,5,3,0,Iyer,0.738,Mumbai Suburban,General,GREEN
8.3,0.634,72.2,5.5,0.679,6,3,0,Yadav,0.651,Hyderabad,OBC,GREEN
3.6,0.158,32.7,2.7,0.241,9,3,7,Yadav,0.809,Pune,SC,YELLOW
1.7,0.889,89.4,10.0,0.929,3,3,0,Ansari,0.836,Bastar,OBC,GREEN
0.5,0.686,64.9,4.4,0.602,3,3,14,Banerjee,0.462,Kalahandi,OBC,RED
4.4,0.66,85.9,6.5,0.621,5,3,0,Gupta,0.73,Pune,SC,GREEN
5.4,0.376,41.3,1.8,0.311,6,3,0,Yadav,0.65,Mumbai Suburban,General,YELLOW
2.2,0.638,67.4,5.3,0.58,4,4,0,Ansari,0.573,Pune,SC,GREEN
4.0,0.579,79.7,6.2,0.615,7,4,25,Das,0.707,Gaya,OBC,RED
11.8,0.599,51.1,4.6,0.509,7,4,0,Iyer,0.47,Bastar,General,YELLOW
7.3,0.655,65.1,7.1,0.762,6,2,0,Iyer,0.865,Bengaluru Urban,General,GREEN
0.1,0.232,29.9,2.4,0.289,5,4,0,Khan,0.432,Mumbai Suburban,General,YELLOW
1.6,0.463,57.0,6.5,0.532,3,4,12,Das,0.424,Mumbai Suburban,SC,GREEN
3.1,0.212,29.0,5.0,0.363,9,3,0,Iyer,0.873,Hyderabad,SC,YELLOW
3.8,0.762,70.4,9.9,0.889,3,4,0,Yadav,0.955,Bastar,ST,GREEN
4.1,0.879,87.2,8.7,0.92,9,4,1,Banerjee,0.866,Gaya,General,GREEN
5.1,0.749,76.2,8.3,0.783,8,4,0,Gupta,0.566,Mewat,General,GREEN
3.2,0.561,74.7,5.3,0.58,6,3,0,Yadav,0.801,Bengaluru Urban,OBC,GREEN
3.6,0.27,48.6,3.6,0.407,3,4,3,Munda,0.79,Pune,OBC,GREEN
7.6,0.869,96.6,7.8,0.891,7,2,10,Paswan,0.465,Mumbai Suburban,OBC,GREEN
4.5,0.55,80.0,5.1,0.665,5,3,14,Paswan,0.626,Bengaluru Urban,OBC,GREEN
0.9,0.682,61.0,8.0,0.729,4,4,3,Menon,0.471,Mewat,SC,GREEN
3.9,0.554,83.0,8.6,0.8,7,3,0,Das,0.64,Pune,SC,GREEN
3.1,0.749,77.5,6.9,0.711,7,3,0,Verma,0.87,Pune,SC,GREEN
0.3,0.896,89.3,8.2,0.936,7,2,1,Menon,0.486,Hyderabad,General,GREEN
4.0,0.548,68.1,5.7,0.61,7,4,20,Sharma,0.693,Gaya,General,RED
1.1,0.615,78.0,7.3,0.812,8,4,10,Meena,0.864,Mewat,SC,GREEN
7.7,0.874,85.7,8.4,0.823,11,3,0,Ansari,0.886,Bastar,OBC,GREEN
5.1,0.431,18.1,3.4,0.404,12,2,0,Khan,0.55,Kalahandi,OBC,GREEN
0.9,0.177,29.3,2.6,0.253,6,4,0,Munda,0.522,Bengaluru Urban,SC,YELLOW
7.4,0.634,59.3,4.1,0.513,10,3,3,Deshmukh,0.933,Mumbai Suburban,General,GREEN
10.2,0.612,73.9,5.8,0.619,7,3,0,Singh,0.854,Pune,OBC,GREEN
2.8,0.754,82.9,10.0,0.845,7,4,0,Iyer,0.538,Kalahandi,OBC,GREEN
3.1,0.564,58.3,1.8,0.464,3,2,0,Ansari,0.378,Hyderabad,ST,GREEN
6.8,0.776,91.6,7.7,0.847,5,3,0,Ansari,0.85,Pune,SC,GREEN
9.7,0.39,39.1,4.8,0.392,11,3,0,Paswan,0.839,Pune,SC,GREEN
0.4,0.588,72.6,5.6,0.623,3,2,0,Ansari,0.666,Bengaluru Urban,SC,GREEN
1.0,0.807,82.3,6.9,0.88,3,1,0,Iyer,0.552,Mumbai Suburban,General,GREEN
2.3,0.768,79.9,9.6,0.929,4,3,0,Deshmukh,0.511,Bengaluru Urban,General,GREEN
2.6,0.767,91.1,8.7,0.871,4,2,12,Paswan,0.57,Kalahandi,ST,GREEN
6.7,0.853,78.7,8.1,0.819,7,3,0,Verma,0.821,Gaya,General,GREEN
9.7,0.59,43.0,7.7,0.603,6,3,0,Sharma,0.879,Bengaluru Urban,OBC,GREEN
10.3,0.671,59.6,6.4,0.666,7,3,0,Khan,0.667,Bengaluru Urban,OBC,GREEN
0.4,0.787,98.1,7.1,0.775,3,4,0,Singh,0.854,Hyderabad,SC,GREEN
1.5,0.518,54.3,6.6,0.561,7,4,3,Ansari,0.731,Gaya,General,YELLOW
1.9,0.482,54.9,3.4,0.374,6,4,0,Verma,0.581,Bengaluru Urban,SC,GREEN
1.5,0.505,64.6,8.2,0.677,3,4,0,Banerjee,0.724,Bengaluru Urban,OBC,GREEN
5.1,0.6,68.0,8.8,0.752,4,3,0,Kumar,0.825,Bengaluru Urban,OBC,GREEN
5.6,0.879,85.1,10.0,0.886,5,3,0,Gupta,0.66,Kalahandi,SC,GREEN
3.5,0.051,13.7,0.9,0.171,6,3,16,Munda,0.987,Pune,OBC,RED
3.2,0.623,55.5,5.1,0.501,8,4,3,Iyer,0.511,Mumbai Suburban,SC,GREEN
2.4,0.219,16.2,0.0,0.054,5,3,0,Paswan,0.434,Mumbai Suburban,OBC,RED
2.7,0.181,27.8,5.5,0.348,6,4,16,Das,0.565,Bastar,ST,RED
11.7,0.55,53.5,4.5,0.564,9,4,0,Gupta,0.824,Kalahandi,General,YELLOW
6.3,0.773,85.2,9.1,0.929,8,2,31,Patil,0.713,Kalahandi,General,GREEN
2.5,0.583,70.4,5.9,0.603,10,4,11,Verma,0.476,Bengaluru Urban,SC,GREEN
3.2,0.565,50.8,3.6,0.532,3,3,0,Sharma,0.897,Mumbai Suburban,General,GREEN
5.2,0.807,91.1,8.5,0.854,6,3,36,Verma,0.855,Bastar,OBC,YELLOW
0.9,0.593,61.1,4.7,0.549,5,4,0,Patil,0.601,Kalahandi,ST,YELLOW
4.0,0.418,55.0,6.7,0.59,4,4,34,Patil,0.6,Mumbai Suburban,OBC,YELLOW
6.0,0.735,80.1,7.6,0.798,3,4,0,Deshmukh,0.426,Pune,ST,GREEN
5.4,0.529,72.6,5.4,0.52,5,4,0,Paswan,0.629,Mewat,SC,YELLOW
1.5,0.784,71.5,7.1,0.81,3,4,3,Sharma,0.801,Hyderabad,SC,GREEN
1.8,0.441,29.5,4.7,0.471,3,2,0,Singh,0.953,Kalahandi,General,GREEN
0.2,0.764,64.4,9.8,0.765,7,4,0,Das,0.679,Pune,General,GREEN
6.5,0.864,92.4,5.4,0.796,6,3,3,Singh,0.383,Mumbai Suburban,SC,GREEN
15.4,0.594,40.0,9.6,0.676,15,3,0,Iyer,0.572,Kalahandi,SC,YELLOW
1.3,0.485,63.8,5.8,0.581,5,4,12,Deshmukh,0.731,Bengaluru Urban,OBC,GREEN
8.4,0.976,92.1,9.6,0.925,7,1,0,Yadav,0.858,Kalahandi,OBC,GREEN
14.5,0.657,60.0,9.5,0.702,5,4,2,Menon,0.944,Bastar,General,GREEN
2.2,0.677,72.4,6.7,0.689,6,2,0,Deshmukh,0.932,Pune,OBC,GREEN
3.2,0.725,75.5,5.6,0.739,9,2,0,Banerjee,0.326,Pune,OBC,GREEN
4.4,0.707,94.8,5.5,0.762,11,3,22,Paswan,0.297,Gaya,OBC,RED
5.2,0.798,93.9,8.4,0.84,6,3,9,Munda,0.937,Bastar,SC,GREEN
4.6,0.621,66.5,5.7,0.657,12,4,0,Das,0.664,Pune,OBC,GREEN
2.4,0.572,34.4,3.6,0.283,6,3,2,Patil,0.554,Bastar,OBC,RED
5.9,0.424,56.7,1.6,0.441,4,4,0,Singh,0.716,Bengaluru Urban,OBC,GREEN
2.4,0.797,89.1,7.6,0.729,4,2,0,Kumar,0.693,Mumbai Suburban,General,GREEN
4.9,0.603,78.6,4.5,0.595,6,4,0,Gupta,0.848,Bengaluru Urban,General,GREEN
3.4,0.141,0.0,3.7,0.114,5,4,17,Verma,0.593,Gaya,SC,RED
0.3,0.849,92.0,7.2,0.765,3,3,0,Das,0.458,Mumbai Suburban,OBC,GREEN
9.4,0.66,77.6,4.7,0.693,10,3,0,Menon,0.638,Bengaluru Urban,OBC,GREEN
1.9,0.513,71.3,8.7,0.675,10,3,7,Ansari,0.734,Bastar,OBC,GREEN
10.1,0.697,83.7,7.6,0.782,11,4,11,Menon,0.81,Bastar,SC,GREEN
8.2,0.748,80.4,8.8,0.808,6,4,0,Khan,0.615,Mumbai Suburban,OBC,GREEN
4.3,0.752,73.1,10.0,0.852,5,2,8,Iyer,0.747,Bengaluru Urban,ST,GREEN
5.5,0.148,26.6,2.7,0.232,5,4,9,Khan,0.828,Hyderabad,ST,YELLOW
6.0,0.594,58.3,6.0,0.528,6,2,0,Patil,0.922,Bastar,SC,GREEN
2.9,0.256,33.4,5.2,0.42,5,3,0,Das,0.788,Mewat,SC,YELLOW
3.0,0.361,20.2,3.7,0.286,7,3,5,Ansari,0.66,Mewat,ST,RED
5.8,0.678,75.7,8.9,0.697,8,3,6,Meena,0.816,Bengaluru Urban,OBC,GREEN
3.4,0.606,58.8,7.2,0.617,3,4,18,Patil,0.622,Hyderabad,OBC,YELLOW
2.4,0.575,65.2,6.5,0.701,8,3,4,Munda,0.682,Pune,General,GREEN
1.5,0.528,36.3,4.0,0.473,4,2,0,Banerjee,0.317,Kalahandi,General,YELLOW
5.0,0.507,44.2,5.8,0.492,6,4,9,Kumar,0.608,Kalahandi,OBC,YELLOW
1.8,0.678,93.9,6.8,0.748,5,1,10,Iyer,0.831,Hyderabad,ST,GREEN
7.1,0.677,58.8,6.3,0.616,4,3,0,Kumar,0.764,Bengaluru Urban,OBC,GREEN
7.6,0.727,71.4,5.8,0.778,4,4,6,Gupta,0.893,Pune,SC,GREEN
5.4,0.629,67.7,6.1,0.658,6,4,0,Sharma,0.808,Bengaluru Urban,General,GREEN
6.4,0.736,57.8,6.0,0.66,6,4,0,Yadav,0.447,Bengaluru Urban,OBC,GREEN
5.5,0.76,83.9,8.7,0.875,4,3,0,Ansari,0.665,Kalahandi,OBC,GREEN
6.8,0.821,75.1,8.6,0.823,3,4,0,Deshmukh,0.651,Mewat,OBC,GREEN
6.6,0.489,38.7,7.0,0.512,5,4,0,Singh,0.704,Gaya,SC,YELLOW
4.8,0.743,83.5,9.5,0.833,7,3,0,Kumar,0.854,Bastar,General,GREEN
8.2,0.815,73.1,10.0,0.845,8,4,0,Meena,0.841,Bengaluru Urban,General,GREEN
3.0,0.547,64.1,5.7,0.584,10,3,0,Munda,0.725,Pune,OBC,GREEN
1.6,0.853,93.6,8.6,0.919,4,2,14,Paswan,0.646,Pune,OBC,GREEN
1.5,0.809,86.5,6.5,0.777,9,3,1,Verma,0.849,Pune,OBC,GREEN
2.6,0.246,37.1,4.2,0.382,3,4,7,Deshmukh,0.476,Pune,General,GREEN
0.3,0.811,87.4,6.9,0.788,3,3,0,Kumar,0.894,Bengaluru Urban,OBC,GREEN
4.2,0.737,56.0,6.5,0.653,4,3,0,Menon,0.91,Hyderabad,General,GREEN
6.1,0.681,59.4,6.1,0.528,4,3,0,Das,0.285,Kalahandi,ST,RED
7.5,0.63,53.9,6.3,0.645,5,4,0,Gupta,0.745,Kalahandi,OBC,GREEN
0.4,0.377,53.8,6.4,0.536,5,3,0,Iyer,0.65,Mumbai Suburban,General,GREEN
1.6,0.357,37.3,2.9,0.39,7,3,0,Paswan,0.797,Gaya,OBC,RED
6.9,0.725,85.6,8.6,0.669,9,3,9,Iyer,0.659,Pune,General,GREEN
2.9,0.626,81.2,4.0,0.717,5,4,0,Paswan,0.894,Mewat,General,GREEN
6.0,0.142,6.9,4.6,0.217,5,3,7,Banerjee,0.594,Bengaluru Urban,General,YELLOW
0.8,0.679,82.1,4.8,0.715,4,3,2,Munda,0.666,Gaya,ST,GREEN
10.0,0.741,74.2,10.0,0.776,7,3,0,Menon,0.877,Kalahandi,OBC,GREEN
0.7,0.568,57.3,6.3,0.621,7,2,7,Meena,0.803,Hyderabad,General,GREEN
4.1,0.512,50.9,5.2,0.461,7,4,0,Patil,0.752,Pune,ST,GREEN
4.2,0.494,57.4,6.2,0.531,6,4,8,Kumar,0.567,Mumbai Suburban,SC,GREEN
2.1,0.602,80.2,4.9,0.727,3,3,0,Menon,0.8,Bengaluru Urban,General,GREEN
5.3,0.715,73.9,8.6,0.762,7,3,0,Sharma,0.756,Kalahandi,OBC,GREEN
5.4,0.812,93.0,6.5,0.808,3,3,4,Munda,0.493,Bengaluru Urban,ST,GREEN
4.9,0.683,60.8,6.9,0.704,3,4,0,Gupta,0.523,Mewat,OBC,GREEN
2.1,0.457,59.8,7.8,0.636,3,4,17,Menon,0.826,Hyderabad,General,GREEN
1.7,0.892,100.0,6.8,0.865,9,4,3,Menon,0.575,Hyderabad,General,GREEN
2.3,0.411,60.4,5.1,0.527,8,3,7,Sharma,0.622,Gaya,General,YELLOW
1.5,0.652,56.8,6.9,0.757,4,3,0,Deshmukh,0.822,Pune,SC,GREEN
8.5,0.507,66.7,6.1,0.592,8,2,36,Das,0.786,Pune,SC,GREEN
2.5,0.35,33.6,3.2,0.345,7,4,0,Paswan,0.718,Mewat,OBC,RED
4.0,0.688,67.5,6.4,0.72,4,2,0,Patil,0.581,Kalahandi,General,GREEN
6.9,0.647,59.4,9.7,0.792,4,3,0,Verma,0.726,Bastar,ST,GREEN
1.4,0.49,64.3,4.7,0.594,7,4,4,Das,0.269,Mewat,OBC,RED
0.7,0.6,67.6,5.3,0.634,7,3,0,Gupta,0.688,Bengaluru Urban,OBC,GREEN
1.5,0.764,70.5,9.1,0.736,5,3,0,Patil,0.71,Bastar,SC,GREEN
4.4,0.535,53.6,5.9,0.635,6,4,6,Menon,0.622,Bengaluru Urban,OBC,GREEN
4.2,0.313,39.9,4.7,0.337,6,3,0,Singh,0.639,Bastar,General,RED
4.9,0.633,75.5,5.0,0.644,7,3,0,Banerjee,0.444,Bengaluru Urban,General,GREEN
3.2,0.665,62.4,5.4,0.572,6,2,0,Patil,0.631,Bastar,SC,GREEN
3.1,0.381,47.3,1.1,0.318,6,3,16,Ansari,0.456,Bengaluru Urban,OBC,RED
7.7,0.688,86.3,9.9,0.863,6,3,16,Iyer,0.54,Kalahandi,General,YELLOW
9.2,0.382,41.0,6.1,0.483,9,4,14,Khan,0.781,Mewat,ST,RED
3.8,0.693,68.6,8.0,0.747,6,3,0,Khan,0.754,Pune,SC,GREEN
4.2,0.485,78.7,6.3,0.715,9,4,0,Kumar,0.884,Bengaluru Urban,SC,GREEN
5.9,0.535,62.3,6.2,0.615,4,4,3,Iyer,0.489,Hyderabad,SC,GREEN
9.0,0.663,70.5,4.6,0.597,10,3,1,Ansari,0.662,Bengaluru Urban,OBC,GREEN
3.5,0.821,82.7,8.8,0.891,5,3,0,Gupta,0.667,Pune,General,GREEN
5.8,0.557,58.6,3.4,0.554,15,4,0,Iyer,0.819,Pune,General,GREEN
2.0,0.336,51.0,3.3,0.331,5,4,0,Verma,0.82,Mumbai Suburban,OBC,YELLOW
0.8,0.659,74.2,7.6,0.75,4,4,0,Sharma,0.761,Bastar,General,GREEN
2.2,0.446,43.1,4.4,0.474,3,3,0,Deshmukh,0.583,Bengaluru Urban,OBC,GREEN
10.6,0.743,71.0,10.0,0.803,9,3,0,Kumar,0.523,Kalahandi,SC,GREEN
5.9,0.917,83.5,9.2,0.959,3,4,0,Banerjee,0.761,Bengaluru Urban,General,GREEN
1.0,0.876,98.2,8.4,0.892,5,2,8,Ansari,0.719,Bengaluru Urban,General,GREEN
6.2,0.714,31.7,7.7,0.607,9,4,0,Verma,0.886,Bastar,OBC,YELLOW
1.0,0.743,58.9,6.4,0.649,7,3,4,Paswan,0.596,Gaya,ST,GREEN
4.9,0.726,78.5,6.4,0.718,5,4,0,Yadav,0.89,Pune,OBC,GREEN
1.3,0.413,28.1,6.8,0.403,10,4,22,Patil,0.946,Hyderabad,OBC,YELLOW
0.9,0.748,100.0,9.5,0.827,3,3,2,Deshmukh,0.855,Bengaluru Urban,General,GREEN
12.0,0.931,79.3,9.6,0.974,8,2,0,Paswan,0.574,Bastar,OBC,GREEN
2.5,0.777,82.5,9.2,0.798,6,4,0,Meena,0.616,Bastar,ST,GREEN
5.8,0.878,100.0,10.0,0.91,9,2,9,Singh,0.718,Bengaluru Urban,OBC,GREEN
3.6,0.487,51.4,4.8,0.386,3,1,0,Verma,0.563,Bengaluru Urban,ST,GREEN
1.2,0.222,35.1,2.2,0.232,9,4,17,Verma,0.765,Mumbai Suburban,ST,RED
2.8,0.541,53.5,6.7,0.516,9,4,0,Iyer,0.688,Bengaluru Urban,SC,GREEN
1.2,0.503,42.2,6.8,0.617,7,3,0,Khan,0.83,Mumbai Suburban,General,GREEN
18.6,0.721,72.4,7.6,0.785,7,4,1,Kumar,0.375,Hyderabad,OBC,GREEN
6.7,0.605,66.5,8.3,0.666,4,4,6,Sharma,0.8,Hyderabad,OBC,GREEN
3.6,0.712,65.9,8.6,0.856,5,2,0,Paswan,0.901,Mewat,OBC,GREEN
5.6,0.498,45.3,6.3,0.576,3,3,6,Munda,0.814,Pune,OBC,GREEN
6.4,0.425,58.1,5.7,0.509,3,4,0,Kumar,0.549,Bengaluru Urban,OBC,GREEN
6.4,0.905,81.2,10.0,0.781,6,3,0,Sharma,0.826,Bengaluru Urban,General,GREEN
6.2,0.837,94.7,6.5,0.926,11,3,0,Ansari,0.776,Pune,General,GREEN
5.8,0.486,62.1,2.8,0.393,3,3,0,Munda,0.665,Mumbai Suburban,General,GREEN
3.8,0.61,68.4,5.0,0.516,3,4,0,Das,0.766,Bengaluru Urban,General,GREEN
11.3,0.644,86.0,8.2,0.826,4,3,0,Das,0.885,Hyderabad,General,GREEN
4.1,0.63,72.1,6.1,0.776,7,3,0,Das,0.78,Bengaluru Urban,OBC,GREEN
3.7,0.522,65.9,5.9,0.66,8,3,1,Menon,0.617,Bastar,OBC,GREEN
4.1,0.634,31.7,7.2,0.585,5,2,0,Verma,0.418,Mewat,SC,GREEN
4.4,0.584,72.8,8.0,0.734,6,3,0,Verma,0.9,Bengaluru Urban,OBC,GREEN
0.5,0.551,61.0,2.8,0.523,6,4,0,Deshmukh,0.763,Mewat,General,YELLOW
1.4,0.816,99.9,10.0,0.976,6,4,24,Patil,0.535,Hyderabad,OBC,GREEN
3.2,0.438,55.0,5.0,0.51,7,3,0,Singh,0.612,Mumbai Suburban,SC,GREEN
0.4,0.49,44.2,3.9,0.446,8,2,0,Patil,0.966,Pune,SC,GREEN
3.6,0.566,72.2,6.0,0.626,6,1,13,Menon,0.87,Pune,General,GREEN
4.3,0.599,77.7,4.0,0.554,5,2,0,Meena,0.414,Bengaluru Urban,General,GREEN
0.8,0.578,39.0,4.3,0.452,4,4,0,Verma,0.861,Bastar,OBC,YELLOW
1.9,0.597,79.6,6.1,0.583,5,4,9,Paswan,0.497,Mewat,OBC,YELLOW
9.5,0.792,77.9,10.0,0.852,4,4,5,Menon,0.715,Kalahandi,General,GREEN
5.6,0.568,63.2,7.0,0.584,4,3,22,Munda,0.432,Pune,General,YELLOW
5.4,0.841,72.0,5.4,0.645,6,2,0,Ansari,0.636,Bengaluru Urban,OBC,GREEN
8.6,0.897,93.5,9.9,0.95,12,4,0,Deshmukh,0.645,Mewat,General,GREEN
1.5,0.633,84.2,5.8,0.755,5,4,0,Das,0.49,Bengaluru Urban,OBC,GREEN
0.8,0.845,80.6,7.5,0.846,5,3,0,Paswan,0.907,Gaya,General,GREEN
7.8,0.227,42.3,1.7,0.195,6,4,9,Verma,0.82,Mumbai Suburban,SC,YELLOW
3.3,0.25,24.9,4.3,0.26,9,4,0,Meena,0.514,Kalahandi,SC,RED
1.4,0.814,65.0,8.8,0.828,3,4,4,Yadav,0.893,Mewat,General,GREEN
0.4,0.637,69.9,6.5,0.613,6,1,10,Singh,0.801,Pune,SC,GREEN
4.1,0.425,48.8,6.4,0.506,4,4,7,Sharma,0.866,Mumbai Suburban,OBC,GREEN
2.9,0.501,40.0,8.7,0.618,6,4,0,Kumar,0.917,Mewat,OBC,GREEN
2.5,0.308,26.5,4.0,0.276,8,4,0,Patil,0.869,Bastar,OBC,RED
0.1,0.429,44.7,5.2,0.471,10,4,0,Khan,0.557,Bengaluru Urban,ST,GREEN
11.2,0.506,73.7,4.8,0.508,4,4,16,Iyer,0.432,Bengaluru Urban,OBC,YELLOW
0.6,0.791,79.3,7.3,0.741,3,2,0,Khan,0.749,Bengaluru Urban,OBC,GREEN
2.7,0.514,37.4,6.9,0.542,6,4,0,Paswan,0.747,Mewat,SC,YELLOW
2.3,0.755,87.6,7.3,0.707,3,2,0,Deshmukh,0.558,Mumbai Suburban,OBC,GREEN
5.8,0.817,90.5,9.4,0.909,7,4,0,Verma,0.797,Bengaluru Urban,General,GREEN
0.5,0.782,81.0,10.0,0.863,7,3,0,Munda,0.906,Mewat,OBC,GREEN
5.2,0.655,74.2,7.7,0.75,5,1,0,Deshmukh,0.794,Pune,General,GREEN
4.2,0.812,86.0,6.7,0.792,8,3,0,Paswan,0.829,Mumbai Suburban,General,GREEN
1.8,0.28,22.6,1.3,0.28,5,4,0,Meena,0.837,Gaya,General,RED
5.1,0.669,65.4,8.6,0.734,8,2,0,Khan,0.847,Gaya,OBC,GREEN
3.6,0.216,22.9,2.0,0.194,4,1,0,Banerjee,0.707,Kalahandi,ST,YELLOW
13.2,0.603,69.1,6.9,0.667,9,3,0,Patil,0.813,Bengaluru Urban,SC,GREEN
2.9,0.8,88.1,6.8,0.814,7,1,0,Verma,0.689,Mumbai Suburban,SC,GREEN
1.2,0.258,26.8,4.0,0.311,3,4,0,Meena,0.863,Kalahandi,General,RED
5.3,0.461,36.1,7.9,0.539,9,4,0,Das,0.644,Gaya,General,YELLOW
2.6,0.936,87.3,10.0,0.901,5,4,0,Menon,0.703,Bastar,General,GREEN
3.5,0.846,93.3,9.4,0.873,6,1,0,Verma,0.579,Bastar,SC,GREEN
0.8,0.379,38.2,6.2,0.39,3,3,0,Khan,0.83,Kalahandi,General,RED
5.8,0.751,76.8,10.0,0.927,4,4,16,Ansari,0.606,Pune,SC,GREEN
2.2,0.437,31.5,3.9,0.318,6,3,0,Banerjee,0.651,Gaya,OBC,RED
4.4,0.609,60.5,8.0,0.637,6,4,7,Meena,0.773,Mumbai Suburban,General,GREEN
15.7,0.34,42.3,5.8,0.412,7,4,0,Verma,0.694,Gaya,OBC,YELLOW
2.8,0.889,97.0,8.5,0.948,9,3,5,Deshmukh,0.387,Bengaluru Urban,General,GREEN
6.5,0.573,83.7,6.4,0.669,3,4,7,Ansari,0.763,Bastar,General,GREEN
2.9,0.606,79.4,6.4,0.742,8,3,13,Patil,0.947,Mumbai Suburban,OBC,GREEN
1.8,0.719,83.2,7.5,0.733,6,4,0,Gupta,0.68,Mumbai Suburban,ST,GREEN
9.8,0.809,100.0,8.1,0.887,9,4,1,Yadav,0.864,Bengaluru Urban,OBC,GREEN
0.3,0.41,31.4,4.2,0.34,4,3,0,Verma,0.83,Kalahandi,OBC,RED
7.9,0.655,50.5,7.7,0.751,7,3,0,Das,0.755,Gaya,SC,GREEN
0.2,0.639,69.5,6.1,0.589,3,3,0,Meena,0.727,Kalahandi,OBC,YELLOW
7.3,0.301,22.7,3.9,0.321,5,2,0,Deshmukh,0.49,Gaya,OBC,YELLOW
3.5,0.719,79.9,7.1,0.774,3,3,0,Iyer,0.821,Pune,General,GREEN
1.2,0.707,83.0,6.7,0.756,5,3,4,Paswan,0.831,Gaya,OBC,GREEN
2.3,0.835,91.1,6.6,0.793,10,2,5,Khan,0.909,Bengaluru Urban,SC,GREEN
6.2,0.643,79.5,8.8,0.766,6,4,0,Ansari,0.769,Gaya,SC,GREEN
14.6,0.721,58.0,5.3,0.613,7,1,0,Khan,0.578,Mewat,SC,GREEN
0.5,0.326,41.6,2.9,0.337,3,4,0,Menon,0.497,Mewat,OBC,RED
1.3,0.745,66.7,8.5,0.802,6,2,0,Banerjee,0.753,Mumbai Suburban,SC,GREEN
0.7,0.461,62.8,0.0,0.474,6,2,0,Singh,0.49,Hyderabad,General,GREEN
2.9,0.502,59.6,3.6,0.458,4,4,0,Munda,0.831,Bengaluru Urban,ST,GREEN
7.4,0.816,86.6,8.1,0.762,8,4,0,Ansari,0.915,Bastar,General,GREEN
0.6,0.411,35.3,7.0,0.484,6,2,0,Sharma,0.606,Mumbai Suburban,OBC,GREEN
3.5,0.391,41.8,4.1,0.535,6,2,17,Ansari,0.583,Pune,OBC,GREEN
7.2,0.656,69.6,5.8,0.604,7,2,0,Patil,0.534,Bengaluru Urban,SC,GREEN
2.3,0.509,73.4,4.5,0.646,6,3,0,Munda,0.635,Mumbai Suburban,General,GREEN
4.2,0.592,75.0,5.3,0.708,3,3,5,Sharma,0.729,Mewat,OBC,GREEN
9.2,0.429,54.5,4.6,0.45,8,3,34,Iyer,0.745,Gaya,General,RED
1.1,0.675,68.3,6.2,0.688,5,4,5,Sharma,0.837,Mumbai Suburban,OBC,GREEN
0.3,0.592,69.9,5.3,0.688,3,4,0,Khan,0.995,Bengaluru Urban,OBC,GREEN
4.6,0.707,83.2,6.5,0.711,9,4,0,Deshmukh,0.562,Bastar,OBC,GREEN
4.8,0.319,34.0,3.1,0.313,8,3,0,Gupta,0.519,Mewat,ST,RED
2.1,0.523,53.4,5.7,0.513,3,3,0,Ansari,0.423,Hyderabad,OBC,GREEN
1.7,0.684,80.2,5.7,0.635,9,3,0,Iyer,0.647,Pune,OBC,GREEN
3.6,0.3,27.6,2.5,0.243,6,4,0,Meena,0.733,Kalahandi,SC,RED
1.0,0.879,84.3,8.0,0.779,3,1,0,Khan,0.903,Hyderabad,SC,GREEN
1.0,0.698,69.2,7.5,0.715,3,4,0,Singh,0.617,Kalahandi,OBC,GREEN
6.2,0.562,62.9,5.0,0.525,6,3,1,Deshmukh,0.897,Bastar,SC,YELLOW
0.9,0.753,78.0,10.0,0.856,4,3,2,Paswan,0.815,Bengaluru Urban,SC,GREEN
0.4,0.738,81.4,9.6,0.76,3,3,8,Ansari,0.531,Bastar,General,GREEN
1.7,0.65,71.4,8.5,0.755,6,4,0,Sharma,0.813,Pune,General,GREEN
2.2,0.616,57.8,6.5,0.656,4,2,5,Kumar,0.624,Hyderabad,General,GREEN
5.2,0.572,72.7,8.3,0.61,11,3,4,Ansari,0.836,Bastar,OBC,YELLOW
1.9,0.874,95.0,7.5,0.877,3,4,0,Verma,0.569,Kalahandi,OBC,GREEN
10.4,0.0,4.7,0.0,0.077,5,4,26,Das,0.903,Mumbai Suburban,SC,RED
3.8,0.758,67.8,6.4,0.632,11,2,0,Patil,0.702,Pune,OBC,GREEN
1.5,0.343,34.7,3.7,0.437,8,3,0,Banerjee,0.666,Bengaluru Urban,OBC,GREEN
5.0,0.577,67.2,8.6,0.724,8,4,1,Khan,0.718,Hyderabad,SC,GREEN
10.3,0.7,69.2,10.0,0.762,7,4,0,Paswan,0.613,Bastar,General,GREEN
6.1,0.171,9.3,2.1,0.155,7,4,4,Das,0.468,Bengaluru Urban,General,YELLOW
0.5,0.729,76.4,6.1,0.729,9,4,0,Menon,0.377,Pune,OBC,GREEN
2.4,0.791,88.2,8.5,0.845,3,3,0,Meena,0.25,Mumbai Suburban,General,GREEN
4.4,0.921,100.0,8.5,0.951,12,3,0,Patil,0.237,Hyderabad,General,GREEN
5.9,0.604,77.9,8.3,0.692,5,4,0,Gupta,0.571,Bastar,General,GREEN
2.9,0.665,70.0,7.7,0.72,5,4,36,Kumar,0.829,Bastar,ST,YELLOW
2.6,0.757,74.5,7.9,0.693,4,3,0,Khan,0.773,Bengaluru Urban,OBC,GREEN
13.1,0.779,80.4,7.3,0.765,9,4,0,Ansari,0.501,Pune,OBC,GREEN
6.1,0.589,54.5,6.0,0.533,6,3,0,Deshmukh,0.573,Pune,SC,GREEN
5.1,0.729,65.9,6.6,0.646,5,3,1,Munda,0.803,Gaya,ST,GREEN
2.0,0.538,59.8,6.6,0.66,3,3,15,Patil,0.965,Bengaluru Urban,OBC,GREEN
1.0,0.614,64.6,5.1,0.645,7,3,1,Ansari,0.496,Mewat,OBC,GREEN
5.1,0.368,33.5,2.9,0.361,5,4,0,Meena,0.718,Bengaluru Urban,SC,YELLOW
6.7,0.327,46.0,7.8,0.468,14,4,0,Verma,0.724,Bengaluru Urban,OBC,GREEN
3.5,0.197,36.2,2.9,0.267,4,4,0,Khan,0.521,Mumbai Suburban,OBC,YELLOW
6.1,0.435,37.2,6.8,0.556,5,3,0,Banerjee,0.558,Pune,General,GREEN
6.3,0.469,33.8,6.5,0.493,7,2,0,Paswan,0.598,Bengaluru Urban,OBC,GREEN
7.0,0.363,35.9,7.0,0.59,4,4,0,Verma,0.88,Bengaluru Urban,OBC,GREEN
0.5,0.589,54.9,3.5,0.516,7,3,2,Singh,0.453,Kalahandi,General,YELLOW
2.5,0.301,55.8,3.5,0.413,8,3,7,Menon,0.668,Mumbai Suburban,OBC,GREEN
5.4,0.83,82.5,6.1,0.74,7,4,0,Kumar,0.876,Mewat,General,GREEN
3.7,0.388,48.0,1.9,0.359,6,3,0,Verma,0.79,Hyderabad,SC,YELLOW
6.3,0.335,37.7,2.3,0.306,4,3,0,Yadav,0.785,Mewat,SC,RED
5.0,0.515,42.7,5.4,0.529,3,3,0,Yadav,0.911,Gaya,ST,YELLOW
0.1,0.787,81.2,8.2,0.854,3,4,0,Kumar,0.927,Bengaluru Urban,General,GREEN
8.4,0.724,80.2,10.0,0.803,8,4,7,Paswan,0.784,Gaya,OBC,GREEN
2.2,0.868,95.6,9.9,0.871,7,4,3,Meena,0.887,Pune,OBC,GREEN
1.4,0.851,70.7,10.0,0.761,3,2,0,Khan,0.785,Pune,SC,GREEN
8.2,0.752,69.3,7.7,0.764,13,2,0,Patil,0.678,Pune,OBC,GREEN
5.9,0.478,52.9,1.8,0.34,7,3,0,Verma,0.262,Bengaluru Urban,General,RED
9.1,0.706,61.2,6.0,0.532,4,2,0,Singh,0.478,Mewat,OBC,GREEN
4.4,0.718,62.8,5.3,0.645,5,3,0,Munda,0.948,Pune,OBC,GREEN
2.4,0.606,48.3,5.8,0.681,3,2,0,Patil,0.532,Bastar,General,GREEN
4.0,0.533,47.4,7.6,0.589,3,3,16,Kumar,0.723,Mewat,ST,RED
1.1,0.466,65.4,2.8,0.509,3,4,0,Paswan,0.499,Pune,OBC,GREEN
0.7,0.415,38.3,4.9,0.433,6,4,2,Menon,0.709,Bastar,SC,YELLOW
1.8,0.637,66.1,6.3,0.638,11,2,27,Menon,0.501,Kalahandi,SC,GREEN
11.2,0.638,59.1,5.2,0.629,7,4,0,Patil,0.571,Mumbai Suburban,OBC,GREEN
2.0,0.819,84.2,8.9,0.836,12,1,0,Paswan,0.695,Bengaluru Urban,OBC,GREEN
0.4,0.618,73.8,8.2,0.739,9,4,0,Paswan,0.752,Bengaluru Urban,General,GREEN
3.0,0.662,70.1,9.5,0.787,3,3,9,Yadav,0.772,Mumbai Suburban,OBC,GREEN
2.0,0.681,64.2,6.9,0.638,5,3,0,Kumar,0.781,Mumbai Suburban,General,GREEN
8.5,0.855,80.6,4.3,0.747,4,3,0,Das,0.391,Bastar,General,YELLOW
10.6,0.319,22.9,3.8,0.301,10,3,0,Khan,0.783,Hyderabad,SC,YELLOW
2.3,0.582,67.0,8.2,0.653,9,3,0,Yadav,0.876,Mumbai Suburban,General,GREEN
4.4,0.687,76.3,5.4,0.69,6,4,0,Munda,0.921,Kalahandi,OBC,GREEN
4.7,0.696,63.3,10.0,0.731,9,1,33,Banerjee,0.513,Hyderabad,SC,GREEN
3.3,0.324,54.2,1.5,0.34,3,3,7,Verma,0.797,Bengaluru Urban,OBC,YELLOW
2.8,0.693,83.1,8.0,0.774,5,3,0,Munda,0.828,Bengaluru Urban,OBC,GREEN
1.3,0.525,24.1,6.5,0.526,4,2,0,Munda,0.702,Hyderabad,OBC,GREEN
0.3,0.804,69.4,8.5,0.806,3,3,0,Khan,0.454,Gaya,ST,GREEN
1.3,0.485,47.4,6.0,0.518,7,3,0,Khan,0.847,Bengaluru Urban,OBC,GREEN
3.2,0.203,25.9,2.0,0.262,8,4,0,Yadav,0.899,Kalahandi,SC,RED
0.6,0.438,53.2,5.1,0.563,4,4,0,Iyer,0.976,Bengaluru Urban,OBC,GREEN
4.2,0.733,64.0,6.8,0.712,7,4,0,Sharma,0.856,Gaya,SC,GREEN
3.7,0.751,96.3,5.0,0.739,6,3,0,Munda,0.657,Bengaluru Urban,General,GREEN
2.0,0.819,79.9,8.3,0.75,3,4,0,Verma,0.892,Pune,ST,GREEN
2.7,0.602,56.9,7.3,0.58,6,4,0,Khan,0.74,Pune,SC,GREEN
0.8,0.732,61.6,9.4,0.747,8,3,0,Verma,0.987,Kalahandi,General,GREEN
6.9,0.749,78.1,7.3,0.723,6,4,0,Menon,0.565,Bengaluru Urban,General,GREEN
6.8,0.506,64.6,7.8,0.635,11,3,0,Singh,0.662,Bengaluru Urban,OBC,GREEN
0.9,0.523,43.3,5.5,0.505,4,3,0,Singh,0.64,Mewat,OBC,YELLOW
1.0,0.793,94.4,10.0,0.939,5,3,24,Paswan,0.791,Mumbai Suburban,OBC,GREEN
1.3,0.934,90.4,10.0,0.942,8,2,0,Banerjee,0.518,Bastar,General,GREEN
5.6,0.515,56.1,5.7,0.573,3,4,0,Paswan,0.761,Pune,SC,GREEN
4.7,0.476,55.8,5.1,0.518,3,3,0,Singh,0.743,Bengaluru Urban,OBC,GREEN
8.1,0.256,39.7,5.4,0.299,5,3,0,Iyer,0.784,Bengaluru Urban,OBC,YELLOW
8.8,0.481,63.8,3.6,0.446,7,3,9,Yadav,0.683,Bengaluru Urban,OBC,GREEN
0.5,0.725,77.9,5.8,0.687,3,2,0,Singh,0.371,Gaya,SC,GREEN
5.4,0.906,74.6,6.3,0.7,6,2,0,Kumar,0.735,Kalahandi,General,GREEN
8.6,0.937,89.3,7.2,0.88,10,4,0,Munda,0.702,Mewat,General,GREEN
2.5,0.277,21.8,3.2,0.348,3,4,0,Gupta,0.703,Bengaluru Urban,General,YELLOW
3.4,0.63,73.5,6.0,0.716,3,3,3,Iyer,0.526,Hyderabad,OBC,GREEN
3.0,0.308,48.0,6.7,0.475,6,3,0,Gupta,0.891,Hyderabad,OBC,GREEN
3.1,0.715,73.4,7.3,0.801,3,3,0,Das,0.643,Bengaluru Urban,General,GREEN
6.9,0.203,36.1,5.0,0.362,5,3,8,Ansari,0.864,Hyderabad,ST,YELLOW
12.8,0.724,62.5,7.8,0.693,12,3,0,Yadav,0.691,Hyderabad,General,GREEN
10.2,0.897,89.9,7.7,0.825,12,3,0,Ansari,0.751,Mewat,OBC,GREEN
2.1,0.838,72.1,6.2,0.711,6,4,0,Khan,0.722,Bengaluru Urban,General,GREEN
4.4,0.875,93.2,7.2,0.823,3,3,0,Sharma,0.548,Hyderabad,OBC,GREEN
1.5,0.326,26.4,5.1,0.375,3,4,19,Deshmukh,0.905,Bengaluru Urban,OBC,RED
1.7,0.275,49.4,5.6,0.451,10,3,0,Deshmukh,0.786,Hyderabad,OBC,GREEN
3.3,0.349,34.4,2.6,0.318,8,3,0,Gupta,0.947,Kalahandi,ST,RED
1.7,0.434,47.5,6.1,0.528,5,4,0,Patil,0.702,Pune,OBC,GREEN
1.9,0.388,70.9,4.9,0.589,5,3,19,Ansari,0.525,Hyderabad,OBC,YELLOW
4.3,0.747,80.4,6.4,0.778,5,3,0,Deshmukh,0.921,Mumbai Suburban,General,GREEN
5.4,0.505,39.4,6.1,0.429,8,3,0,Ansari,0.821,Mumbai Suburban,OBC,GREEN
5.3,0.538,49.5,7.8,0.477,6,2,0,Deshmukh,0.639,Hyderabad,SC,GREEN
5.3,0.787,100.0,8.3,0.919,3,4,0,Sharma,0.698,Bengaluru Urban,General,GREEN
0.8,0.538,49.8,5.6,0.464,4,3,0,Sharma,0.406,Mumbai Suburban,SC,GREEN
1.6,0.483,48.9,4.3,0.456,3,4,0,Meena,0.391,Bengaluru Urban,OBC,YELLOW
3.6,0.51,74.4,6.9,0.589,9,4,14,Yadav,0.728,Kalahandi,OBC,RED
8.3,0.53,50.2,3.1,0.357,3,3,0,Sharma,0.363,Hyderabad,OBC,RED
18.1,0.458,57.8,6.6,0.592,5,4,26,Paswan,0.892,Hyderabad,OBC,YELLOW
4.6,0.163,29.8,0.0,0.192,7,4,0,Yadav,0.572,Gaya,OBC,RED
6.4,0.14,13.3,0.9,0.092,5,3,0,Yadav,0.282,Bengaluru Urban,OBC,RED
0.7,0.53,45.1,7.9,0.461,8,4,0,Yadav,0.731,Gaya,General,YELLOW
6.3,0.346,16.1,5.2,0.315,6,3,0,Menon,0.413,Mewat,General,RED
1.6,0.716,55.6,5.6,0.63,5,2,0,Ansari,0.818,Kalahandi,ST,GREEN
2.0,0.623,58.5,5.9,0.525,4,4,0,Ansari,0.142,Bengaluru Urban,OBC,YELLOW
7.1,0.584,54.8,4.8,0.547,3,2,0,Singh,0.802,Mumbai Suburban,General,GREEN
3.6,0.853,93.8,9.2,0.903,6,3,0,Patil,0.563,Bengaluru Urban,General,GREEN
0.2,0.441,43.6,7.3,0.565,5,2,1,Patil,0.667,Hyderabad,General,GREEN
2.1,0.803,72.9,8.3,0.793,7,4,1,Das,0.495,Mumbai Suburban,General,GREEN
10.6,0.616,75.2,5.2,0.581,3,2,2,Banerjee,0.792,Bengaluru Urban,OBC,GREEN
2.7,0.659,67.9,6.8,0.732,6,4,9,Yadav,0.713,Mumbai Suburban,OBC,GREEN
2.7,0.57,80.1,6.2,0.656,7,4,0,Gupta,0.986,Hyderabad,SC,GREEN
6.7,0.763,77.8,7.8,0.772,5,1,0,Iyer,0.74,Pune,SC,GREEN
4.7,0.367,52.2,4.4,0.396,6,4,0,Patil,0.685,Bengaluru Urban,General,GREEN
2.5,0.579,76.2,4.9,0.588,5,4,19,Iyer,0.804,Pune,General,YELLOW
1.9,0.749,95.0,10.0,0.855,6,3,0,Paswan,0.712,Mumbai Suburban,SC,GREEN
24.4,0.574,57.0,9.4,0.686,9,3,0,Sharma,0.631,Mewat,OBC,GREEN
9.3,0.528,50.1,6.5,0.645,7,3,0,Munda,0.635,Gaya,OBC,GREEN
5.3,0.771,80.1,6.4,0.669,7,2,0,Meena,0.82,Pune,ST,GREEN
5.6,0.699,72.2,6.6,0.613,6,4,0,Meena,0.73,Bengaluru Urban,General,GREEN
3.1,0.304,48.0,2.9,0.432,8,3,11,Yadav,0.667,Bengaluru Urban,SC,GREEN
4.7,0.741,89.6,4.9,0.699,3,3,0,Khan,0.463,Bastar,General,GREEN
2.8,0.608,48.9,4.1,0.469,7,3,0,Meena,0.455,Bengaluru Urban,SC,GREEN
1.4,0.659,60.2,7.2,0.712,5,1,0,Munda,0.944,Gaya,OBC,GREEN
4.8,0.62,84.0,6.4,0.67,7,1,2,Munda,0.675,Bengaluru Urban,OBC,GREEN
2.6,0.791,80.2,8.5,0.906,3,3,0,Menon,0.483,Bengaluru Urban,OBC,GREEN
5.0,0.75,85.2,4.2,0.708,3,3,0,Khan,0.455,Mewat,OBC,GREEN
5.9,0.572,73.9,5.7,0.603,8,4,17,Banerjee,0.593,Mewat,General,RED
5.3,0.866,77.2,6.2,0.861,8,3,0,Das,0.57,Hyderabad,OBC,GREEN
1.3,0.929,95.0,10.0,0.929,6,3,0,Meena,0.77,Mewat,OBC,GREEN
2.3,0.713,73.5,10.0,0.853,9,4,0,Meena,0.602,Mewat,OBC,GREEN
2.6,0.792,100.0,7.2,0.852,4,1,0,Ansari,0.884,Pune,General,GREEN
7.7,0.725,59.2,10.0,0.837,8,4,8,Munda,0.695,Bengaluru Urban,General,GREEN
7.4,0.841,62.9,9.5,0.885,3,2,0,Verma,0.881,Bastar,ST,GREEN
1.7,0.663,69.0,8.4,0.733,3,4,0,Yadav,0.56,Pune,General,GREEN
0.8,0.718,76.2,9.4,0.769,7,3,12,Menon,0.686,Bastar,General,GREEN
18.7,0.614,57.6,9.3,0.73,7,4,4,Das,0.747,Bengaluru Urban,SC,GREEN
5.1,0.881,79.9,9.0,0.826,3,4,0,Munda,0.832,Mewat,General,GREEN
0.7,0.673,82.2,9.1,0.902,7,4,8,Deshmukh,0.735,Gaya,General,GREEN
2.0,0.901,86.7,10.0,0.929,6,3,6,Sharma,0.705,Mumbai Suburban,General,GREEN
8.0,0.328,27.4,2.2,0.256,7,4,0,Banerjee,0.684,Gaya,SC,RED
15.6,0.72,82.0,7.4,0.769,14,4,0,Patil,0.844,Kalahandi,General,GREEN
13.7,0.75,88.4,8.9,0.774,11,4,1,Banerjee,0.652,Pune,OBC,GREEN
4.9,0.443,44.6,3.6,0.368,8,3,0,Meena,0.817,Pune,SC,GREEN
3.5,0.457,36.0,3.7,0.456,5,3,0,Menon,0.79,Mumbai Suburban,ST,GREEN
1.1,0.484,57.2,8.4,0.599,3,3,0,Ansari,0.82,Kalahandi,ST,YELLOW
3.8,0.502,40.8,3.8,0.378,4,2,0,Munda,0.726,Pune,SC,GREEN
1.3,0.647,77.6,6.4,0.714,4,4,0,Meena,0.666,Gaya,OBC,GREEN
2.3,0.931,92.3,9.6,0.997,4,2,0,Das,0.834,Kalahandi,SC,GREEN
7.1,0.706,73.7,8.2,0.79,8,4,0,Munda,0.837,Hyderabad,General,GREEN
2.8,0.609,65.3,5.3,0.647,4,2,0,Sharma,0.897,Bengaluru Urban,OBC,GREEN
2.6,0.763,56.8,7.3,0.649,8,2,0,Kumar,0.76,Bengaluru Urban,OBC,GREEN
3.3,0.645,79.3,5.4,0.588,7,4,3,Kumar,0.654,Gaya,ST,YELLOW
20.7,0.837,81.6,6.5,0.843,15,3,0,Das,0.389,Kalahandi,General,YELLOW
1.0,0.537,50.3,6.4,0.544,4,1,0,Menon,0.66,Kalahandi,General,GREEN
4.5,0.522,51.5,5.6,0.52,3,3,0,Paswan,0.229,Pune,SC,YELLOW
12.9,0.502,53.4,7.0,0.645,5,3,0,Kumar,0.616,Mumbai Suburban,OBC,GREEN
3.3,0.511,72.1,5.6,0.625,3,4,0,Sharma,0.787,Bengaluru Urban,OBC,GREEN
9.2,0.475,49.8,3.5,0.464,10,4,0,Deshmukh,0.402,Mumbai Suburban,OBC,GREEN
0.7,0.746,83.4,6.8,0.862,6,4,7,Iyer,0.682,Mumbai Suburban,General,GREEN
2.9,0.791,91.0,7.9,0.798,5,4,1,Yadav,0.788,Hyderabad,OBC,GREEN
1.5,0.557,63.8,6.3,0.655,4,4,6,Meena,0.746,Mumbai Suburban,OBC,GREEN
3.3,0.531,68.6,5.4,0.589,4,2,0,Singh,0.339,Mumbai Suburban,SC,GREEN
3.4,0.826,67.4,5.9,0.71,4,4,0,Kumar,0.637,Mumbai Suburban,SC,GREEN
3.7,0.67,57.4,6.2,0.698,3,2,0,Yadav,0.895,Bastar,OBC,GREEN
7.0,0.495,35.3,1.6,0.361,7,2,1,Gupta,0.765,Pune,General,GREEN
0.1,0.751,87.4,5.6,0.755,4,3,0,Sharma,0.667,Gaya,OBC,GREEN
1.9,0.673,54.4,8.7,0.749,3,2,0,Ansari,0.904,Pune,OBC,GREEN
4.2,0.45,43.3,2.5,0.359,3,1,0,Munda,0.817,Gaya,OBC,YELLOW
0.3,0.633,55.3,7.0,0.587,3,3,2,Ansari,0.843,Pune,OBC,GREEN
5.9,0.504,45.4,7.1,0.504,5,4,0,Munda,0.739,Kalahandi,General,YELLOW
1.8,0.853,75.3,8.3,0.714,3,3,0,Iyer,0.692,Kalahandi,OBC,GREEN
2.9,0.494,57.3,2.9,0.555,8,3,13,Banerjee,0.427,Gaya,SC,RED
7.3,0.78,100.0,8.5,0.822,5,4,0,Verma,0.931,Hyderabad,OBC,GREEN
9.5,0.69,54.7,8.2,0.675,8,3,0,Iyer,0.372,Bastar,OBC,YELLOW
6.1,0.714,65.0,9.1,0.744,6,4,0,Meena,0.59,Bengaluru Urban,OBC,GREEN
1.0,0.961,100.0,9.2,0.976,6,2,0,Munda,0.647,Mumbai Suburban,ST,GREEN
5.8,0.623,65.8,5.9,0.664,7,3,0,Kumar,0.703,Pune,OBC,GREEN
6.1,0.538,46.1,7.6,0.629,6,4,3,Khan,0.953,Bengaluru Urban,OBC,GREEN
5.2,0.831,73.4,6.1,0.696,8,1,0,Khan,0.512,Kalahandi,General,GREEN
10.7,0.674,65.2,7.9,0.697,9,4,29,Khan,0.419,Mumbai Suburban,SC,GREEN
3.8,0.712,79.3,7.6,0.769,3,3,10,Gupta,0.81,Bengaluru Urban,OBC,GREEN
10.3,0.799,70.2,4.8,0.648,8,4,0,Sharma,0.252,Mewat,OBC,YELLOW
10.3,0.707,78.8,4.9,0.742,4,4,0,Munda,0.902,Bengaluru Urban,OBC,GREEN
6.3,0.264,40.8,6.4,0.462,7,4,36,Patil,0.928,Gaya,OBC,RED
4.6,0.904,63.9,8.7,0.841,6,2,0,Deshmukh,0.774,Bengaluru Urban,General,GREEN
5.2,0.796,85.7,7.1,0.821,7,4,0,Menon,0.664,Mumbai Suburban,General,GREEN
12.4,0.693,59.3,8.2,0.761,7,4,16,Khan,0.832,Mumbai Suburban,General,GREEN
8.2,0.588,63.9,4.0,0.551,9,4,0,Gupta,0.494,Pune,General,GREEN
1.1,0.746,90.6,6.7,0.709,5,1,0,Khan,0.852,Mumbai Suburban,OBC,GREEN
5.0,0.488,40.3,4.1,0.454,4,2,0,Patil,0.639,Gaya,ST,GREEN
1.4,0.227,25.2,2.8,0.22,6,4,0,Das,0.934,Bastar,OBC,RED
1.8,0.783,85.6,9.0,0.82,8,1,0,Deshmukh,0.598,Hyderabad,General,GREEN
2.4,0.575,65.3,3.5,0.555,5,1,0,Sharma,0.912,Pune,ST,GREEN
0.6,0.666,79.9,9.2,0.857,3,3,0,Iyer,0.709,Bengaluru Urban,OBC,GREEN
1.3,0.188,23.1,1.0,0.174,3,3,0,Verma,0.68,Bastar,General,RED
11.1,0.449,42.4,3.9,0.436,4,4,0,Kumar,0.471,Mumbai Suburban,OBC,GREEN
1.8,0.574,63.9,5.7,0.679,8,1,0,Menon,0.913,Mumbai Suburban,SC,GREEN
7.1,0.713,94.2,7.2,0.804,7,3,36,Verma,0.822,Gaya,OBC,YELLOW
4.1,0.659,75.8,7.3,0.846,6,3,0,Yadav,0.495,Mumbai Suburban,OBC,GREEN
5.6,0.418,43.7,3.5,0.43,3,4,0,Meena,0.77,Gaya,General,YELLOW
5.8,0.61,44.2,8.7,0.553,9,3,0,Munda,0.855,Gaya,ST,YELLOW
1.2,0.563,50.7,7.1,0.631,4,3,0,Patil,0.573,Bengaluru Urban,OBC,GREEN
7.0,0.372,35.0,3.1,0.363,9,4,0,Verma,0.762,Mumbai Suburban,General,YELLOW
0.8,0.74,68.0,6.1,0.741,9,4,0,Verma,0.558,Hyderabad,SC,GREEN
1.7,0.638,57.2,8.0,0.704,5,2,0,Menon,0.945,Mewat,OBC,GREEN
5.7,0.196,15.3,0.7,0.133,6,4,0,Yadav,0.614,Mumbai Suburban,General,RED
1.1,0.835,92.1,8.6,0.811,6,4,0,Sharma,0.72,Kalahandi,General,GREEN
0.2,0.498,45.8,5.0,0.475,4,3,1,Das,0.48,Kalahandi,General,YELLOW
4.8,0.712,65.0,8.3,0.688,9,4,0,Ansari,0.588,Mumbai Suburban,General,GREEN
0.5,0.736,59.3,5.6,0.601,6,1,0,Menon,0.416,Mewat,OBC,GREEN
6.2,0.49,54.7,4.3,0.518,4,4,0,Banerjee,0.837,Bengaluru Urban,OBC,GREEN
2.6,0.763,78.4,9.2,0.906,6,3,6,Banerjee,0.759,Mumbai Suburban,General,GREEN
4.7,0.748,80.2,5.2,0.71,12,3,0,Kumar,0.792,Hyderabad,General,GREEN
4.6,0.469,44.4,3.6,0.365,3,1,5,Singh,0.304,Bengaluru Urban,OBC,YELLOW
6.6,0.536,70.8,3.9,0.567,5,4,5,Khan,0.836,Kalahandi,ST,YELLOW
5.9,0.728,86.3,6.5,0.807,5,3,0,Meena,0.83,Bengaluru Urban,General,GREEN
1.1,0.647,56.1,7.5,0.622,9,4,6,Kumar,0.815,Mewat,General,GREEN
2.8,0.539,34.4,4.8,0.448,3,3,0,Khan,0.598,Mewat,OBC,YELLOW
4.7,0.403,36.7,6.3,0.467,3,4,0,Khan,0.651,Gaya,SC,YELLOW
10.5,0.319,15.5,4.2,0.259,9,2,0,Munda,0.628,Bastar,General,YELLOW
5.9,0.609,51.6,5.8,0.601,3,2,14,Paswan,0.669,Hyderabad,General,GREEN
9.8,0.497,56.1,5.1,0.517,7,4,0,Gupta,0.582,Gaya,OBC,YELLOW
4.9,0.398,39.7,2.8,0.379,3,3,0,Menon,0.656,Kalahandi,OBC,RED
8.4,0.639,75.1,7.6,0.672,4,4,0,Das,0.854,Gaya,General,GREEN
4.4,0.68,62.2,9.2,0.719,5,2,0,Gupta,0.906,Gaya,OBC,GREEN
8.1,0.649,67.7,5.2,0.651,10,4,4,Sharma,0.724,Mumbai Suburban,OBC,GREEN
2.5,0.488,36.1,5.7,0.454,8,3,0,Yadav,0.928,Kalahandi,OBC,YELLOW
11.4,0.69,67.7,7.9,0.805,4,4,0,Yadav,0.868,Bengaluru Urban,OBC,GREEN
5.4,0.5,37.0,3.6,0.39,6,3,0,Gupta,0.876,Bengaluru Urban,ST,GREEN
0.6,0.936,100.0,7.9,0.92,4,1,0,Menon,0.608,Hyderabad,OBC,GREEN
4.8,0.583,50.2,3.6,0.528,10,3,0,Kumar,0.671,Pune,OBC,GREEN
5.9,0.611,68.3,7.4,0.607,3,4,0,Gupta,0.899,Mumbai Suburban,OBC,GREEN
7.2,0.564,54.0,5.1,0.45,4,2,0,Patil,0.735,Bengaluru Urban,SC,GREEN
14.4,0.873,91.2,7.6,0.772,10,1,3,Menon,0.649,Pune,OBC,GREEN
2.1,0.618,62.2,9.8,0.803,3,4,0,Iyer,0.6,Gaya,OBC,GREEN
14.5,0.766,71.3,4.8,0.625,8,4,7,Menon,0.48,Kalahandi,OBC,GREEN
3.5,0.81,77.7,10.0,0.99,5,2,0,Gupta,0.549,Pune,OBC,GREEN
1.6,0.836,100.0,5.6,0.77,7,4,3,Kumar,0.859,Bengaluru Urban,ST,GREEN
2.2,0.703,70.1,7.1,0.714,3,2,15,Iyer,0.554,Bengaluru Urban,OBC,GREEN
5.7,0.581,74.7,3.8,0.646,3,4,1,Paswan,0.598,Mumbai Suburban,General,GREEN
1.4,0.526,67.3,5.3,0.677,3,3,26,Sharma,0.928,Kalahandi,OBC,YELLOW
2.5,0.477,54.1,3.0,0.542,7,3,5,Khan,0.434,Mumbai Suburban,General,GREEN
4.7,0.832,80.8,7.8,0.867,6,4,0,Deshmukh,0.574,Bengaluru Urban,OBC,GREEN
11.3,0.67,82.8,8.4,0.831,5,4,15,Meena,0.938,Pune,General,GREEN
7.1,0.681,63.0,8.1,0.737,14,1,0,Singh,0.739,Bengaluru Urban,OBC,GREEN
3.6,0.395,58.5,4.6,0.519,3,2,11,Singh,0.537,Bengaluru Urban,SC,GREEN
5.6,0.618,53.9,7.2,0.598,15,3,0,Yadav,0.752,Pune,General,GREEN
4.3,0.836,86.6,8.5,0.81,3,4,0,Singh,0.331,Kalahandi,OBC,YELLOW
0.9,0.765,84.8,7.9,0.801,3,4,8,Meena,0.741,Kalahandi,OBC,GREEN
12.8,0.606,63.9,7.9,0.67,4,4,0,Ansari,0.753,Gaya,ST,GREEN
11.5,0.808,93.0,10.0,0.89,7,3,0,Menon,0.867,Bengaluru Urban,General,GREEN
3.3,0.554,51.5,8.8,0.684,6,3,0,Yadav,0.757,Pune,OBC,GREEN
2.2,0.688,59.9,9.3,0.787,5,2,0,Menon,0.734,Mumbai Suburban,OBC,GREEN
1.0,0.827,97.9,10.0,0.94,5,4,10,Paswan,0.554,Bengaluru Urban,OBC,GREEN
5.9,0.8,89.6,10.0,0.973,5,3,0,Yadav,0.821,Gaya,ST,GREEN
6.0,0.66,68.5,6.4,0.605,9,3,0,Banerjee,0.884,Mumbai Suburban,SC,GREEN
1.5,0.622,76.6,6.6,0.673,8,3,4,Munda,0.985,Mewat,General,GREEN
4.4,0.697,74.7,8.0,0.712,5,3,7,Gupta,0.631,Gaya,General,GREEN
6.9,0.576,50.5,5.3,0.444,12,3,0,Munda,0.961,Gaya,General,YELLOW
2.1,0.503,62.8,6.5,0.59,3,3,20,Iyer,0.683,Gaya,General,RED
2.9,0.503,49.8,4.7,0.484,5,3,0,Yadav,0.902,Mumbai Suburban,SC,GREEN
2.9,0.597,59.4,6.6,0.693,5,3,5,Iyer,0.652,Mumbai Suburban,SC,GREEN
1.6,0.502,57.8,3.4,0.505,8,4,0,Iyer,0.66,Mumbai Suburban,General,GREEN
3.0,0.675,89.8,7.2,0.713,3,3,11,Singh,0.801,Hyderabad,OBC,GREEN
0.5,0.968,99.9,10.0,1.0,11,2,0,Das,0.707,Bengaluru Urban,OBC,GREEN
2.7,0.049,6.0,1.3,0.141,7,3,0,Verma,0.755,Gaya,General,RED
2.8,0.615,83.7,8.9,0.81,4,2,7,Patil,0.915,Gaya,General,GREEN
3.3,0.429,49.8,3.9,0.428,7,3,1,Ansari,0.728,Gaya,General,YELLOW
5.3,0.658,62.4,6.7,0.603,5,4,0,Banerjee,0.713,Mewat,ST,YELLOW
0.9,0.821,88.1,8.5,0.832,6,2,0,Meena,0.922,Kalahandi,OBC,GREEN
1.1,0.368,37.4,4.2,0.442,6,2,9,Verma,0.511,Kalahandi,OBC,GREEN
1.6,0.574,76.5,5.0,0.707,5,3,22,Paswan,0.981,Bengaluru Urban,OBC,GREEN
0.8,0.516,57.0,6.5,0.656,9,4,0,Kumar,0.835,Gaya,OBC,GREEN
5.8,0.462,51.3,3.6,0.421,4,3,0,Ansari,0.575,Hyderabad,SC,GREEN
2.0,0.808,73.5,8.6,0.745,6,3,0,Paswan,0.933,Gaya,SC,GREEN
3.4,0.788,91.5,6.0,0.775,3,4,23,Sharma,0.822,Bengaluru Urban,General,GREEN
1.4,0.782,78.5,7.3,0.677,3,3,4,Munda,0.861,Pune,SC,GREEN
2.5,0.626,70.3,6.6,0.679,4,3,2,Banerjee,0.961,Bengaluru Urban,General,GREEN
4.6,0.289,36.1,4.5,0.359,3,1,11,Kumar,0.87,Mewat,SC,YELLOW
4.8,0.709,56.2,5.7,0.59,7,4,0,Munda,0.702,Bengaluru Urban,General,GREEN
1.2,0.83,94.4,8.3,0.788,3,3,16,Khan,0.7,Mewat,SC,YELLOW
3.2,0.66,95.3,7.7,0.82,4,2,0,Khan,0.33,Bengaluru Urban,ST,GREEN
1.4,0.62,63.9,9.7,0.716,7,3,0,Deshmukh,0.541,Bengaluru Urban,General,GREEN
3.1,0.379,47.8,5.1,0.397,3,3,0,Munda,0.674,Kalahandi,SC,YELLOW
1.8,0.241,26.5,4.3,0.168,8,2,0,Verma,0.805,Bastar,OBC,YELLOW
13.4,0.707,59.3,7.0,0.665,7,3,0,Munda,0.721,Mumbai Suburban,OBC,GREEN
6.9,0.796,97.6,10.0,1.0,4,3,31,Khan,0.894,Bengaluru Urban,OBC,GREEN
4.9,0.499,46.5,6.4,0.618,6,3,0,Khan,0.862,Bengaluru Urban,SC,GREEN
2.7,0.745,72.5,6.5,0.684,6,3,0,Gupta,0.983,Gaya,OBC,GREEN
7.0,0.598,50.2,6.8,0.563,8,3,4,Sharma,0.512,Bengaluru Urban,SC,GREEN
3.3,0.663,75.7,6.7,0.72,7,3,0,Yadav,0.672,Pune,SC,GREEN
12.4,0.171,13.7,2.8,0.146,8,4,0,Khan,0.632,Mewat,ST,RED
7.6,0.604,73.9,5.7,0.653,11,3,0,Gupta,0.831,Gaya,OBC,GREEN
2.4,0.651,56.5,4.8,0.604,9,4,4,Gupta,0.913,Hyderabad,OBC,GREEN
11.4,0.705,74.6,7.1,0.782,6,1,0,Khan,0.767,Bastar,SC,GREEN
2.7,0.326,36.8,5.0,0.393,5,4,0,Menon,0.964,Bastar,ST,RED
14.0,0.71,62.5,8.8,0.728,7,3,0,Banerjee,0.902,Bastar,General,GREEN
11.9,0.913,75.9,7.0,0.747,10,3,0,Meena,0.604,Gaya,OBC,GREEN
4.5,0.824,79.5,9.0,0.798,10,3,0,Munda,0.931,Mewat,OBC,GREEN
0.5,0.493,51.6,6.5,0.542,3,4,0,Paswan,0.814,Mewat,OBC,YELLOW
4.3,0.629,57.2,7.0,0.652,7,3,0,Yadav,0.851,Bengaluru Urban,OBC,GREEN
1.0,0.362,26.7,3.9,0.385,7,4,0,Ansari,0.411,Bastar,ST,RED
1.9,0.654,75.3,4.9,0.592,5,4,0,Yadav,0.643,Kalahandi,OBC,YELLOW
2.0,0.786,75.8,6.6,0.809,6,3,0,Khan,0.66,Mumbai Suburban,OBC,GREEN
1.0,0.789,92.6,10.0,0.891,7,3,9,Kumar,0.614,Mewat,ST,GREEN
4.3,0.813,98.5,8.1,0.868,11,4,0,Banerjee,0.831,Bengaluru Urban,SC,GREEN
1.7,0.527,44.6,7.5,0.537,11,3,1,Gupta,0.853,Gaya,OBC,YELLOW
2.8,0.48,35.5,5.3,0.334,3,1,0,Sharma,0.524,Hyderabad,OBC,GREEN
2.0,0.568,78.6,5.6,0.682,4,4,36,Deshmukh,0.918,Bengaluru Urban,OBC,GREEN
5.3,0.625,64.5,3.8,0.587,8,4,4,Kumar,0.463,Pune,OBC,GREEN
5.0,0.417,42.3,1.9,0.329,5,3,0,Das,0.659,Mumbai Suburban,SC,YELLOW
2.6,0.731,92.4,8.8,0.848,4,3,0,Menon,0.615,Bengaluru Urban,General,GREEN
5.5,0.89,81.3,7.2,0.833,3,2,0,Kumar,0.268,Bastar,General,GREEN
9.2,0.193,27.1,3.8,0.203,3,4,0,Sharma,0.597,Bengaluru Urban,General,YELLOW
0.2,0.384,27.3,3.2,0.299,3,4,0,Banerjee,0.38,Pune,General,RED
1.9,0.842,83.5,7.6,0.852,3,3,0,Meena,0.452,Mewat,General,GREEN
1.3,0.515,47.7,6.9,0.498,6,3,0,Iyer,0.759,Mumbai Suburban,OBC,GREEN
1.8,0.839,83.9,8.7,0.864,8,3,0,Sharma,0.829,Bengaluru Urban,General,GREEN
0.1,0.776,77.0,7.8,0.708,3,3,6,Ansari,0.689,Bengaluru Urban,OBC,GREEN
2.1,0.695,87.5,7.5,0.797,8,3,0,Banerjee,0.937,Mumbai Suburban,SC,GREEN
10.2,0.48,41.4,6.6,0.516,7,3,0,Patil,0.93,Kalahandi,OBC,YELLOW
4.0,0.34,23.7,0.5,0.128,7,1,1,Deshmukh,0.482,Mewat,General,RED
5.4,0.428,63.1,6.2,0.618,4,3,0,Ansari,0.525,Bengaluru Urban,SC,GREEN
25.0,0.737,70.2,8.0,0.71,4,3,0,Iyer,0.626,Kalahandi,ST,GREEN
12.6,0.503,44.1,3.5,0.391,4,3,4,Kumar,0.295,Mewat,OBC,RED
3.4,0.762,82.2,7.9,0.801,8,2,0,Sharma,0.811,Bastar,OBC,GREEN
2.3,0.254,38.5,4.1,0.407,5,4,8,Munda,0.381,Pune,General,YELLOW
2.0,0.754,81.3,9.8,0.798,7,4,0,Meena,0.735,Hyderabad,OBC,GREEN
4.7,0.41,49.0,5.2,0.476,8,3,0,Sharma,0.829,Bengaluru Urban,SC,GREEN
2.3,0.751,93.5,9.0,0.883,7,4,0,Ansari,0.835,Pune,OBC,GREEN
1.0,0.793,69.0,8.5,0.812,8,3,0,Patil,0.579,Gaya,General,GREEN
2.0,0.81,92.5,7.7,0.844,4,3,0,Paswan,0.574,Bastar,ST,GREEN
4.8,0.392,29.3,5.1,0.38,8,4,0,Meena,0.584,Bengaluru Urban,General,GREEN
6.2,0.767,81.6,8.3,0.763,6,3,15,Iyer,0.8,Pune,ST,GREEN
13.6,0.586,49.6,4.8,0.525,7,4,0,Deshmukh,0.722,Mewat,General,YELLOW
3.8,0.402,38.8,3.9,0.34,6,4,0,Das,0.814,Mewat,General,RED
9.6,0.649,70.4,3.8,0.432,3,4,25,Ansari,0.393,Mumbai Suburban,OBC,RED
2.9,0.63,80.7,4.9,0.664,5,3,5,Iyer,0.694,Hyderabad,OBC,GREEN
3.3,0.791,79.3,10.0,0.907,6,1,0,Singh,0.803,Gaya,OBC,GREEN
3.1,0.588,63.6,8.1,0.56,9,3,0,Das,0.645,Bengaluru Urban,SC,GREEN
4.2,0.674,63.6,6.9,0.616,8,4,6,Singh,0.838,Mumbai Suburban,General,GREEN
7.1,0.789,93.0,9.2,0.911,11,4,0,Deshmukh,0.824,Bastar,OBC,GREEN
2.2,0.61,70.0,6.0,0.74,4,4,7,Kumar,0.61,Gaya,SC,GREEN
1.3,0.848,87.3,10.0,0.908,5,3,0,Munda,0.894,Bengaluru Urban,SC,GREEN
7.6,0.505,49.2,5.4,0.476,10,2,0,Verma,0.969,Pune,OBC,GREEN
7.2,0.624,68.1,6.0,0.626,6,2,33,Sharma,0.565,Bengaluru Urban,OBC,GREEN
10.8,0.886,97.1,8.4,0.968,7,2,3,Khan,0.662,Bengaluru Urban,SC,GREEN
1.9,0.727,89.0,7.2,0.747,5,4,0,Paswan,0.899,Bengaluru Urban,General,GREEN
2.8,0.458,44.6,7.2,0.501,4,4,25,Menon,0.942,Kalahandi,General,RED
7.8,0.409,34.4,4.0,0.36,9,2,0,Paswan,0.795,Hyderabad,OBC,GREEN
2.2,0.742,73.2,4.1,0.58,4,3,0,Iyer,0.485,Bengaluru Urban,OBC,GREEN
6.0,0.317,39.9,3.0,0.345,10,3,0,Das,0.647,Mumbai Suburban,OBC,YELLOW
2.9,0.965,100.0,8.5,1.0,6,2,0,Banerjee,0.885,Bengaluru Urban,OBC,GREEN
4.7,0.412,32.5,0.9,0.292,7,3,0,Yadav,0.402,Pune,General,YELLOW
0.9,0.334,27.9,2.7,0.282,4,4,1,Iyer,0.848,Hyderabad,OBC,YELLOW
3.8,0.806,82.1,3.8,0.654,5,4,0,Iyer,0.334,Pune,General,GREEN
9.0,0.775,85.8,7.2,0.706,5,2,25,Sharma,0.896,Bastar,SC,GREEN
6.7,0.64,49.6,6.7,0.646,3,2,0,Das,0.722,Gaya,OBC,GREEN
1.2,0.813,77.5,9.3,0.835,3,3,0,Patil,0.905,Bastar,OBC,GREEN
12.8,0.513,44.0,6.4,0.522,10,4,0,Yadav,0.576,Mewat,OBC,YELLOW
8.6,0.829,90.5,10.0,1.0,9,4,0,Yadav,0.657,Mewat,OBC,GREEN
1.0,0.378,41.7,6.1,0.483,5,3,0,Patil,0.676,Mumbai Suburban,OBC,GREEN
2.1,0.47,39.7,1.7,0.308,8,1,0,Yadav,0.436,Bengaluru Urban,OBC,GREEN
1.1,0.716,64.8,5.6,0.62,7,3,0,Verma,0.934,Hyderabad,SC,GREEN
4.8,0.705,61.5,7.1,0.734,8,2,0,Khan,0.791,Gaya,OBC,GREEN
2.0,0.661,58.4,7.4,0.667,5,2,6,Iyer,0.687,Mewat,OBC,GREEN
0.2,0.171,25.5,0.5,0.087,6,2,0,Menon,0.959,Pune,OBC,YELLOW
3.3,0.554,70.6,6.4,0.679,3,4,0,Paswan,0.743,Bengaluru Urban,General,GREEN
7.4,0.567,44.9,8.4,0.585,6,1,0,Banerjee,0.526,Hyderabad,ST,GREEN
3.9,0.522,75.0,4.5,0.668,6,3,15,Das,0.637,Mumbai Suburban,General,GREEN
5.6,0.395,51.6,4.5,0.508,7,4,1,Deshmukh,0.804,Mumbai Suburban,OBC,GREEN
4.2,0.254,20.1,4.1,0.266,5,2,0,Singh,0.956,Pune,ST,GREEN
6.5,0.598,72.4,6.2,0.711,7,4,0,Iyer,0.956,Bengaluru Urban,OBC,GREEN
4.5,0.595,51.6,6.6,0.594,6,2,0,Patil,0.706,Bengaluru Urban,General,GREEN
3.1,0.579,62.0,7.7,0.699,5,4,2,Sharma,0.845,Bastar,General,GREEN
3.8,0.473,71.5,4.3,0.564,3,2,0,Singh,0.604,Mumbai Suburban,OBC,GREEN
11.1,0.626,64.9,5.2,0.556,7,4,0,Gupta,0.678,Gaya,General,YELLOW
5.8,0.535,50.1,5.7,0.503,3,3,0,Munda,0.811,Bastar,OBC,YELLOW
1.2,0.654,52.3,5.4,0.624,3,3,0,Iyer,0.782,Gaya,SC,GREEN
3.8,0.499,55.7,4.7,0.492,10,3,0,Yadav,0.787,Bengaluru Urban,ST,GREEN
4.7,0.84,99.0,9.6,0.91,5,3,2,Banerjee,0.551,Bengaluru Urban,General,GREEN
3.0,0.667,64.6,7.4,0.637,3,3,0,Paswan,0.802,Bengaluru Urban,General,GREEN
0.2,0.293,47.7,5.7,0.468,7,4,16,Kumar,0.953,Pune,OBC,YELLOW
1.4,0.861,83.5,9.0,0.968,9,2,0,Ansari,0.678,Bengaluru Urban,General,GREEN
2.3,0.558,51.9,4.9,0.469,3,4,4,Singh,0.863,Kalahandi,OBC,YELLOW
13.9,0.631,73.0,5.3,0.632,5,3,0,Banerjee,0.617,Hyderabad,General,GREEN
5.3,0.504,44.5,7.3,0.63,3,3,22,Singh,0.695,Mumbai Suburban,OBC,GREEN
0.5,0.6,61.1,7.2,0.64,7,1,11,Yadav,0.8,Bastar,General,GREEN
3.2,0.772,82.1,7.4,0.8,3,2,4,Das,0.81,Mewat,SC,GREEN
9.8,0.384,41.6,4.9,0.377,5,3,0,Ansari,0.803,Mumbai Suburban,General,GREEN
1.9,0.488,61.9,5.1,0.56,11,4,28,Ansari,0.573,Bengaluru Urban,OBC,YELLOW
8.1,0.32,35.7,0.0,0.216,12,3,0,Sharma,0.763,Mumbai Suburban,OBC,YELLOW
0.5,0.88,100.0,10.0,1.0,3,1,0,Deshmukh,0.688,Bengaluru Urban,General,GREEN
9.0,0.414,45.3,5.6,0.535,10,3,0,Verma,0.677,Bastar,OBC,YELLOW
2.2,0.826,64.8,8.1,0.891,3,1,0,Iyer,0.777,Gaya,SC,GREEN
2.4,0.603,51.6,5.2,0.575,3,3,0,Munda,0.757,Kalahandi,SC,YELLOW
4.2,0.734,74.3,7.5,0.759,4,3,0,Verma,0.715,Kalahandi,OBC,GREEN
5.2,0.554,63.0,2.9,0.501,6,1,0,Das,0.759,Mewat,OBC,GREEN
0.0,0.731,79.7,8.0,0.758,3,4,2,Munda,0.544,Gaya,OBC,GREEN
1.8,0.49,72.0,3.3,0.53,3,4,11,Singh,0.54,Bengaluru Urban,OBC,GREEN
3.7,0.791,67.8,8.6,0.762,6,4,0,Banerjee,0.975,Bastar,OBC,GREEN
5.2,0.484,54.7,2.8,0.445,7,3,0,Deshmukh,0.473,Bastar,SC,YELLOW
1.2,0.498,55.4,6.1,0.62,4,3,7,Singh,0.694,Mumbai Suburban,ST,GREEN
2.9,0.702,69.0,4.3,0.557,7,4,6,Das,0.199,Mewat,OBC,RED
1.9,0.633,76.8,7.6,0.777,5,4,0,Deshmukh,0.387,Hyderabad,General,GREEN
4.3,0.583,57.6,6.9,0.682,4,3,0,Menon,0.749,Pune,OBC,GREEN
8.8,0.206,19.2,2.3,0.203,4,3,12,Verma,0.848,Pune,OBC,YELLOW
2.5,0.719,68.2,7.4,0.608,7,4,0,Gupta,0.859,Bastar,OBC,YELLOW
0.7,0.222,23.4,4.6,0.275,4,2,0,Ansari,0.816,Pune,SC,GREEN
1.7,0.589,60.8,4.5,0.614,5,1,0,Munda,0.675,Gaya,OBC,GREEN
12.7,0.699,66.0,5.8,0.645,12,3,0,Yadav,0.923,Bengaluru Urban,General,GREEN
1.4,0.846,84.0,7.2,0.752,4,4,0,Kumar,0.638,Mumbai Suburban,OBC,GREEN
0.9,0.625,69.6,5.7,0.605,3,3,0,Munda,0.675,Bengaluru Urban,OBC,GREEN
2.4,0.893,99.7,10.0,1.0,8,3,0,Sharma,0.804,Bengaluru Urban,General,GREEN
3.2,0.747,81.7,7.1,0.785,7,3,4,Das,0.845,Bengaluru Urban,OBC,GREEN
2.0,0.516,50.1,5.0,0.494,5,4,0,Khan,0.704,Gaya,OBC,YELLOW
0.5,0.707,63.3,7.4,0.675,5,1,0,Das,0.699,Mumbai Suburban,SC,GREEN
4.6,0.772,94.1,8.5,0.835,8,2,21,Patil,0.751,Bengaluru Urban,OBC,GREEN
4.3,0.511,68.2,7.1,0.588,8,3,0,Iyer,0.787,Mumbai Suburban,OBC,GREEN
6.3,0.632,65.4,8.9,0.806,6,4,16,Ansari,0.53,Gaya,SC,YELLOW
4.2,0.363,36.5,4.6,0.38,8,4,1,Meena,0.744,Mumbai Suburban,SC,GREEN
11.9,0.396,54.5,4.9,0.538,10,3,12,Munda,0.565,Mewat,SC,YELLOW
6.7,0.688,75.5,8.8,0.85,3,3,0,Meena,0.899,Bengaluru Urban,OBC,GREEN
5.6,0.421,48.0,3.5,0.467,6,4,2,Khan,0.799,Gaya,OBC,YELLOW
9.0,0.208,23.5,1.3,0.169,4,3,4,Kumar,0.909,Gaya,OBC,RED
4.0,0.686,72.3,6.2,0.697,10,1,0,Meena,0.596,Mumbai Suburban,SC,GREEN
2.9,0.72,68.0,9.4,0.779,10,3,0,Sharma,0.797,Bastar,SC,GREEN
4.6,0.69,54.0,6.1,0.568,8,3,0,Menon,0.554,Pune,OBC,GREEN
0.2,0.757,82.6,7.2,0.784,3,4,1,Ansari,0.655,Pune,OBC,GREEN
4.0,0.694,81.3,7.7,0.7,5,3,0,Meena,0.78,Bengaluru Urban,SC,GREEN
3.2,0.495,52.4,4.9,0.562,7,2,0,Patil,0.638,Bengaluru Urban,OBC,GREEN
5.0,0.838,81.4,8.3,0.804,8,3,4,Gupta,0.531,Pune,OBC,GREEN
8.1,0.798,82.0,9.5,0.866,9,1,9,Ansari,0.715,Hyderabad,ST,GREEN
5.8,0.404,73.0,4.6,0.545,5,4,12,Deshmukh,0.678,Bastar,SC,YELLOW
1.7,0.878,96.3,10.0,0.934,11,3,0,Gupta,0.675,Pune,OBC,GREEN
7.1,0.423,18.8,5.1,0.403,4,3,0,Verma,0.765,Bastar,ST,YELLOW
12.0,0.615,60.7,8.2,0.657,8,3,0,Ansari,0.767,Bengaluru Urban,ST,GREEN
8.2,0.464,49.2,3.9,0.492,8,3,0,Patil,0.798,Mumbai Suburban,OBC,GREEN
0.8,0.381,38.7,4.9,0.352,4,4,24,Munda,0.852,Mumbai Suburban,OBC,RED
5.7,0.77,75.7,4.9,0.679,9,2,0,Singh,0.712,Bengaluru Urban,General,GREEN
0.9,0.247,19.7,3.0,0.345,6,2,0,Kumar,0.49,Hyderabad,OBC,GREEN
2.7,0.484,55.4,7.3,0.539,10,3,0,Yadav,0.349,Pune,SC,YELLOW
4.9,0.848,86.9,8.5,0.822,5,4,6,Iyer,0.827,Pune,OBC,GREEN
4.4,0.477,45.7,5.8,0.53,4,3,0,Singh,0.865,Bengaluru Urban,General,GREEN
8.1,0.723,73.9,7.9,0.76,5,4,0,Meena,0.573,Bengaluru Urban,OBC,GREEN
12.1,0.674,80.9,5.3,0.689,8,4,0,Deshmukh,0.591,Bengaluru Urban,OBC,GREEN
5.3,0.721,75.8,9.9,0.847,7,2,20,Banerjee,0.944,Gaya,OBC,GREEN
2.5,0.549,52.7,5.6,0.577,5,3,0,Banerjee,0.61,Gaya,General,YELLOW
0.2,0.794,87.9,5.4,0.793,4,4,0,Verma,0.681,Bengaluru Urban,OBC,GREEN
9.7,0.635,76.5,6.6,0.707,8,4,10,Patil,0.57,Bengaluru Urban,SC,GREEN
3.2,0.782,72.1,6.2,0.696,6,3,0,Verma,0.94,Hyderabad,ST,GREEN
3.4,0.634,70.3,5.5,0.663,6,4,0,Gupta,0.468,Bastar,General,GREEN
3.6,0.598,58.6,5.2,0.663,8,4,0,Munda,0.472,Pune,SC,GREEN
5.1,0.698,71.4,9.3,0.774,5,3,0,Verma,0.563,Pune,OBC,GREEN
5.3,0.877,67.6,10.0,0.802,3,1,0,Ansari,0.722,Mewat,OBC,GREEN
2.7,0.754,88.6,10.0,0.935,4,4,0,Yadav,0.911,Pune,OBC,GREEN
3.2,0.751,81.4,6.5,0.732,9,3,0,Deshmukh,0.888,Mumbai Suburban,General,GREEN
1.9,0.542,57.0,6.8,0.489,6,3,0,Deshmukh,0.695,Bastar,General,YELLOW
1.7,0.835,96.6,10.0,0.976,3,4,0,Munda,0.742,Pune,General,GREEN
1.7,0.806,93.9,7.8,0.815,8,3,0,Gupta,0.664,Pune,General,GREEN
3.2,0.325,25.5,4.2,0.329,3,4,0,Ansari,0.822,Kalahandi,General,RED
1.3,0.636,63.7,7.5,0.691,4,3,0,Meena,0.526,Gaya,ST,GREEN
2.4,0.234,27.5,2.1,0.249,7,4,3,Khan,0.654,Pune,ST,YELLOW
0.8,0.188,22.0,4.3,0.315,4,3,0,Menon,0.761,Pune,General,YELLOW
3.9,0.777,74.6,8.6,0.773,6,3,0,Sharma,0.777,Pune,ST,GREEN
1.9,0.539,63.1,3.6,0.536,6,2,0,Patil,0.493,Mewat,OBC,GREEN
5.2,0.485,63.6,3.5,0.477,6,3,2,Kumar,0.615,Hyderabad,General,GREEN
0.9,0.809,85.3,10.0,0.924,9,3,0,Gupta,0.883,Kalahandi,SC,GREEN
0.3,0.204,47.0,3.5,0.372,5,4,21,Menon,0.613,Mumbai Suburban,OBC,RED
3.2,0.609,73.7,7.5,0.652,4,4,28,Sharma,0.683,Gaya,ST,YELLOW
2.3,0.957,87.7,8.3,0.942,4,1,0,Menon,0.653,Bastar,SC,GREEN
0.7,0.641,59.9,8.3,0.663,5,3,0,Verma,0.856,Mewat,OBC,GREEN
6.7,0.625,66.3,4.5,0.62,7,1,5,Meena,0.622,Mumbai Suburban,General,GREEN
1.2,0.844,75.6,5.6,0.738,3,3,0,Ansari,0.906,Hyderabad,OBC,GREEN
1.6,0.875,100.0,8.2,0.99,7,4,0,Meena,0.719,Pune,General,GREEN
7.7,0.102,0.0,2.0,0.089,4,4,0,Sharma,0.513,Kalahandi,OBC,RED
5.5,0.592,75.2,6.9,0.661,5,3,0,Paswan,0.66,Mumbai Suburban,General,GREEN
1.0,0.81,94.0,9.1,0.886,8,2,17,Singh,0.901,Pune,SC,GREEN
2.5,0.341,53.6,3.6,0.397,10,4,0,Sharma,0.677,Mewat,General,YELLOW
0.9,0.402,47.0,4.8,0.491,3,3,0,Munda,0.827,Bengaluru Urban,OBC,GREEN
7.3,0.638,75.4,10.0,0.717,6,3,4,Menon,0.869,Bengaluru Urban,SC,GREEN
7.3,0.244,36.4,3.3,0.26,4,4,2,Meena,0.59,Pune,SC,YELLOW
13.4,0.777,81.9,6.9,0.709,9,3,16,Paswan,0.471,Pune,OBC,GREEN
17.3,0.486,42.9,5.2,0.526,8,3,0,Das,0.832,Hyderabad,OBC,GREEN
1.9,0.323,27.9,3.4,0.4,5,4,0,Yadav,0.673,Pune,OBC,GREEN
6.4,0.512,63.9,6.5,0.595,3,3,26,Khan,0.79,Hyderabad,General,YELLOW
0.3,0.521,60.0,5.1,0.535,4,3,17,Patil,0.574,Kalahandi,OBC,RED
4.1,0.61,66.3,7.8,0.688,6,3,0,Paswan,0.807,Pune,SC,GREEN
5.1,0.613,71.3,7.1,0.737,10,3,0,Menon,0.936,Bengaluru Urban,ST,GREEN
1.2,0.653,52.9,5.3,0.524,6,2,0,Deshmukh,0.639,Mewat,OBC,GREEN
1.7,0.322,40.6,5.3,0.431,3,4,0,Das,0.515,Mewat,OBC,YELLOW
7.3,0.814,90.7,5.8,0.816,11,4,0,Menon,0.743,Mumbai Suburban,General,GREEN
5.2,0.347,63.5,6.5,0.569,5,3,11,Meena,0.323,Bengaluru Urban,General,YELLOW
12.2,0.971,100.0,8.5,0.95,12,2,0,Singh,0.386,Mumbai Suburban,OBC,GREEN
11.1,0.793,78.6,10.0,0.91,4,3,0,Singh,0.703,Gaya,ST,GREEN
0.4,0.627,87.1,6.3,0.574,3,2,22,Meena,0.966,Mewat,OBC,YELLOW
2.1,0.753,79.4,8.4,0.83,11,4,0,Iyer,0.791,Bengaluru Urban,OBC,GREEN
1.1,0.642,67.1,6.0,0.605,8,4,0,Meena,0.827,Mewat,SC,YELLOW
6.6,0.459,58.3,6.0,0.456,3,1,11,Kumar,0.932,Bengaluru Urban,General,GREEN
4.5,0.653,69.7,6.6,0.696,3,1,6,Menon,0.58,Mewat,ST,GREEN
1.2,0.428,48.6,2.6,0.46,5,4,0,Iyer,0.385,Hyderabad,OBC,YELLOW
1.4,0.807,100.0,7.4,0.842,7,1,0,Yadav,0.974,Bengaluru Urban,General,GREEN
9.3,0.897,83.9,9.6,0.946,6,4,0,Meena,0.812,Kalahandi,SC,GREEN
2.3,0.513,66.2,10.0,0.806,3,4,0,Khan,0.638,Bastar,General,GREEN
0.2,0.722,57.5,9.7,0.821,7,3,0,Patil,0.627,Mewat,General,GREEN
1.1,0.328,28.0,3.9,0.415,6,3,0,Deshmukh,0.829,Mumbai Suburban,OBC,GREEN
14.1,0.655,54.9,6.8,0.665,4,4,0,Patil,0.688,Bengaluru Urban,SC,GREEN
7.9,0.748,73.5,9.7,0.821,4,3,22,Paswan,0.675,Mewat,General,YELLOW
0.8,0.638,55.5,6.8,0.544,6,3,11,Iyer,0.642,Kalahandi,General,YELLOW
4.1,0.815,82.6,8.3,0.811,8,3,0,Das,0.895,Gaya,SC,GREEN
7.5,0.333,29.3,0.9,0.197,5,3,0,Menon,0.718,Pune,OBC,YELLOW
8.2,0.652,75.4,6.7,0.801,4,2,0,Kumar,0.897,Bastar,SC,GREEN
5.1,0.309,40.9,3.8,0.357,6,3,0,Patil,0.512,Mumbai Suburban,OBC,YELLOW
1.6,0.655,71.1,6.2,0.668,3,3,6,Munda,0.776,Bengaluru Urban,OBC,GREEN
5.8,0.541,56.8,6.1,0.601,9,1,0,Ansari,0.721,Pune,OBC,GREEN
4.6,0.495,55.9,5.6,0.54,5,4,2,Meena,0.748,Kalahandi,OBC,YELLOW
4.8,0.721,84.1,6.4,0.819,9,1,0,Gupta,0.88,Pune,OBC,GREEN
4.0,0.669,67.0,8.4,0.695,6,4,0,Meena,0.925,Bengaluru Urban,SC,GREEN
1.4,0.837,76.9,8.1,0.815,6,2,0,Munda,0.876,Bengaluru Urban,OBC,GREEN
1.7,0.899,89.1,5.9,0.756,5,2,0,Menon,0.378,Gaya,SC,GREEN
2.8,0.911,95.0,6.5,0.771,8,2,2,Munda,0.865,Gaya,OBC,GREEN
3.7,0.52,43.3,6.3,0.497,5,3,0,Iyer,0.446,Pune,OBC,GREEN
6.1,0.839,87.8,9.1,0.874,6,3,0,Deshmukh,0.613,Mewat,OBC,GREEN
14.3,0.538,66.7,6.0,0.58,9,4,0,Banerjee,0.924,Bastar,OBC,YELLOW
4.3,0.43,54.2,4.7,0.446,5,4,6,Munda,0.777,Pune,OBC,GREEN
6.0,0.317,30.0,5.0,0.302,4,2,0,Meena,0.683,Mewat,General,YELLOW
7.2,0.824,87.8,8.5,0.847,12,2,0,Verma,0.597,Bengaluru Urban,General,GREEN
6.4,0.643,82.4,8.8,0.707,6,1,0,Khan,0.701,Hyderabad,General,GREEN
1.3,0.442,52.2,5.1,0.529,6,4,0,Meena,0.824,Kalahandi,OBC,YELLOW
10.0,0.934,72.9,3.8,0.685,9,1,0,Menon,0.194,Kalahandi,SC,GREEN
8.8,0.473,46.5,6.6,0.46,5,2,0,Yadav,0.862,Mumbai Suburban,ST,GREEN
4.0,0.162,17.1,2.6,0.182,9,4,0,Verma,0.818,Kalahandi,OBC,RED
1.4,0.497,59.9,4.2,0.468,5,2,3,Paswan,0.716,Bengaluru Urban,General,GREEN
3.6,0.876,83.5,8.4,0.866,5,2,0,Ansari,0.82,Gaya,General,GREEN
0.5,0.719,77.1,7.2,0.804,6,3,0,Iyer,0.801,Pune,General,GREEN
11.0,0.298,30.2,1.6,0.16,5,3,0,Paswan,0.963,Bastar,OBC,RED
1.8,0.646,67.0,7.8,0.704,8,1,0,Ansari,0.966,Hyderabad,ST,GREEN
2.6,0.635,67.6,6.2,0.636,9,4,0,Paswan,0.708,Pune,General,GREEN
10.4,0.758,76.6,6.8,0.768,7,4,0,Deshmukh,0.869,Pune,General,GREEN
9.5,0.385,45.0,8.5,0.572,3,3,7,Banerjee,0.424,Bastar,General,YELLOW
4.7,0.55,58.0,4.3,0.482,3,4,0,Patil,0.915,Kalahandi,SC,YELLOW
12.2,0.728,79.0,7.7,0.747,6,3,6,Yadav,0.648,Mewat,OBC,GREEN
1.2,0.867,100.0,5.7,0.773,6,4,2,Ansari,0.937,Pune,OBC,GREEN
4.7,0.764,68.1,10.0,0.869,7,3,0,Iyer,0.903,Bengaluru Urban,OBC,GREEN
1.3,0.689,87.8,7.8,0.783,3,4,20,Gupta,0.906,Hyderabad,SC,GREEN
8.4,0.743,94.1,9.2,0.963,12,3,0,Paswan,0.638,Bengaluru Urban,OBC,GREEN
8.2,0.505,50.8,4.9,0.498,10,3,7,Ansari,0.88,Kalahandi,OBC,YELLOW
12.9,0.723,79.2,5.3,0.646,7,4,0,Banerjee,0.942,Kalahandi,SC,GREEN
3.5,0.563,57.7,5.0,0.471,7,3,0,Gupta,0.756,Mumbai Suburban,General,GREEN
15.5,0.703,70.2,9.6,0.698,6,4,0,Deshmukh,0.826,Bengaluru Urban,ST,GREEN
1.1,0.635,56.2,7.2,0.56,12,2,0,Yadav,0.709,Hyderabad,SC,GREEN
3.3,0.715,70.6,5.2,0.66,5,3,0,Singh,0.871,Mewat,OBC,GREEN
1.2,0.574,61.1,2.6,0.507,9,3,0,Menon,0.915,Bengaluru Urban,ST,GREEN
4.2,0.445,52.0,4.5,0.393,5,4,0,Ansari,0.696,Bastar,General,RED
1.3,0.374,31.0,6.7,0.496,6,4,9,Meena,0.939,Mewat,General,YELLOW
8.4,0.261,34.6,2.0,0.245,12,3,0,Das,0.767,Gaya,SC,RED
5.3,0.509,59.2,5.7,0.564,3,3,0,Singh,0.289,Bastar,OBC,RED
1.0,0.087,19.8,2.4,0.256,3,4,11,Yadav,0.86,Kalahandi,OBC,RED
7.0,0.643,92.1,9.6,0.886,7,4,0,Paswan,0.968,Bengaluru Urban,OBC,GREEN
11.6,0.724,92.8,6.0,0.737,8,4,18,Menon,0.408,Kalahandi,OBC,YELLOW
5.7,0.39,34.0,4.3,0.342,5,3,0,Patil,0.734,Mewat,SC,RED
0.7,0.403,28.4,3.6,0.241,6,4,0,Patil,0.59,Kalahandi,SC,RED
3.0,0.838,76.9,9.9,0.83,4,2,0,Kumar,0.781,Bengaluru Urban,General,GREEN
6.3,0.888,88.0,10.0,0.912,4,4,0,Iyer,0.797,Bengaluru Urban,OBC,GREEN
2.8,0.677,49.5,3.2,0.448,5,3,5,Singh,0.224,Mewat,OBC,RED
1.1,0.675,77.4,8.3,0.753,4,4,0,Meena,0.681,Hyderabad,OBC,GREEN
9.2,0.529,44.8,2.1,0.4,11,4,0,Patil,0.384,Mumbai Suburban,General,YELLOW
2.7,0.352,45.5,3.5,0.374,7,3,27,Singh,0.703,Gaya,OBC,RED
11.6,0.234,37.7,4.0,0.304,8,4,0,Singh,0.691,Bengaluru Urban,OBC,YELLOW
2.1,0.861,100.0,7.2,0.869,9,3,0,Banerjee,0.943,Mumbai Suburban,OBC,GREEN
2.5,0.676,65.1,6.7,0.688,8,4,0,Das,0.767,Gaya,General,GREEN
1.9,0.678,65.6,8.4,0.67,3,3,0,Banerjee,0.644,Bengaluru Urban,OBC,GREEN
3.0,0.62,80.4,5.8,0.739,5,3,0,Paswan,0.444,Mumbai Suburban,SC,GREEN
5.2,0.779,98.0,8.8,0.875,3,3,0,Paswan,0.833,Bengaluru Urban,General,GREEN
1.2,0.832,95.0,10.0,0.928,6,4,0,Iyer,0.723,Mumbai Suburban,ST,GREEN
0.9,0.683,61.4,9.3,0.778,4,3,0,Yadav,0.884,Kalahandi,ST,GREEN
0.4,0.366,23.4,1.8,0.272,5,2,0,Banerjee,0.837,Pune,ST,GREEN
0.3,0.326,48.7,4.3,0.462,5,3,0,Verma,0.729,Bengaluru Urban,General,GREEN
0.7,0.591,63.5,7.9,0.686,6,3,0,Meena,0.857,Bengaluru Urban,SC,GREEN
2.1,0.784,95.0,10.0,0.881,6,4,22,Menon,0.847,Gaya,OBC,GREEN
4.1,0.775,75.8,8.0,0.796,5,3,0,Singh,0.861,Bengaluru Urban,General,GREEN
5.0,0.662,82.3,6.8,0.664,4,3,0,Yadav,0.805,Pune,OBC,GREEN
3.9,0.663,85.3,8.4,0.791,8,3,0,Kumar,0.796,Pune,General,GREEN
10.6,0.589,64.5,7.0,0.643,6,2,12,Gupta,0.652,Mumbai Suburban,OBC,GREEN
13.2,0.437,46.8,6.5,0.508,11,3,0,Sharma,0.992,Mewat,General,YELLOW
2.7,0.448,38.2,5.1,0.44,7,4,2,Das,0.813,Bengaluru Urban,OBC,GREEN
1.2,0.657,59.3,6.5,0.539,6,4,0,Sharma,0.745,Hyderabad,OBC,GREEN
16.2,0.386,46.8,1.7,0.314,4,4,0,Yadav,0.576,Pune,OBC,YELLOW
8.9,0.348,34.4,3.6,0.355,6,4,0,Ansari,0.937,Bengaluru Urban,OBC,YELLOW
8.4,0.464,56.8,4.1,0.489,13,4,10,Kumar,0.885,Kalahandi,OBC,RED
2.0,0.806,95.2,6.6,0.755,5,4,29,Paswan,0.615,Pune,OBC,GREEN
7.1,0.424,48.9,3.4,0.481,9,4,0,Kumar,0.62,Kalahandi,OBC,YELLOW
4.0,0.76,86.3,9.2,0.804,11,3,0,Gupta,0.911,Bengaluru Urban,ST,GREEN
3.3,0.412,55.4,4.3,0.514,4,3,0,Kumar,0.688,Pune,ST,GREEN
3.3,0.667,69.0,7.4,0.72,5,3,0,Munda,0.823,Bastar,OBC,GREEN
5.4,0.292,40.3,5.2,0.373,5,4,7,Menon,0.577,Kalahandi,OBC,RED
10.9,0.704,75.4,7.5,0.825,9,3,0,Sharma,0.783,Mumbai Suburban,OBC,GREEN
17.2,0.461,61.6,4.1,0.436,8,3,0,Ansari,0.526,Bengaluru Urban,ST,GREEN
2.3,0.602,83.6,5.9,0.722,3,4,0,Iyer,0.963,Pune,OBC,GREEN
4.2,0.699,82.4,8.6,0.844,4,4,0,Menon,0.64,Bengaluru Urban,OBC,GREEN
3.2,0.511,64.0,6.4,0.563,6,3,21,Das,0.937,Mewat,OBC,RED
5.1,0.471,49.9,1.4,0.44,7,3,1,Meena,0.791,Mumbai Suburban,General,GREEN
2.8,0.778,80.3,7.8,0.774,3,4,0,Das,0.692,Bastar,OBC,GREEN
1.7,0.396,40.6,5.3,0.458,7,4,0,Yadav,0.628,Hyderabad,General,GREEN
2.3,0.695,68.3,7.7,0.729,3,4,0,Paswan,0.607,Hyderabad,OBC,GREEN
2.0,0.367,34.8,2.6,0.318,3,4,0,Menon,0.898,Mewat,General,RED
3.0,0.602,81.1,5.7,0.702,4,2,36,Das,0.658,Kalahandi,OBC,GREEN
0.8,0.815,80.7,4.2,0.72,8,3,2,Banerjee,0.451,Bastar,OBC,GREEN
2.0,0.666,90.8,8.8,0.731,5,3,10,Deshmukh,0.716,Bastar,General,GREEN
5.1,0.839,74.2,9.3,0.902,4,2,5,Singh,0.532,Mumbai Suburban,SC,GREEN
5.0,0.676,74.0,7.1,0.626,6,4,1,Menon,0.968,Bengaluru Urban,General,GREEN
4.4,0.624,74.6,6.2,0.715,7,3,0,Gupta,0.716,Mumbai Suburban,General,GREEN
10.2,0.278,48.5,2.5,0.394,8,3,12,Sharma,0.851,Mumbai Suburban,General,GREEN
5.2,0.807,74.9,9.1,0.767,4,4,0,Verma,0.762,Mumbai Suburban,General,GREEN
9.9,0.725,65.3,5.3,0.615,3,4,0,Ansari,0.802,Pune,General,GREEN
17.2,0.859,97.1,10.0,0.888,6,3,2,Deshmukh,0.786,Mumbai Suburban,General,GREEN
7.2,0.169,11.4,3.1,0.187,3,3,0,Kumar,0.597,Gaya,OBC,RED
0.8,0.321,43.5,5.5,0.42,3,4,0,Khan,0.743,Bengaluru Urban,General,GREEN
4.5,0.652,82.5,7.4,0.778,6,2,7,Patil,0.594,Kalahandi,OBC,GREEN
4.0,0.452,38.6,3.7,0.468,8,2,0,Paswan,0.931,Hyderabad,OBC,GREEN
11.6,0.651,72.9,8.5,0.813,9,4,7,Kumar,0.906,Pune,ST,GREEN
3.2,0.621,46.8,7.9,0.598,7,4,2,Khan,0.787,Mumbai Suburban,ST,GREEN
1.5,0.852,93.2,6.8,0.811,10,2,0,Sharma,0.772,Bengaluru Urban,SC,GREEN
2.2,0.632,84.5,6.7,0.631,11,3,0,Verma,0.763,Kalahandi,OBC,GREEN
0.8,0.468,39.3,5.6,0.433,7,4,0,Verma,0.511,Pune,OBC,GREEN
15.3,0.896,100.0,8.5,0.964,6,4,2,Iyer,0.457,Mumbai Suburban,OBC,GREEN
3.6,0.614,82.7,6.9,0.791,4,3,10,Singh,0.743,Mewat,SC,GREEN
0.9,0.586,66.5,6.8,0.582,7,2,0,Kumar,0.952,Bengaluru Urban,ST,GREEN
12.4,0.666,65.6,5.7,0.601,5,3,0,Banerjee,0.957,Pune,SC,GREEN
14.0,0.295,32.1,6.5,0.421,4,3,0,Banerjee,0.576,Mumbai Suburban,SC,GREEN
4.1,0.703,80.8,6.6,0.738,7,4,0,Menon,0.819,Bengaluru Urban,General,GREEN
0.7,0.49,59.2,4.5,0.47,5,3,0,Menon,0.407,Hyderabad,SC,GREEN
2.2,0.783,80.8,7.5,0.802,11,4,0,Banerjee,0.832,Bengaluru Urban,SC,GREEN
2.8,0.751,87.7,9.0,0.819,7,4,8,Munda,0.858,Kalahandi,OBC,GREEN
3.7,0.701,66.4,4.4,0.601,7,4,0,Banerjee,0.438,Gaya,General,YELLOW
1.1,0.913,95.2,10.0,0.982,4,3,0,Sharma,0.58,Mumbai Suburban,General,GREEN
7.7,0.324,25.3,2.0,0.259,5,2,0,Singh,0.589,Kalahandi,General,YELLOW
0.2,0.758,81.7,6.2,0.71,6,1,4,Banerjee,0.341,Kalahandi,OBC,GREEN
8.7,0.56,36.7,5.5,0.487,3,2,0,Gupta,0.895,Gaya,ST,GREEN
10.2,0.607,72.2,5.5,0.622,5,3,0,Iyer,0.688,Bengaluru Urban,General,GREEN
2.5,0.435,52.1,1.0,0.333,3,3,0,Deshmukh,0.702,Pune,OBC,YELLOW
3.3,0.942,76.5,10.0,0.889,8,4,0,Gupta,0.719,Bengaluru Urban,General,GREEN
11.2,0.742,82.9,7.6,0.857,15,2,0,Patil,0.608,Bengaluru Urban,SC,GREEN
6.1,0.768,91.8,5.6,0.777,5,3,0,Munda,0.726,Mumbai Suburban,SC,GREEN
2.5,0.781,69.1,4.9,0.639,6,1,0,Meena,0.746,Mewat,General,GREEN
2.9,0.378,47.6,3.8,0.446,8,3,5,Ansari,0.685,Pune,General,GREEN
5.4,0.806,78.3,7.9,0.776,6,1,0,Paswan,0.819,Kalahandi,OBC,GREEN
14.3,0.613,83.7,6.3,0.752,7,4,0,Menon,0.614,Kalahandi,OBC,GREEN
2.9,0.687,78.8,9.5,0.827,6,3,2,Deshmukh,0.644,Mumbai Suburban,OBC,GREEN
2.5,0.699,71.0,5.0,0.631,5,3,0,Paswan,0.797,Kalahandi,OBC,GREEN
3.6,0.546,65.5,6.3,0.633,6,4,0,Paswan,0.872,Bastar,General,GREEN
3.7,0.454,74.5,5.3,0.498,3,4,13,Munda,0.42,Bengaluru Urban,SC,YELLOW
4.7,0.651,85.9,8.0,0.714,7,3,0,Das,0.843,Gaya,SC,GREEN
3.3,0.519,51.0,7.0,0.517,4,4,0,Menon,0.952,Pune,OBC,GREEN
9.1,0.36,40.3,4.3,0.405,5,4,0,Iyer,0.714,Bastar,General,YELLOW
1.4,0.622,61.0,7.1,0.734,6,3,0,Yadav,0.665,Pune,OBC,GREEN
5.1,0.399,63.1,4.0,0.588,7,4,0,Gupta,0.796,Mewat,SC,YELLOW
5.3,0.82,82.5,6.4,0.794,4,4,0,Khan,0.793,Gaya,OBC,GREEN
1.5,0.44,66.5,6.2,0.6,8,3,10,Menon,0.789,Mumbai Suburban,General,GREEN
5.1,0.699,68.2,6.9,0.6,3,3,2,Munda,0.676,Gaya,General,YELLOW
5.4,0.52,57.0,4.6,0.49,10,4,0,Kumar,0.652,Bastar,SC,YELLOW
0.0,0.141,1.1,2.5,0.095,6,4,0,Meena,0.59,Hyderabad,General,RED
1.2,0.42,60.4,6.2,0.517,8,4,7,Sharma,0.757,Mewat,OBC,YELLOW
11.9,0.74,92.0,6.8,0.772,6,3,0,Paswan,0.747,Pune,OBC,GREEN
1.9,0.696,68.6,7.8,0.697,10,4,3,Meena,0.836,Hyderabad,OBC,GREEN
0.9,0.852,67.1,8.9,0.705,6,4,0,Iyer,0.76,Gaya,OBC,GREEN
0.3,0.679,82.8,7.6,0.793,3,3,0,Munda,0.554,Kalahandi,SC,GREEN
1.1,0.376,46.1,5.6,0.412,7,2,4,Paswan,0.611,Bastar,OBC,GREEN
3.2,0.762,84.1,8.8,0.84,3,4,0,Iyer,0.963,Gaya,SC,GREEN
0.8,0.463,44.4,5.7,0.596,6,3,0,Paswan,0.874,Gaya,General,YELLOW
6.2,0.714,68.6,4.8,0.581,6,3,0,Singh,0.3,Kalahandi,General,RED
1.5,0.519,65.3,4.6,0.417,3,3,0,Deshmukh,0.829,Gaya,OBC,YELLOW
4.7,0.743,71.0,8.1,0.74,7,2,0,Deshmukh,0.932,Hyderabad,General,GREEN
10.6,0.7,71.5,4.6,0.68,9,1,0,Iyer,0.67,Mumbai Suburban,OBC,GREEN
10.1,0.706,75.5,7.0,0.818,7,4,0,Singh,0.895,Mumbai Suburban,ST,GREEN
4.6,0.724,80.7,6.6,0.669,10,4,0,Das,0.676,Bengaluru Urban,General,GREEN
1.0,0.762,75.1,5.9,0.726,4,1,0,Paswan,0.47,Mumbai Suburban,OBC,GREEN
3.4,0.765,76.6,7.8,0.747,3,4,0,Sharma,0.85,Gaya,OBC,GREEN
4.7,0.711,84.0,7.3,0.755,7,2,0,Gupta,0.683,Gaya,OBC,GREEN
19.6,0.632,73.4,7.5,0.838,12,4,0,Meena,0.734,Mumbai Suburban,ST,GREEN
0.3,0.674,76.2,8.7,0.694,3,3,0,Banerjee,0.642,Mumbai Suburban,General,GREEN
3.4,0.588,67.0,7.9,0.695,3,4,0,Yadav,0.823,Mewat,General,GREEN
6.0,0.456,39.4,4.7,0.463,5,3,0,Sharma,0.775,Mumbai Suburban,General,GREEN
3.9,0.682,83.4,6.4,0.773,3,4,2,Menon,0.834,Mumbai Suburban,ST,GREEN
4.3,0.796,90.6,7.6,0.826,4,1,13,Banerjee,0.776,Pune,SC,GREEN
1.6,0.849,78.7,8.5,0.844,6,4,0,Singh,0.877,Gaya,SC,GREEN
7.6,0.336,37.7,2.4,0.298,4,3,4,Gupta,0.94,Pune,SC,YELLOW
3.7,0.298,35.1,4.2,0.37,9,3,0,Patil,0.747,Kalahandi,General,RED
4.3,0.521,53.0,6.7,0.557,8,2,0,Yadav,0.793,Pune,OBC,GREEN
8.3,0.609,71.8,4.3,0.617,8,4,0,Deshmukh,0.759,Mewat,OBC,YELLOW
2.6,0.099,7.4,0.0,0.039,6,4,2,Menon,0.44,Bengaluru Urban,OBC,RED
9.7,0.922,80.9,10.0,0.929,3,2,0,Paswan,0.733,Bengaluru Urban,General,GREEN
0.8,0.43,35.3,2.1,0.33,6,2,0,Paswan,0.831,Pune,OBC,GREEN
4.5,0.635,64.4,9.1,0.786,5,3,0,Meena,0.755,Mumbai Suburban,OBC,GREEN
1.5,0.444,50.7,3.6,0.434,8,4,0,Patil,0.805,Pune,SC,GREEN
1.1,0.31,32.7,2.7,0.214,5,4,0,Das,0.612,Bengaluru Urban,OBC,YELLOW
14.1,0.503,38.5,6.5,0.576,8,4,0,Patil,0.838,Gaya,OBC,YELLOW
0.8,0.53,34.5,6.1,0.45,9,1,0,Khan,0.664,Kalahandi,OBC,GREEN
3.7,0.482,43.5,6.0,0.473,3,4,12,Patil,0.815,Bastar,OBC,YELLOW
0.8,0.645,61.6,5.3,0.567,3,1,0,Munda,0.775,Hyderabad,General,GREEN
9.2,0.819,81.8,6.1,0.818,5,4,23,Iyer,0.357,Gaya,SC,RED
2.4,0.407,49.8,5.3,0.372,5,3,7,Verma,0.663,Bengaluru Urban,General,GREEN
8.2,0.497,71.0,5.9,0.756,6,4,7,Das,0.932,Gaya,OBC,GREEN
5.8,0.786,66.9,5.2,0.711,6,2,0,Singh,0.45,Hyderabad,SC,GREEN
17.5,0.867,89.7,6.8,0.826,7,2,0,Deshmukh,0.466,Hyderabad,General,GREEN
0.6,0.649,53.0,7.4,0.637,5,3,0,Gupta,0.728,Mewat,OBC,GREEN
1.2,0.796,69.3,10.0,0.844,4,1,17,Sharma,0.828,Gaya,SC,GREEN
7.9,0.831,86.8,9.1,0.896,12,3,0,Patil,0.693,Mewat,SC,GREEN
4.7,0.692,80.9,7.2,0.773,3,4,0,Singh,0.599,Hyderabad,OBC,GREEN
2.8,0.706,83.4,6.3,0.751,7,4,0,Deshmukh,0.734,Pune,General,GREEN
15.2,0.255,41.6,1.9,0.291,3,3,0,Banerjee,0.791,Mumbai Suburban,General,YELLOW
3.5,0.503,43.5,5.4,0.483,10,1,0,Menon,0.661,Bastar,OBC,GREEN
1.5,0.818,89.6,9.1,0.867,3,3,0,Menon,0.787,Mumbai Suburban,General,GREEN
8.3,0.626,63.7,6.4,0.625,9,4,0,Singh,0.834,Bengaluru Urban,General,GREEN
3.6,0.561,69.0,7.5,0.724,10,3,0,Verma,0.949,Bastar,ST,GREEN
3.9,0.441,40.0,5.0,0.477,6,3,4,Yadav,0.699,Hyderabad,OBC,GREEN
6.3,0.405,53.5,4.1,0.303,7,2,8,Patil,0.854,Mumbai Suburban,OBC,GREEN
6.5,0.881,82.5,8.3,0.878,7,4,0,Sharma,0.504,Hyderabad,OBC,GREEN
1.2,0.649,71.0,4.4,0.609,5,4,0,Ansari,0.438,Bengaluru Urban,OBC,GREEN
2.7,0.007,0.0,2.1,0.071,3,3,10,Kumar,0.851,Hyderabad,General,RED
0.7,0.557,58.0,5.1,0.53,5,4,2,Yadav,0.833,Bastar,General,YELLOW
4.8,0.354,60.1,2.7,0.465,7,4,0,Ansari,0.283,Pune,OBC,YELLOW
14.0,0.797,87.1,8.0,0.87,6,4,22,Yadav,0.74,Bengaluru Urban,OBC,GREEN
1.2,0.605,58.1,6.3,0.567,8,3,0,Banerjee,0.728,Gaya,ST,YELLOW
0.5,0.619,70.5,6.6,0.682,4,4,0,Iyer,0.734,Mewat,OBC,GREEN
1.8,0.514,56.9,9.2,0.619,4,3,0,Kumar,0.665,Pune,ST,GREEN
2.8,0.6,72.2,4.5,0.522,6,4,0,Deshmukh,0.677,Mewat,ST,YELLOW
6.5,0.424,59.4,6.8,0.535,3,3,20,Ansari,0.714,Bengaluru Urban,General,YELLOW
2.5,0.434,52.1,3.7,0.485,4,4,0,Verma,0.694,Mewat,OBC,YELLOW
4.8,0.683,48.5,9.4,0.75,8,3,4,Yadav,0.705,Bastar,OBC,GREEN
2.1,0.583,59.2,5.3,0.594,4,3,0,Meena,0.654,Mewat,OBC,YELLOW
2.9,0.406,34.6,6.1,0.49,3,3,0,Meena,0.785,Bengaluru Urban,General,GREEN
1.5,0.719,67.9,7.5,0.742,8,2,0,Munda,0.619,Pune,General,GREEN
1.0,0.778,82.1,6.3,0.711,3,4,0,Verma,0.878,Mewat,OBC,GREEN
6.7,0.583,61.0,6.6,0.639,4,4,0,Meena,0.795,Pune,ST,GREEN
2.3,0.273,27.5,4.8,0.383,3,4,10,Munda,0.894,Bastar,OBC,RED
5.1,0.439,69.4,6.6,0.635,10,3,36,Verma,0.743,Bengaluru Urban,OBC,GREEN
1.4,0.8,90.0,6.6,0.846,5,3,0,Meena,0.494,Kalahandi,OBC,GREEN
3.5,0.84,70.3,10.0,0.883,4,1,0,Gupta,0.666,Mumbai Suburban,SC,GREEN
0.2,0.564,64.0,8.6,0.706,5,2,1,Yadav,0.562,Bengaluru Urban,General,GREEN
2.5,0.795,94.2,9.8,0.959,6,3,27,Munda,0.77,Hyderabad,General,GREEN
1.6,0.794,81.8,6.0,0.736,7,1,4,Patil,0.771,Mumbai Suburban,OBC,GREEN
9.0,0.655,76.0,5.0,0.594,9,2,0,Gupta,0.842,Gaya,OBC,GREEN
0.8,0.49,50.6,5.0,0.491,3,3,4,Menon,0.69,Kalahandi,General,YELLOW
3.1,0.348,47.0,3.8,0.362,3,3,0,Das,0.734,Hyderabad,OBC,YELLOW
4.7,0.504,57.6,4.3,0.47,7,3,0,Meena,0.666,Bengaluru Urban,General,GREEN
8.0,0.709,86.1,7.6,0.769,13,3,23,Banerjee,0.7,Pune,General,GREEN
7.2,0.499,45.7,2.5,0.362,6,4,0,Verma,0.887,Bengaluru Urban,ST,YELLOW
3.3,0.741,95.0,5.5,0.732,9,4,31,Gupta,0.662,Kalahandi,General,YELLOW
3.7,0.521,29.4,4.5,0.327,3,2,7,Munda,0.412,Mumbai Suburban,General,GREEN
9.0,0.302,23.0,5.9,0.385,8,4,0,Paswan,0.541,Mewat,ST,RED
3.2,0.832,78.3,6.0,0.738,4,2,0,Meena,0.962,Mumbai Suburban,OBC,GREEN
4.1,0.819,96.0,8.4,0.832,10,3,0,Meena,0.649,Pune,OBC,GREEN
9.2,0.554,46.2,6.0,0.572,7,4,0,Gupta,0.905,Bengaluru Urban,General,GREEN
19.3,0.583,56.6,6.9,0.66,10,4,3,Yadav,0.789,Mewat,OBC,GREEN
4.4,0.407,48.5,3.3,0.327,3,2,0,Menon,0.825,Pune,General,GREEN
5.5,0.701,62.9,5.9,0.602,9,4,0,Deshmukh,0.745,Bengaluru Urban,General,GREEN
7.0,0.661,64.7,6.6,0.618,7,4,0,Munda,0.428,Kalahandi,ST,GREEN
9.1,0.07,18.3,0.0,0.037,3,4,19,Kumar,0.378,Mumbai Suburban,General,RED
8.2,0.519,50.9,6.3,0.594,5,4,0,Verma,0.792,Bengaluru Urban,OBC,GREEN
2.0,0.578,58.1,5.1,0.547,3,4,0,Patil,0.879,Bastar,OBC,YELLOW
4.7,0.343,35.1,4.3,0.361,7,3,0,Khan,0.605,Mumbai Suburban,OBC,YELLOW
8.2,0.379,55.6,6.8,0.438,7,4,12,Gupta,0.65,Mewat,OBC,YELLOW
10.6,0.522,70.5,5.5,0.624,12,4,19,Munda,0.504,Bengaluru Urban,General,GREEN
3.1,0.887,86.8,6.8,0.75,3,1,0,Gupta,0.494,Mumbai Suburban,OBC,GREEN
4.6,0.756,81.2,7.4,0.772,3,4,0,Meena,0.703,Hyderabad,ST,GREEN
5.1,0.736,64.7,10.0,0.808,4,2,5,Verma,0.716,Mewat,SC,GREEN
3.6,0.303,48.7,3.3,0.441,9,4,0,Ansari,0.631,Mumbai Suburban,SC,GREEN
4.5,0.593,71.8,6.5,0.588,3,1,11,Meena,0.544,Pune,ST,GREEN
25.0,0.754,79.0,7.9,0.627,10,3,0,Ansari,0.635,Bengaluru Urban,General,GREEN
2.9,0.237,33.1,4.9,0.362,5,3,0,Kumar,0.766,Bengaluru Urban,ST,YELLOW
3.2,0.296,48.5,2.5,0.434,3,3,0,Banerjee,0.695,Kalahandi,ST,YELLOW
0.4,0.809,87.0,10.0,0.955,5,4,7,Khan,0.749,Mumbai Suburban,OBC,GREEN
0.3,0.325,41.4,2.6,0.343,5,3,4,Banerjee,0.753,Bastar,SC,RED
5.4,0.849,94.1,7.7,0.829,13,3,0,Munda,0.659,Bengaluru Urban,General,GREEN
8.2,0.728,70.6,7.8,0.778,4,2,0,Khan,0.708,Mumbai Suburban,ST,GREEN
7.1,0.711,63.8,7.9,0.664,7,4,4,Yadav,0.411,Bastar,OBC,GREEN
1.4,0.729,89.5,7.5,0.815,5,2,9,Banerjee,0.584,Bengaluru Urban,ST,GREEN
6.8,0.743,82.2,7.3,0.79,3,4,0,Munda,0.544,Mumbai Suburban,OBC,GREEN
3.1,0.724,99.9,9.5,0.944,7,3,22,Verma,0.63,Mumbai Suburban,OBC,GREEN
2.4,0.574,74.1,6.2,0.783,3,3,0,Banerjee,0.6,Bengaluru Urban,General,GREEN
0.7,0.571,65.1,7.2,0.667,3,3,0,Patil,0.743,Pune,General,GREEN
1.7,0.486,41.4,2.9,0.371,6,4,0,Sharma,0.579,Bastar,OBC,RED
5.5,0.375,58.0,2.7,0.407,3,3,4,Iyer,0.961,Gaya,OBC,YELLOW
4.6,0.686,67.4,7.3,0.608,7,4,0,Yadav,0.891,Mumbai Suburban,General,GREEN
4.1,0.737,82.0,8.5,0.768,7,4,0,Munda,0.756,Bastar,General,GREEN
0.1,0.724,59.6,6.0,0.62,6,3,0,Patil,0.441,Bengaluru Urban,SC,GREEN
4.1,0.823,93.0,8.4,0.838,8,2,0,Yadav,0.807,Bastar,General,GREEN
1.9,0.706,55.2,8.5,0.71,3,3,0,Gupta,0.592,Hyderabad,SC,GREEN
4.7,0.788,80.7,6.5,0.707,5,4,0,Meena,0.77,Hyderabad,OBC,GREEN
9.3,0.447,29.1,3.9,0.432,4,1,2,Das,0.371,Bastar,OBC,YELLOW
2.2,0.557,77.6,8.4,0.724,5,4,29,Ansari,0.645,Gaya,General,YELLOW
3.8,0.712,68.7,7.1,0.703,9,4,0,Sharma,0.917,Bengaluru Urban,General,GREEN
15.2,0.654,78.7,6.0,0.664,3,2,13,Banerjee,0.647,Bengaluru Urban,OBC,GREEN
4.5,0.607,71.4,8.7,0.738,7,3,16,Iyer,0.844,Gaya,SC,YELLOW
3.4,0.157,9.3,4.0,0.258,8,4,24,Banerjee,0.413,Bastar,OBC,RED
1.5,0.762,91.5,8.3,0.792,4,4,0,Ansari,0.808,Mumbai Suburban,ST,GREEN
6.9,0.871,87.0,7.9,0.811,3,4,5,Patil,0.585,Gaya,OBC,GREEN
1.2,0.524,72.5,5.7,0.591,9,4,0,Singh,0.947,Hyderabad,SC,GREEN
9.7,0.399,59.1,4.0,0.396,5,3,27,Deshmukh,0.973,Hyderabad,General,YELLOW
6.1,0.588,46.2,5.5,0.492,3,2,1,Das,0.425,Bastar,General,GREEN
2.0,0.629,55.9,6.2,0.579,9,2,0,Munda,0.829,Kalahandi,General,GREEN
1.5,0.624,65.1,5.3,0.645,4,4,0,Iyer,0.81,Mumbai Suburban,SC,GREEN
1.6,0.583,66.1,6.6,0.648,5,4,0,Das,0.687,Mewat,ST,GREEN
0.3,0.514,63.9,4.7,0.551,8,4,0,Verma,0.754,Pune,SC,GREEN
5.3,0.793,77.6,6.5,0.782,6,4,0,Meena,0.961,Hyderabad,OBC,GREEN
0.2,0.849,94.4,10.0,0.924,3,3,0,Banerjee,0.823,Kalahandi,SC,GREEN
3.2,0.741,91.2,7.7,0.827,8,4,8,Deshmukh,0.481,Pune,OBC,GREEN
3.0,0.64,83.7,7.0,0.721,4,3,7,Deshmukh,0.819,Bengaluru Urban,General,GREEN
2.5,0.556,60.8,6.5,0.618,4,4,0,Singh,0.333,Mewat,ST,RED
5.2,0.599,68.2,5.4,0.578,5,4,0,Verma,0.883,Kalahandi,General,YELLOW
2.0,0.666,62.3,6.5,0.524,3,4,0,Sharma,0.724,Bengaluru Urban,OBC,GREEN
4.1,0.274,37.3,4.6,0.362,3,3,14,Sharma,0.762,Bastar,ST,RED
9.6,0.886,100.0,10.0,1.0,8,4,0,Banerjee,0.863,Mumbai Suburban,OBC,GREEN
5.8,0.726,88.7,8.3,0.861,14,3,0,Sharma,0.503,Hyderabad,General,GREEN
2.3,0.525,68.6,4.9,0.615,5,4,0,Kumar,0.666,Bengaluru Urban,OBC,GREEN
3.5,0.121,11.2,2.2,0.213,4,4,9,Menon,0.961,Gaya,OBC,RED
2.5,0.655,86.3,6.1,0.714,4,3,0,Singh,0.786,Gaya,OBC,GREEN
3.0,0.372,59.8,3.7,0.457,6,3,0,Iyer,0.502,Mumbai Suburban,SC,GREEN
4.2,0.49,45.4,3.5,0.4,9,3,0,Patil,0.358,Pune,General,YELLOW
0.7,0.523,62.3,7.2,0.606,3,3,10,Munda,0.887,Hyderabad,OBC,GREEN
0.5,0.784,80.3,6.8,0.786,6,2,0,Yadav,0.885,Bastar,General,GREEN
1.3,0.751,72.9,7.9,0.817,6,4,0,Meena,0.348,Pune,OBC,GREEN
5.4,0.666,77.4,7.1,0.71,7,3,0,Kumar,0.555,Bengaluru Urban,SC,GREEN
6.1,0.611,68.2,5.3,0.585,9,4,1,Ansari,0.737,Mumbai Suburban,OBC,GREEN
6.8,0.549,72.8,6.6,0.646,3,3,0,Gupta,0.731,Hyderabad,General,GREEN
1.4,0.703,79.6,7.4,0.776,8,3,0,Kumar,0.881,Pune,OBC,GREEN
3.8,0.75,54.7,7.3,0.603,4,4,0,Meena,0.57,Mewat,OBC,YELLOW
2.4,0.27,48.6,6.1,0.341,7,4,9,Deshmukh,0.92,Pune,OBC,YELLOW
3.1,0.673,79.6,6.8,0.689,6,3,0,Das,0.883,Kalahandi,General,GREEN
2.4,0.715,75.9,5.5,0.614,9,4,0,Deshmukh,0.435,Bengaluru Urban,General,GREEN
4.4,0.954,96.9,10.0,0.949,4,2,0,Khan,0.719,Pune,General,GREEN
1.7,0.879,94.4,10.0,0.934,4,4,0,Yadav,0.658,Pune,SC,GREEN
8.8,0.789,81.1,10.0,0.844,5,4,11,Ansari,0.828,Mewat,OBC,GREEN
8.9,0.768,100.0,7.3,0.905,8,4,6,Patil,0.96,Mumbai Suburban,SC,GREEN
5.3,0.658,63.0,7.4,0.692,6,4,0,Iyer,0.723,Pune,ST,GREEN
8.0,0.811,90.4,6.5,0.803,5,3,0,Gupta,0.841,Bastar,SC,GREEN
0.6,0.351,44.3,1.1,0.332,4,4,0,Verma,0.585,Gaya,OBC,RED
9.2,0.205,23.9,2.5,0.174,6,3,8,Yadav,0.553,Mewat,SC,RED
4.9,0.336,24.2,3.9,0.375,9,4,0,Deshmukh,0.699,Mewat,General,RED
1.9,0.4,43.9,8.1,0.546,3,3,0,Sharma,0.84,Hyderabad,OBC,GREEN
1.7,0.785,85.5,10.0,0.914,6,3,6,Deshmukh,0.731,Bastar,ST,GREEN
11.7,0.535,56.5,3.7,0.436,11,2,0,Das,0.55,Bengaluru Urban,SC,GREEN
6.9,0.474,65.6,6.6,0.519,7,4,0,Patil,0.678,Kalahandi,SC,YELLOW
3.0,0.472,46.3,3.2,0.459,9,3,0,Yadav,0.52,Mumbai Suburban,General,GREEN
0.6,0.633,62.7,9.1,0.742,3,4,0,Ansari,0.736,Hyderabad,OBC,GREEN
9.6,0.753,84.1,7.3,0.73,6,4,0,Deshmukh,0.939,Kalahandi,SC,GREEN
1.0,0.642,52.5,4.6,0.499,9,3,0,Meena,0.341,Bengaluru Urban,OBC,YELLOW
2.4,0.843,78.7,10.0,0.933,6,4,0,Menon,0.798,Kalahandi,OBC,GREEN
3.0,0.736,77.3,7.0,0.677,4,4,0,Yadav,0.731,Bengaluru Urban,OBC,GREEN
1.6,0.421,47.0,7.3,0.622,3,3,0,Meena,0.609,Mumbai Suburban,ST,GREEN
2.9,0.86,80.9,8.2,0.785,7,4,0,Gupta,0.938,Bastar,General,GREEN
3.5,0.432,28.0,5.0,0.436,10,2,13,Sharma,0.49,Gaya,General,YELLOW
2.8,0.806,95.0,8.0,0.836,3,3,7,Patil,0.486,Gaya,OBC,GREEN
4.6,0.886,95.0,9.9,0.972,8,1,0,Das,0.926,Mewat,General,GREEN
12.1,0.393,27.7,1.4,0.243,5,3,0,Verma,0.493,Mumbai Suburban,General,YELLOW
0.7,0.515,58.3,2.9,0.455,7,4,0,Das,0.515,Gaya,General,YELLOW
4.0,0.444,51.0,4.3,0.463,3,3,7,Singh,0.784,Mewat,SC,YELLOW
1.0,0.504,69.0,5.7,0.538,10,3,9,Meena,0.673,Bengaluru Urban,OBC,GREEN
0.6,0.506,58.4,5.3,0.577,7,4,4,Gupta,0.729,Mumbai Suburban,General,GREEN
7.6,0.548,35.2,4.8,0.434,9,1,0,Khan,0.604,Mewat,OBC,GREEN
4.3,0.886,100.0,6.2,0.824,3,3,0,Banerjee,0.939,Mumbai Suburban,ST,GREEN
0.5,0.708,65.2,5.1,0.574,5,3,0,Patil,0.351,Mewat,SC,RED
2.9,0.287,7.7,3.4,0.107,5,3,0,Munda,0.809,Hyderabad,SC,RED
1.3,0.62,69.0,6.3,0.637,6,4,1,Khan,0.834,Hyderabad,OBC,GREEN
3.0,0.796,64.0,7.4,0.846,3,2,0,Khan,0.777,Bengaluru Urban,General,GREEN
6.3,0.759,92.4,5.9,0.797,4,3,0,Iyer,0.331,Bengaluru Urban,SC,GREEN
5.7,0.539,58.9,6.8,0.602,6,4,7,Banerjee,0.749,Kalahandi,OBC,YELLOW
2.4,0.694,70.2,5.9,0.649,7,3,3,Meena,0.819,Gaya,General,GREEN
7.9,0.407,50.9,4.2,0.446,5,4,1,Das,0.772,Bengaluru Urban,General,GREEN
10.2,0.356,41.6,3.4,0.398,13,4,0,Banerjee,0.646,Bengaluru Urban,SC,YELLOW
6.3,0.6,54.1,4.6,0.475,6,4,0,Menon,0.831,Mewat,OBC,YELLOW
2.0,0.734,84.7,7.6,0.836,8,4,0,Verma,0.537,Gaya,General,GREEN
3.1,0.709,69.9,4.1,0.642,5,2,4,Deshmukh,0.532,Bengaluru Urban,SC,GREEN
11.8,0.568,58.6,6.0,0.621,6,4,7,Kumar,0.625,Hyderabad,General,GREEN
2.6,0.62,65.6,7.2,0.687,4,3,0,Banerjee,0.718,Mewat,OBC,GREEN
5.8,0.827,86.9,9.4,0.88,3,4,0,Meena,0.588,Hyderabad,ST,GREEN
1.6,0.258,30.5,3.1,0.325,4,4,0,Sharma,0.812,Bengaluru Urban,SC,YELLOW
7.9,0.636,69.9,7.2,0.715,4,3,0,Iyer,0.948,Pune,OBC,GREEN
1.4,0.241,29.6,3.8,0.288,8,3,0,Khan,0.927,Mumbai Suburban,SC,YELLOW
3.2,0.793,98.9,8.6,0.852,7,3,0,Sharma,0.694,Hyderabad,OBC,GREEN
5.6,0.759,67.9,9.9,0.814,3,3,0,Verma,0.936,Gaya,OBC,GREEN
13.6,0.897,73.9,6.3,0.833,11,4,0,Verma,0.581,Pune,General,GREEN
4.3,0.683,73.3,8.6,0.697,3,3,0,Gupta,0.696,Bengaluru Urban,General,GREEN
2.7,0.617,65.0,2.9,0.446,7,2,0,Ansari,0.937,Gaya,ST,GREEN
2.5,0.187,8.1,1.4,0.144,5,3,0,Munda,0.803,Mumbai Suburban,General,RED
7.6,0.567,73.4,8.1,0.706,9,3,34,Banerjee,0.826,Bengaluru Urban,OBC,GREEN
5.2,0.758,61.7,7.0,0.7,6,1,0,Iyer,0.363,Bengaluru Urban,OBC,GREEN
6.2,0.536,62.0,4.4,0.544,5,3,0,Menon,0.786,Bastar,OBC,YELLOW
11.2,0.52,47.1,5.1,0.489,4,1,0,Iyer,0.675,Mewat,OBC,GREEN
3.7,0.809,72.1,6.2,0.791,3,4,0,Singh,0.48,Gaya,ST,GREEN
4.9,0.339,22.8,5.2,0.282,7,4,0,Banerjee,0.85,Mumbai Suburban,OBC,YELLOW
2.5,0.723,99.2,7.6,0.784,5,3,0,Singh,0.595,Pune,OBC,GREEN
1.5,0.613,89.3,5.7,0.687,11,3,0,Das,0.681,Hyderabad,OBC,GREEN
1.9,0.881,82.3,9.9,0.816,4,4,5,Menon,0.638,Bengaluru Urban,General,GREEN
0.1,0.802,64.1,8.9,0.769,3,1,0,Das,0.924,Mewat,SC,GREEN
5.5,0.599,60.7,5.7,0.675,5,2,0,Iyer,0.875,Pune,OBC,GREEN
5.1,0.664,67.6,8.1,0.718,8,4,0,Singh,0.718,Pune,General,GREEN
5.4,0.831,84.8,10.0,0.905,8,4,0,Verma,0.62,Bengaluru Urban,General,GREEN
1.4,0.465,54.3,2.0,0.34,3,4,0,Ansari,0.633,Bengaluru Urban,SC,YELLOW
1.9,0.52,76.2,7.5,0.647,5,4,0,Sharma,0.505,Mumbai Suburban,General,GREEN
1.9,0.527,71.4,7.9,0.658,10,3,0,Sharma,0.604,Mumbai Suburban,General,GREEN
8.5,0.866,88.4,9.8,0.894,8,3,0,Banerjee,0.879,Mumbai Suburban,OBC,GREEN
4.1,0.474,59.6,4.8,0.581,9,4,4,Munda,0.63,Mumbai Suburban,SC,GREEN
3.7,0.811,62.6,6.3,0.717,9,4,0,Menon,0.977,Gaya,General,GREEN
6.6,0.68,69.4,6.9,0.632,7,1,4,Gupta,0.914,Bengaluru Urban,General,GREEN
1.9,0.529,55.5,5.2,0.547,7,3,0,Deshmukh,0.822,Pune,General,GREEN
4.8,0.623,76.9,4.6,0.642,10,4,0,Khan,0.92,Bengaluru Urban,OBC,GREEN
14.9,0.238,25.0,1.4,0.266,5,1,0,Yadav,0.735,Gaya,OBC,YELLOW
9.6,0.714,74.5,7.6,0.819,3,4,0,Verma,0.757,Mewat,SC,GREEN
4.8,0.156,20.2,2.5,0.152,4,3,0,Singh,0.712,Bastar,General,RED
3.8,0.861,76.7,7.1,0.739,8,2,0,Iyer,0.609,Bastar,General,GREEN
5.4,0.726,87.3,4.2,0.61,8,3,0,Kumar,0.564,Bengaluru Urban,General,GREEN
10.6,0.693,78.9,7.0,0.716,7,3,2,Verma,0.64,Pune,OBC,GREEN
10.0,0.907,94.1,8.2,0.913,5,3,0,Singh,0.917,Hyderabad,OBC,GREEN
12.0,0.72,73.0,7.0,0.766,5,3,0,Kumar,0.672,Mewat,OBC,GREEN
4.3,0.609,74.3,3.5,0.564,9,4,3,Sharma,0.81,Bengaluru Urban,General,GREEN
14.2,0.372,51.6,3.7,0.403,10,3,0,Khan,0.873,Bengaluru Urban,General,GREEN
1.5,0.609,62.5,7.1,0.656,3,4,0,Kumar,0.663,Pune,OBC,GREEN
6.5,0.357,39.8,4.2,0.35,7,4,36,Patil,0.821,Pune,ST,RED
3.6,0.352,35.7,4.2,0.481,6,4,1,Munda,0.818,Hyderabad,General,GREEN
2.6,0.61,57.0,6.2,0.52,7,3,0,Kumar,0.526,Mewat,General,YELLOW
12.0,0.429,44.2,1.8,0.36,3,3,0,Verma,0.729,Bastar,ST,RED
4.8,0.566,76.6,7.1,0.782,8,3,12,Yadav,0.679,Kalahandi,OBC,GREEN
3.6,0.913,86.6,8.0,0.86,9,2,6,Kumar,0.756,Hyderabad,OBC,GREEN
5.3,0.569,65.8,4.2,0.539,6,3,0,Paswan,0.736,Pune,General,GREEN
0.0,0.826,88.8,10.0,0.887,3,4,18,Banerjee,0.525,Kalahandi,SC,GREEN
1.8,0.663,66.5,7.0,0.667,7,2,0,Banerjee,0.709,Bengaluru Urban,SC,GREEN
2.1,0.759,78.9,7.2,0.825,7,4,0,Patil,0.922,Bastar,SC,GREEN
6.0,0.493,61.3,5.2,0.431,8,4,6,Paswan,0.703,Kalahandi,OBC,YELLOW
1.2,0.373,44.8,4.5,0.5,7,3,0,Menon,0.731,Mumbai Suburban,OBC,GREEN
4.2,0.907,69.9,5.5,0.647,5,3,3,Meena,0.428,Bengaluru Urban,General,GREEN
3.2,0.669,77.9,6.3,0.679,6,3,16,Gupta,0.912,Bengaluru Urban,General,GREEN
1.9,0.707,86.4,5.9,0.699,5,3,0,Gupta,0.821,Gaya,OBC,GREEN
2.1,0.465,57.9,3.9,0.507,3,2,0,Singh,0.217,Bengaluru Urban,SC,GREEN
3.2,0.426,55.5,7.1,0.484,5,3,0,Khan,0.777,Mumbai Suburban,ST,GREEN
0.3,0.474,72.2,6.9,0.652,3,4,18,Menon,0.873,Pune,OBC,GREEN
6.7,0.837,96.9,9.0,1.0,7,3,0,Das,0.883,Mumbai Suburban,General,GREEN
1.5,0.298,49.4,2.7,0.286,3,3,7,Iyer,0.805,Mewat,General,RED
2.7,0.328,26.6,4.9,0.371,6,4,0,Yadav,0.759,Pune,ST,GREEN
11.7,0.592,63.6,5.9,0.573,7,4,4,Sharma,0.943,Bengaluru Urban,General,GREEN
6.8,0.842,90.7,7.4,0.851,3,3,0,Das,0.824,Mumbai Suburban,SC,GREEN
0.9,0.777,83.3,9.4,0.851,4,3,0,Deshmukh,0.551,Bengaluru Urban,ST,GREEN
5.5,0.823,81.6,10.0,0.848,3,4,0,Paswan,0.935,Pune,ST,GREEN
2.8,0.437,50.1,6.0,0.537,3,4,0,Das,0.711,Mumbai Suburban,General,GREEN
4.2,0.651,48.1,8.5,0.751,7,3,0,Deshmukh,0.359,Mewat,General,YELLOW
6.6,0.54,58.6,4.8,0.526,6,4,0,Gupta,0.711,Mewat,OBC,YELLOW
7.5,0.78,71.3,7.6,0.787,4,3,0,Khan,0.523,Gaya,OBC,GREEN
2.3,0.835,61.7,7.5,0.669,5,3,0,Ansari,0.754,Mewat,OBC,GREEN
3.2,0.768,76.9,6.8,0.691,7,4,3,Singh,0.716,Bastar,OBC,GREEN
4.9,0.786,94.1,10.0,0.933,8,3,0,Ansari,0.872,Gaya,ST,GREEN
5.2,0.821,63.1,7.0,0.792,9,4,0,Das,0.583,Kalahandi,OBC,GREEN
4.2,0.516,54.2,4.8,0.53,3,3,0,Iyer,0.568,Bengaluru Urban,OBC,GREEN
10.7,0.718,55.6,8.1,0.679,10,4,4,Sharma,0.457,Bastar,OBC,GREEN
5.2,0.531,55.7,5.9,0.559,5,1,0,Menon,0.917,Hyderabad,General,GREEN
6.5,0.683,72.0,5.3,0.582,10,2,0,Gupta,0.653,Kalahandi,OBC,GREEN
4.5,0.716,63.5,7.5,0.731,12,4,0,Kumar,0.766,Bastar,SC,GREEN
1.2,0.646,55.4,3.9,0.574,6,2,0,Verma,0.627,Bastar,OBC,GREEN
1.8,0.703,73.8,7.2,0.698,3,4,0,Khan,0.682,Hyderabad,SC,GREEN
0.9,0.51,68.4,5.7,0.564,4,4,2,Patil,0.756,Mumbai Suburban,SC,GREEN
8.1,0.599,50.9,5.2,0.556,4,4,0,Munda,0.268,Hyderabad,OBC,YELLOW
0.5,0.503,45.7,8.3,0.575,7,4,0,Gupta,0.704,Mewat,SC,YELLOW
3.1,0.547,70.4,7.1,0.65,8,4,0,Iyer,0.728,Bastar,OBC,GREEN
2.5,0.27,27.7,2.2,0.361,5,3,15,Verma,0.715,Kalahandi,SC,RED
2.4,0.577,58.8,6.4,0.589,4,3,0,Singh,0.74,Hyderabad,OBC,GREEN
2.6,0.712,73.0,5.5,0.646,5,2,0,Meena,0.479,Pune,OBC,GREEN
12.2,0.198,56.1,6.1,0.424,5,3,9,Patil,0.615,Mumbai Suburban,General,GREEN
0.2,0.855,74.4,8.4,0.85,9,4,0,Banerjee,0.735,Mewat,OBC,GREEN
9.7,0.738,89.3,8.9,0.831,5,3,10,Sharma,0.574,Mewat,OBC,GREEN
2.8,0.831,71.2,9.2,0.789,5,3,0,Sharma,0.854,Kalahandi,OBC,GREEN
7.1,0.824,72.3,7.1,0.818,3,4,5,Kumar,0.747,Kalahandi,General,GREEN
3.8,0.559,50.8,3.3,0.537,6,2,0,Munda,0.837,Pune,OBC,GREEN
1.0,0.564,56.0,5.3,0.521,9,2,0,Das,0.659,Bastar,SC,GREEN
10.4,0.448,44.3,4.5,0.354,8,4,0,Banerjee,0.454,Bengaluru Urban,General,YELLOW
9.2,0.72,78.3,5.7,0.741,7,4,0,Singh,0.899,Bengaluru Urban,OBC,GREEN
1.1,0.75,80.9,8.7,0.775,6,3,12,Munda,0.711,Mumbai Suburban,ST,GREEN
5.8,0.399,40.7,3.5,0.425,7,3,1,Singh,0.692,Bastar,General,YELLOW
1.9,0.744,61.4,5.0,0.521,3,3,0,Verma,0.886,Gaya,OBC,YELLOW
0.5,0.693,61.6,7.8,0.741,3,3,0,Munda,0.854,Pune,SC,GREEN
1.5,0.642,54.0,7.0,0.567,5,1,0,Verma,0.856,Gaya,General,GREEN
10.0,0.457,51.8,6.1,0.565,8,3,4,Munda,0.532,Kalahandi,OBC,YELLOW
7.2,0.578,67.8,7.8,0.679,7,1,7,Khan,0.723,Mumbai Suburban,SC,GREEN
2.6,0.552,47.4,5.9,0.491,9,3,0,Gupta,0.775,Mewat,General,YELLOW
10.0,0.726,66.3,6.9,0.673,12,3,0,Singh,0.377,Mumbai Suburban,General,GREEN
8.7,0.689,79.2,7.7,0.785,5,3,0,Banerjee,0.935,Bastar,OBC,GREEN
1.5,0.791,97.7,4.6,0.748,5,3,0,Singh,0.94,Bengaluru Urban,General,GREEN
11.9,0.612,74.3,5.2,0.654,10,3,16,Gupta,0.518,Bastar,SC,YELLOW
2.4,0.254,33.9,0.4,0.31,4,3,0,Sharma,0.355,Bengaluru Urban,OBC,RED
2.8,0.792,57.8,8.5,0.662,6,4,0,Das,0.735,Bastar,OBC,GREEN
0.3,0.54,60.0,6.3,0.671,8,4,0,Paswan,0.676,Mewat,General,GREEN
1.9,0.689,97.8,9.2,0.868,7,3,36,Patil,0.764,Pune,OBC,GREEN
3.1,0.551,65.9,7.0,0.592,9,4,0,Patil,0.623,Kalahandi,General,YELLOW
4.6,0.805,95.7,8.8,0.814,6,3,0,Gupta,0.889,Mumbai Suburban,ST,GREEN
1.0,0.753,63.8,8.8,0.748,6,4,2,Das,0.791,Hyderabad,General,GREEN
1.6,0.691,67.1,9.7,0.823,7,4,2,Ansari,0.584,Bengaluru Urban,OBC,GREEN
12.1,0.462,44.7,5.7,0.487,4,3,3,Kumar,0.758,Kalahandi,General,YELLOW
8.2,0.514,49.3,4.1,0.548,5,3,0,Singh,0.484,Bengaluru Urban,OBC,GREEN
9.5,0.709,59.3,8.3,0.638,15,3,0,Khan,0.694,Gaya,OBC,YELLOW
3.3,0.718,76.0,8.9,0.789,8,4,0,Ansari,0.95,Gaya,SC,GREEN
4.7,0.724,82.4,8.5,0.737,5,4,6,Munda,0.193,Kalahandi,SC,YELLOW
5.9,0.52,46.0,4.4,0.492,10,2,20,Yadav,0.853,Pune,General,GREEN
11.9,0.79,95.0,6.7,0.848,6,4,7,Das,0.76,Mewat,OBC,GREEN
0.5,0.254,27.6,2.8,0.249,3,1,0,Paswan,0.929,Pune,General,GREEN
2.1,0.222,51.4,1.4,0.162,7,4,30,Ansari,0.863,Pune,OBC,RED
4.3,0.702,83.2,7.1,0.758,8,4,0,Yadav,0.935,Bengaluru Urban,OBC,GREEN
3.8,0.898,91.1,10.0,0.958,5,4,4,Munda,0.729,Kalahandi,SC,GREEN
1.6,0.817,83.0,8.7,0.859,3,4,0,Das,0.609,Kalahandi,OBC,GREEN
5.5,0.846,89.6,9.0,0.942,6,4,5,Verma,0.823,Bengaluru Urban,General,GREEN
2.2,0.889,100.0,8.3,0.853,5,2,0,Yadav,0.6,Bengaluru Urban,OBC,GREEN
3.5,0.927,100.0,8.5,0.96,4,4,0,Yadav,0.471,Mumbai Suburban,SC,GREEN
5.3,0.858,82.2,9.2,0.926,6,2,0,Singh,0.907,Mumbai Suburban,OBC,GREEN
2.3,0.613,72.0,5.9,0.552,9,3,0,Banerjee,0.838,Hyderabad,SC,GREEN
6.8,0.825,92.2,10.0,0.932,10,3,0,Das,0.797,Bengaluru Urban,General,GREEN
7.8,0.294,25.1,3.7,0.28,15,3,0,Meena,0.592,Kalahandi,General,RED
1.7,0.404,27.2,3.4,0.335,4,2,3,Paswan,0.744,Kalahandi,General,YELLOW
2.2,0.57,81.8,3.9,0.61,7,4,16,Verma,0.822,Pune,SC,YELLOW
1.2,0.618,59.2,6.4,0.592,3,2,2,Sharma,0.797,Hyderabad,OBC,GREEN
3.5,0.437,45.5,4.2,0.404,7,4,0,Munda,0.732,Mumbai Suburban,SC,GREEN
4.6,0.883,94.2,8.9,0.907,4,3,0,Das,0.758,Bastar,OBC,GREEN
2.5,0.696,64.4,6.9,0.622,6,4,0,Kumar,0.759,Bastar,OBC,GREEN
4.5,0.451,55.4,3.1,0.384,13,3,8,Singh,0.693,Mewat,OBC,RED
2.1,0.436,44.8,8.7,0.619,3,4,0,Menon,0.515,Bengaluru Urban,OBC,GREEN
2.2,0.599,39.1,5.4,0.453,4,3,0,Meena,0.565,Pune,General,GREEN
4.8,0.422,46.1,5.7,0.518,7,3,6,Gupta,0.603,Bastar,OBC,YELLOW
2.3,0.666,74.3,6.8,0.719,3,3,0,Singh,0.852,Hyderabad,OBC,GREEN
3.3,0.645,68.0,2.8,0.449,11,3,0,Munda,0.858,Kalahandi,OBC,YELLOW
4.9,0.782,57.5,7.6,0.672,3,1,1,Singh,0.896,Hyderabad,General,GREEN
4.4,0.798,71.3,8.7,0.853,8,3,0,Verma,0.882,Bengaluru Urban,General,GREEN
2.1,0.34,48.6,3.4,0.34,6,2,12,Das,0.76,Mewat,OBC,YELLOW
8.4,0.577,58.4,8.4,0.644,3,3,6,Das,0.916,Gaya,OBC,GREEN
5.7,0.499,36.0,8.2,0.583,7,4,0,Gupta,0.835,Bengaluru Urban,General,GREEN
4.4,0.144,15.2,2.4,0.218,3,3,0,Paswan,0.728,Mewat,General,RED
1.0,0.431,35.4,6.2,0.456,3,3,7,Banerjee,0.739,Bastar,SC,YELLOW
3.9,0.685,67.7,5.6,0.611,3,3,0,Kumar,0.9,Pune,SC,GREEN
1.8,0.654,76.0,5.6,0.729,4,2,21,Iyer,0.795,Mumbai Suburban,OBC,GREEN
5.4,0.693,66.9,4.5,0.691,12,2,0,Das,0.402,Kalahandi,OBC,GREEN
2.7,0.807,95.8,10.0,0.971,5,3,0,Ansari,0.86,Bengaluru Urban,OBC,GREEN
2.0,0.853,89.9,8.2,0.862,5,3,0,Yadav,0.717,Bastar,OBC,GREEN
6.8,0.752,85.5,10.0,0.829,5,3,0,Munda,0.644,Hyderabad,SC,GREEN
0.3,0.346,30.8,2.9,0.273,3,4,0,Patil,0.802,Kalahandi,ST,RED
3.6,0.403,31.8,2.6,0.353,9,2,1,Gupta,0.97,Pune,General,GREEN
5.6,0.825,88.0,8.0,0.856,12,4,0,Gupta,0.834,Bengaluru Urban,SC,GREEN
13.6,0.691,84.3,6.6,0.801,10,4,0,Singh,0.741,Bengaluru Urban,General,GREEN
2.2,0.528,61.1,4.7,0.569,4,4,0,Gupta,0.617,Bastar,OBC,YELLOW
4.7,0.867,89.7,10.0,0.846,8,4,0,Munda,0.787,Pune,SC,GREEN
0.3,0.9,94.4,9.4,0.981,7,4,0,Deshmukh,0.791,Pune,SC,GREEN
3.5,0.538,44.8,5.6,0.465,7,4,0,Das,0.901,Kalahandi,ST,YELLOW
8.9,0.46,70.5,5.9,0.566,15,3,7,Munda,0.803,Bengaluru Urban,ST,GREEN
13.7,0.247,40.8,4.3,0.374,6,4,0,Paswan,0.671,Gaya,OBC,RED
5.0,0.808,85.2,8.6,0.94,3,4,5,Kumar,0.985,Bastar,SC,GREEN
0.5,0.557,39.4,6.5,0.689,4,3,0,Gupta,0.664,Mewat,ST,GREEN
10.0,0.807,87.4,8.5,0.874,12,3,6,Meena,0.315,Bastar,OBC,GREEN
0.5,0.515,73.1,4.0,0.54,5,3,0,Gupta,0.767,Mumbai Suburban,OBC,GREEN
0.9,0.264,20.3,1.9,0.246,11,3,0,Kumar,0.719,Bengaluru Urban,General,YELLOW
10.6,0.752,88.7,8.2,0.864,10,3,0,Ansari,0.528,Bengaluru Urban,ST,GREEN
3.3,0.43,41.1,2.2,0.338,6,3,3,Kumar,0.492,Mewat,ST,RED
1.9,0.733,90.7,7.5,0.886,5,3,0,Singh,0.824,Pune,OBC,GREEN
6.3,0.515,45.0,4.0,0.467,7,3,0,Paswan,0.837,Bengaluru Urban,OBC,GREEN
4.1,0.682,63.8,6.0,0.665,5,3,0,Meena,0.643,Mewat,OBC,GREEN
8.3,0.453,29.6,6.7,0.506,7,4,0,Menon,0.676,Mewat,SC,YELLOW
4.2,0.571,60.5,5.7,0.603,6,4,0,Das,0.679,Mewat,SC,YELLOW
4.3,0.738,84.3,5.7,0.759,8,3,0,Gupta,0.43,Bengaluru Urban,OBC,GREEN
8.0,0.952,98.6,8.3,0.892,8,2,0,Kumar,0.894,Mumbai Suburban,General,GREEN
3.2,0.633,63.1,5.5,0.577,3,4,0,Das,0.894,Bengaluru Urban,OBC,GREEN
1.3,0.515,52.1,4.1,0.427,3,3,0,Munda,0.669,Bengaluru Urban,OBC,GREEN
6.6,0.643,61.0,5.0,0.606,7,4,0,Das,0.504,Gaya,OBC,YELLOW
2.6,0.361,49.9,3.1,0.429,4,3,4,Ansari,0.899,Mumbai Suburban,General,GREEN
4.5,0.647,50.2,6.3,0.616,8,2,0,Iyer,0.867,Bengaluru Urban,SC,GREEN
0.2,0.624,54.0,7.2,0.712,3,1,0,Khan,0.572,Gaya,OBC,GREEN
3.1,0.663,46.5,6.5,0.592,5,2,0,Meena,0.737,Kalahandi,OBC,GREEN
2.1,0.59,54.9,4.9,0.576,3,3,0,Deshmukh,0.86,Kalahandi,OBC,YELLOW
0.2,0.604,63.3,6.0,0.558,4,2,8,Meena,0.703,Gaya,General,GREEN
3.2,0.691,85.1,6.0,0.695,10,1,0,Ansari,0.956,Bastar,SC,GREEN
3.3,0.746,80.9,7.8,0.813,3,3,29,Yadav,0.7,Bengaluru Urban,OBC,GREEN
4.8,0.684,83.6,6.8,0.776,7,4,0,Yadav,0.857,Mumbai Suburban,General,GREEN
8.8,0.631,46.0,6.6,0.569,8,4,0,Deshmukh,0.376,Gaya,ST,RED
7.7,0.811,81.5,9.1,0.842,7,2,0,Das,0.583,Mumbai Suburban,General,GREEN
2.2,0.648,65.2,9.4,0.671,5,4,0,Patil,0.822,Mewat,SC,GREEN
4.1,0.9,92.4,7.7,0.847,5,2,0,Patil,0.809,Mewat,ST,GREEN
5.4,0.506,40.2,1.9,0.411,9,2,3,Singh,0.409,Bastar,General,GREEN
2.3,0.516,38.7,4.6,0.483,3,2,5,Iyer,0.856,Kalahandi,SC,GREEN
0.6,0.396,26.8,6.5,0.463,7,2,18,Menon,0.744,Hyderabad,General,GREEN
2.9,0.432,51.5,1.7,0.375,3,4,0,Iyer,0.722,Bengaluru Urban,SC,GREEN
9.0,0.665,63.1,7.6,0.686,4,2,9,Das,0.859,Kalahandi,SC,GREEN
0.5,0.748,90.1,6.0,0.717,5,4,0,Munda,0.481,Bengaluru Urban,OBC,GREEN
1.2,0.454,50.6,6.0,0.555,6,3,4,Iyer,0.582,Kalahandi,OBC,YELLOW
1.5,0.573,69.2,6.9,0.673,3,3,0,Yadav,0.755,Mewat,OBC,GREEN
1.2,0.652,61.5,8.0,0.714,5,4,0,Deshmukh,0.646,Pune,SC,GREEN
6.3,0.842,91.3,9.7,0.882,7,3,0,Meena,0.816,Mumbai Suburban,General,GREEN
1.8,0.775,87.4,10.0,0.775,7,4,14,Ansari,0.909,Gaya,OBC,YELLOW
6.4,0.739,81.9,10.0,0.908,7,3,8,Yadav,0.512,Mumbai Suburban,General,GREEN
3.6,0.215,38.8,3.9,0.307,7,4,0,Menon,0.689,Bengaluru Urban,SC,YELLOW
0.3,0.714,84.2,5.4,0.656,4,4,0,Gupta,0.477,Bengaluru Urban,OBC,GREEN
2.3,0.724,100.0,8.0,0.876,5,4,36,Paswan,0.747,Bengaluru Urban,OBC,GREEN
7.9,0.677,82.7,9.8,0.808,8,4,9,Yadav,0.69,Bastar,OBC,GREEN
4.0,0.812,100.0,10.0,0.99,3,4,0,Munda,0.871,Hyderabad,SC,GREEN
2.5,0.831,100.0,7.5,0.891,3,4,0,Banerjee,0.569,Hyderabad,General,GREEN
9.1,0.745,74.6,5.0,0.698,4,4,2,Das,0.786,Mumbai Suburban,OBC,GREEN
1.0,0.674,57.7,4.5,0.499,3,4,0,Yadav,0.588,Hyderabad,OBC,GREEN
1.9,0.236,53.5,5.4,0.498,3,4,10,Paswan,0.894,Hyderabad,General,GREEN
7.3,0.657,72.7,9.1,0.778,5,4,0,Yadav,0.593,Mewat,OBC,GREEN
6.2,0.757,86.0,6.6,0.741,6,4,0,Yadav,0.458,Pune,OBC,GREEN
0.9,0.429,38.4,5.3,0.455,8,4,0,Patil,0.78,Bastar,OBC,YELLOW
5.3,0.476,59.6,7.2,0.509,10,3,14,Menon,0.194,Kalahandi,General,RED
1.8,0.198,35.0,5.5,0.386,4,4,0,Gupta,0.515,Pune,OBC,GREEN
0.2,0.675,79.1,8.3,0.714,3,3,0,Ansari,0.826,Mumbai Suburban,General,GREEN
2.6,0.801,69.0,8.0,0.696,4,1,5,Khan,0.712,Kalahandi,OBC,GREEN
14.4,0.85,100.0,7.9,0.804,8,2,0,Menon,0.814,Pune,General,GREEN
8.0,0.529,57.1,5.7,0.612,7,2,10,Iyer,0.742,Kalahandi,OBC,GREEN
3.3,0.225,29.3,1.6,0.195,7,4,0,Yadav,0.617,Mewat,OBC,RED
0.5,0.295,42.9,4.4,0.465,4,3,0,Paswan,0.776,Mumbai Suburban,SC,GREEN
0.2,0.33,54.3,3.6,0.384,3,3,0,Banerjee,0.8,Gaya,SC,RED
3.7,0.536,62.7,4.6,0.456,9,4,0,Patil,0.614,Mumbai Suburban,SC,GREEN
5.0,0.5,54.5,7.2,0.533,5,3,0,Ansari,0.548,Pune,General,GREEN
6.4,0.951,95.0,10.0,1.0,5,2,1,Menon,0.698,Kalahandi,General,GREEN
5.8,0.633,79.4,7.2,0.708,7,3,0,Kumar,0.901,Mumbai Suburban,OBC,GREEN
6.2,0.463,49.3,4.4,0.438,6,2,0,Yadav,0.758,Bengaluru Urban,ST,GREEN
4.5,0.614,68.9,5.8,0.636,5,3,6,Banerjee,0.455,Mumbai Suburban,OBC,GREEN
9.0,0.746,60.0,7.4,0.72,5,4,0,Verma,0.821,Hyderabad,OBC,GREEN
2.1,0.591,63.2,10.0,0.797,7,3,3,Sharma,0.599,Hyderabad,OBC,GREEN
3.6,0.554,36.3,9.0,0.678,6,2,5,Munda,0.805,Mewat,General,GREEN
0.3,0.604,38.7,5.3,0.489,4,3,0,Paswan,0.894,Bengaluru Urban,General,GREEN
2.0,0.923,86.4,9.3,0.839,5,3,0,Yadav,0.677,Mewat,General,GREEN
7.8,0.673,53.5,5.9,0.579,5,3,0,Das,0.8,Mewat,OBC,YELLOW
6.0,0.63,67.5,4.3,0.591,4,2,35,Sharma,0.648,Hyderabad,OBC,GREEN
0.1,0.913,99.4,10.0,0.921,3,4,0,Munda,0.789,Pune,General,GREEN
15.2,0.907,95.7,7.3,0.817,9,2,0,Patil,0.334,Mumbai Suburban,SC,GREEN
4.0,0.696,68.5,5.8,0.671,7,4,0,Paswan,0.724,Kalahandi,General,GREEN
4.1,0.863,68.4,6.0,0.713,6,1,0,Meena,0.932,Kalahandi,OBC,GREEN
1.9,0.635,70.3,6.5,0.664,5,4,12,Das,0.472,Mewat,OBC,GREEN
2.3,0.6,44.3,6.5,0.526,7,2,3,Paswan,0.938,Mewat,General,GREEN
4.0,0.229,37.0,1.9,0.251,4,3,2,Deshmukh,0.4,Kalahandi,OBC,RED
5.8,0.866,80.1,8.5,0.793,6,2,0,Gupta,0.496,Kalahandi,SC,GREEN
4.7,0.671,50.7,8.1,0.707,5,1,2,Patil,0.84,Gaya,OBC,GREEN
2.0,0.578,60.3,5.1,0.615,4,4,14,Banerjee,0.614,Mumbai Suburban,SC,YELLOW
1.3,0.61,66.1,5.0,0.498,4,3,0,Singh,0.801,Mumbai Suburban,ST,GREEN
1.2,0.245,30.1,4.4,0.282,8,3,0,Gupta,0.728,Bengaluru Urban,ST,YELLOW
8.3,0.344,37.5,1.5,0.215,7,4,0,Iyer,0.489,Bengaluru Urban,OBC,YELLOW
7.5,0.7,80.0,4.8,0.627,3,2,0,Munda,0.609,Pune,General,GREEN
5.3,0.444,39.8,2.9,0.373,8,3,0,Verma,0.693,Pune,OBC,GREEN
8.2,0.622,67.2,7.6,0.612,9,2,0,Iyer,0.613,Gaya,ST,GREEN
3.1,0.783,82.3,9.7,0.813,7,4,4,Kumar,0.748,Bengaluru Urban,General,GREEN
7.0,0.712,84.8,7.8,0.73,5,3,0,Patil,0.87,Hyderabad,OBC,GREEN
5.6,0.729,66.6,6.4,0.689,12,4,0,Verma,0.6,Gaya,General,GREEN
7.2,0.908,98.6,9.0,0.935,4,2,0,Singh,0.964,Mumbai Suburban,ST,GREEN
1.1,0.84,88.9,9.5,0.857,3,3,11,Das,0.934,Hyderabad,OBC,GREEN
4.4,0.817,100.0,8.0,0.881,5,4,0,Patil,0.558,Bengaluru Urban,General,GREEN
2.5,0.53,47.2,6.3,0.517,7,2,0,Gupta,0.664,Mewat,OBC,GREEN
9.3,0.562,56.9,5.4,0.543,4,3,0,Menon,0.63,Mumbai Suburban,OBC,GREEN
7.5,0.616,49.8,7.5,0.705,7,4,0,Verma,0.757,Kalahandi,SC,GREEN
4.8,0.501,56.8,6.0,0.623,3,4,0,Meena,0.617,Hyderabad,General,GREEN
1.4,0.833,86.8,6.7,0.725,6,3,0,Singh,0.858,Bengaluru Urban,SC,GREEN
0.3,0.524,44.0,8.7,0.653,4,3,0,Patil,0.538,Pune,OBC,GREEN
2.0,0.817,74.4,9.0,0.861,4,2,0,Das,0.924,Pune,ST,GREEN
6.3,0.725,57.9,5.4,0.557,3,4,0,Banerjee,0.679,Pune,OBC,GREEN
2.5,0.134,15.1,0.5,0.153,3,3,13,Meena,0.793,Hyderabad,OBC,RED
5.4,0.565,63.3,9.3,0.786,7,3,8,Gupta,0.925,Kalahandi,OBC,GREEN
5.6,0.746,83.2,8.2,0.743,10,4,0,Yadav,0.901,Hyderabad,General,GREEN
6.2,0.736,70.4,8.7,0.724,4,3,0,Iyer,0.712,Bastar,ST,GREEN
0.2,0.787,88.4,8.9,0.905,4,4,6,Das,0.675,Bengaluru Urban,SC,GREEN
1.6,0.61,56.4,8.2,0.678,4,4,0,Deshmukh,0.593,Hyderabad,SC,GREEN
5.3,0.608,70.2,8.3,0.741,3,3,0,Das,0.835,Bengaluru Urban,OBC,GREEN
10.9,0.568,56.1,4.9,0.557,8,3,0,Iyer,0.633,Kalahandi,ST,YELLOW
8.7,0.677,60.6,7.5,0.697,6,2,1,Gupta,0.632,Gaya,OBC,GREEN
4.6,0.561,61.1,4.0,0.458,6,3,0,Menon,0.891,Pune,General,GREEN
9.4,0.747,68.7,5.8,0.724,7,2,0,Gupta,0.801,Bengaluru Urban,SC,GREEN
4.5,0.748,59.5,7.5,0.756,6,4,0,Sharma,0.74,Bastar,SC,GREEN
0.5,0.759,70.5,5.5,0.66,3,3,0,Menon,0.87,Hyderabad,SC,GREEN
6.1,0.201,13.9,2.1,0.181,6,4,28,Das,0.576,Bastar,ST,RED
8.9,0.552,52.9,2.8,0.377,7,4,0,Meena,0.767,Bastar,General,RED
13.6,0.76,90.8,8.9,0.878,5,4,14,Singh,0.663,Mewat,OBC,GREEN
1.9,0.231,32.9,4.8,0.375,7,2,0,Gupta,0.9,Mewat,OBC,GREEN
0.9,0.605,60.9,6.6,0.622,9,3,0,Sharma,0.691,Pune,General,GREEN
7.0,0.739,77.3,7.9,0.824,12,4,2,Khan,0.777,Mumbai Suburban,ST,GREEN
5.0,0.882,100.0,8.8,0.904,7,3,0,Iyer,0.802,Bengaluru Urban,OBC,GREEN
4.7,0.657,66.7,7.0,0.703,4,3,0,Khan,0.231,Bengaluru Urban,SC,GREEN
9.5,0.773,71.0,8.1,0.713,15,4,0,Kumar,0.78,Kalahandi,OBC,YELLOW
7.0,0.877,86.4,6.1,0.782,6,3,0,Paswan,0.393,Mewat,OBC,YELLOW
5.4,0.562,51.9,6.4,0.565,5,3,0,Khan,0.782,Kalahandi,OBC,YELLOW
2.2,0.606,58.8,8.9,0.706,5,3,0,Singh,0.662,Pune,OBC,GREEN
6.6,0.843,70.3,6.8,0.724,3,4,0,Verma,0.791,Gaya,General,GREEN
0.9,0.499,78.8,4.9,0.586,5,4,29,Paswan,0.576,Bengaluru Urban,OBC,YELLOW
4.5,0.897,90.2,8.8,0.934,10,1,0,Banerjee,0.629,Gaya,General,GREEN
3.4,0.469,63.1,4.2,0.485,3,2,0,Iyer,0.515,Pune,SC,GREEN
0.5,0.586,73.1,7.0,0.592,8,4,4,Deshmukh,0.906,Mumbai Suburban,General,GREEN
5.0,0.738,73.9,6.4,0.793,7,3,0,Deshmukh,0.528,Kalahandi,OBC,GREEN
1.9,0.512,42.5,5.6,0.568,4,4,10,Paswan,0.918,Gaya,General,YELLOW
4.9,0.719,62.8,6.3,0.594,6,3,0,Khan,0.413,Gaya,SC,YELLOW
1.2,0.701,66.6,7.6,0.743,8,3,6,Deshmukh,0.92,Bastar,General,GREEN
7.1,0.319,27.3,7.6,0.426,5,3,3,Gupta,0.809,Hyderabad,SC,GREEN
12.2,0.805,67.3,8.2,0.779,7,4,0,Verma,0.359,Bengaluru Urban,General,GREEN
0.9,0.642,60.3,4.6,0.583,5,3,0,Patil,0.506,Mumbai Suburban,General,GREEN
1.2,0.796,82.7,6.9,0.759,9,3,0,Gupta,0.58,Hyderabad,General,GREEN
0.7,0.65,83.9,3.8,0.584,6,2,21,Yadav,0.498,Gaya,General,YELLOW
2.9,0.623,50.5,8.6,0.628,7,1,0,Yadav,0.818,Bastar,OBC,GREEN
4.9,0.55,61.5,3.9,0.473,5,2,0,Iyer,0.685,Pune,OBC,GREEN
6.2,0.795,72.7,8.1,0.736,5,2,11,Khan,0.46,Bastar,General,GREEN
4.4,0.896,92.4,10.0,0.937,4,3,0,Singh,0.676,Mumbai Suburban,General,GREEN
6.1,0.539,66.5,4.5,0.516,7,4,10,Khan,0.853,Hyderabad,OBC,GREEN
3.3,0.456,61.6,4.4,0.538,4,3,3,Verma,0.692,Gaya,General,YELLOW
1.9,0.37,15.3,3.8,0.375,4,3,3,Deshmukh,0.767,Bengaluru Urban,SC,GREEN
1.3,0.29,20.9,0.5,0.154,8,2,0,Singh,0.544,Bengaluru Urban,ST,GREEN
3.0,0.822,89.7,10.0,0.918,6,4,0,Iyer,0.635,Pune,OBC,GREEN
1.3,0.802,84.4,8.8,0.867,5,4,0,Verma,0.816,Gaya,SC,GREEN
4.8,0.388,32.1,6.8,0.487,5,3,0,Sharma,0.703,Bengaluru Urban,General,GREEN
1.3,0.748,69.4,10.0,0.818,8,2,0,Meena,0.909,Mewat,ST,GREEN
2.1,0.836,91.7,9.9,0.951,7,4,9,Yadav,0.951,Gaya,General,GREEN
8.3,0.831,92.8,7.4,0.857,4,2,0,Das,0.444,Gaya,General,GREEN
8.9,0.697,76.8,4.8,0.586,3,4,0,Ansari,0.495,Pune,ST,GREEN
8.7,0.707,69.3,9.6,0.83,10,3,3,Verma,0.883,Kalahandi,General,GREEN
3.3,0.838,81.8,8.8,0.89,3,4,0,Yadav,0.766,Pune,SC,GREEN
2.0,0.782,89.3,7.7,0.777,7,3,0,Iyer,0.771,Pune,OBC,GREEN
5.4,0.573,59.8,5.1,0.562,6,3,0,Banerjee,0.822,Bengaluru Urban,OBC,GREEN
1.4,0.785,67.8,8.0,0.788,3,1,4,Iyer,0.647,Mewat,ST,GREEN
6.5,0.77,67.2,9.1,0.774,5,3,0,Das,0.641,Bastar,SC,GREEN
1.8,0.661,68.2,7.4,0.748,4,3,0,Munda,0.691,Mumbai Suburban,SC,GREEN
2.8,0.597,66.6,7.2,0.779,3,4,0,Patil,0.84,Bastar,General,GREEN
6.6,0.638,58.6,5.1,0.539,6,3,0,Khan,0.471,Gaya,General,YELLOW
0.3,0.414,41.7,5.4,0.388,6,3,0,Paswan,0.801,Gaya,General,RED
1.9,0.526,52.0,6.5,0.581,8,3,0,Paswan,0.705,Bengaluru Urban,SC,GREEN
4.8,0.412,37.9,5.9,0.496,4,1,0,Banerjee,0.532,Gaya,SC,GREEN
5.8,0.689,74.8,8.6,0.754,9,4,0,Khan,0.802,Hyderabad,SC,GREEN
5.0,0.89,76.1,9.1,0.926,10,2,0,Singh,0.667,Kalahandi,OBC,GREEN
2.8,0.355,48.8,4.7,0.371,9,4,0,Ansari,0.711,Bengaluru Urban,General,GREEN
7.2,0.807,71.2,6.8,0.768,10,3,0,Deshmukh,0.571,Mumbai Suburban,General,GREEN
1.2,0.559,72.3,8.0,0.664,5,3,0,Singh,0.631,Bengaluru Urban,General,GREEN
1.1,0.674,75.7,6.9,0.793,4,3,0,Das,0.685,Mumbai Suburban,OBC,GREEN
4.8,0.623,73.2,6.5,0.768,9,3,0,Yadav,0.71,Pune,OBC,GREEN
1.1,0.838,72.3,8.2,0.755,7,3,0,Khan,0.749,Bengaluru Urban,ST,GREEN
12.5,0.534,52.9,4.5,0.477,6,4,0,Sharma,0.729,Bastar,OBC,YELLOW
2.0,0.687,84.0,6.1,0.755,6,3,0,Das,0.538,Mewat,SC,GREEN
7.1,0.858,84.4,5.5,0.731,4,2,0,Das,0.419,Bengaluru Urban,SC,GREEN
0.8,0.813,87.6,8.3,0.837,4,3,2,Menon,0.801,Mumbai Suburban,SC,GREEN
10.6,0.493,42.8,6.7,0.532,4,4,0,Meena,0.865,Bengaluru Urban,OBC,GREEN
3.5,0.716,62.2,6.1,0.553,3,3,1,Kumar,0.445,Bengaluru Urban,General,GREEN
1.9,0.364,46.7,5.4,0.456,4,2,7,Sharma,0.814,Mumbai Suburban,OBC,GREEN
2.6,0.446,42.8,5.7,0.447,3,3,5,Khan,0.73,Hyderabad,SC,GREEN
1.6,0.952,89.7,8.8,0.885,4,2,0,Das,0.613,Hyderabad,SC,GREEN
2.8,0.616,67.3,8.5,0.785,3,3,0,Deshmukh,0.759,Bengaluru Urban,OBC,GREEN
0.9,0.52,66.9,8.0,0.6,6,4,36,Singh,0.923,Mewat,OBC,RED
2.0,0.507,61.0,6.8,0.64,10,3,0,Banerjee,0.707,Mumbai Suburban,SC,GREEN
6.9,0.691,78.1,8.8,0.77,5,3,12,Munda,0.826,Gaya,OBC,GREEN
4.2,0.804,89.3,8.0,0.818,4,4,0,Kumar,0.913,Bastar,OBC,GREEN
1.2,0.311,41.5,3.1,0.385,7,3,0,Sharma,0.597,Gaya,SC,RED
2.9,0.476,54.3,4.0,0.49,5,1,11,Das,0.414,Pune,SC,GREEN
9.0,0.758,92.5,10.0,0.923,7,3,0,Banerjee,0.953,Bastar,General,GREEN
2.2,0.643,53.4,8.6,0.727,10,4,0,Munda,0.899,Kalahandi,General,GREEN
1.0,0.567,46.4,4.0,0.46,6,4,0,Munda,0.647,Bengaluru Urban,OBC,GREEN
5.6,0.575,71.3,6.6,0.619,10,4,0,Banerjee,0.958,Bastar,SC,GREEN
0.1,0.782,76.2,3.1,0.564,6,3,0,Gupta,0.405,Hyderabad,ST,GREEN
2.7,0.58,36.3,5.6,0.46,4,3,0,Deshmukh,0.801,Pune,ST,GREEN
9.6,0.663,71.1,6.9,0.835,6,4,16,Das,0.637,Mewat,ST,YELLOW
2.8,0.789,91.2,9.2,0.936,4,4,0,Banerjee,0.879,Mewat,OBC,GREEN
7.5,0.493,51.2,3.8,0.394,9,4,0,Ansari,0.923,Pune,ST,GREEN
1.0,0.28,15.2,1.0,0.111,5,3,0,Patil,0.812,Pune,SC,RED
2.7,0.695,71.6,6.7,0.718,4,3,0,Menon,0.782,Hyderabad,OBC,GREEN
2.5,0.599,63.0,6.5,0.654,6,3,0,Singh,0.785,Hyderabad,ST,GREEN
5.3,0.584,68.0,4.5,0.599,8,3,9,Ansari,0.874,Hyderabad,OBC,GREEN
3.7,0.58,55.8,8.0,0.633,5,3,0,Iyer,0.843,Bengaluru Urban,General,GREEN
10.6,0.636,56.9,6.6,0.615,7,3,0,Menon,0.765,Bastar,OBC,YELLOW
2.1,0.555,62.8,6.1,0.614,9,4,0,Singh,0.643,Bastar,General,YELLOW
3.7,0.585,52.7,6.5,0.592,7,3,0,Deshmukh,0.419,Kalahandi,ST,YELLOW
2.6,0.415,56.2,4.4,0.361,3,4,10,Paswan,0.805,Hyderabad,SC,YELLOW
3.4,0.622,68.8,8.9,0.722,9,3,4,Munda,0.552,Mumbai Suburban,OBC,GREEN
3.2,0.735,72.3,7.9,0.707,11,4,0,Das,0.729,Hyderabad,General,GREEN
1.3,0.707,76.2,8.1,0.768,6,3,29,Sharma,0.427,Hyderabad,General,GREEN
6.6,0.529,53.6,5.0,0.671,8,3,0,Banerjee,0.397,Bastar,OBC,YELLOW
1.8,0.803,68.8,9.6,0.835,3,4,0,Verma,0.815,Pune,OBC,GREEN
1.6,0.897,100.0,9.1,0.92,3,2,0,Banerjee,0.862,Pune,OBC,GREEN
0.5,0.908,85.0,8.9,0.929,4,3,0,Deshmukh,0.701,Kalahandi,OBC,GREEN
2.0,0.717,67.8,10.0,0.822,8,3,0,Paswan,0.738,Mewat,SC,GREEN
1.7,0.768,89.1,8.1,0.844,4,3,0,Paswan,0.888,Hyderabad,ST,GREEN
0.2,0.616,59.9,5.0,0.602,7,4,0,Patil,0.599,Bastar,OBC,YELLOW
2.8,0.63,61.9,9.3,0.829,7,2,8,Paswan,0.948,Bastar,SC,GREEN
10.2,0.649,56.5,6.5,0.565,9,3,2,Meena,0.969,Hyderabad,OBC,GREEN
0.6,0.529,58.9,3.2,0.503,6,4,0,Menon,0.852,Bengaluru Urban,General,GREEN
3.4,0.565,64.1,5.7,0.546,5,3,10,Das,0.695,Bengaluru Urban,General,GREEN
2.8,0.448,65.6,2.0,0.462,3,4,0,Banerjee,0.516,Kalahandi,SC,YELLOW
5.9,0.45,47.9,3.8,0.39,6,3,0,Paswan,0.925,Mumbai Suburban,OBC,GREEN
6.3,0.875,59.8,10.0,0.803,7,2,5,Verma,0.825,Bastar,SC,GREEN
16.2,0.64,73.5,7.6,0.697,6,3,0,Das,0.775,Bastar,SC,GREEN
4.4,0.474,42.4,5.2,0.521,8,3,0,Meena,0.823,Hyderabad,OBC,GREEN
1.5,0.962,97.3,8.8,0.984,5,1,0,Singh,0.743,Bengaluru Urban,General,GREEN
2.0,0.689,88.0,7.2,0.701,3,4,6,Das,0.848,Bengaluru Urban,OBC,GREEN
2.2,0.875,84.4,10.0,0.909,4,2,0,Yadav,0.839,Mumbai Suburban,ST,GREEN
1.8,0.393,37.3,1.7,0.277,4,3,3,Singh,0.703,Bastar,OBC,RED
12.1,0.767,91.1,8.5,0.78,7,3,0,Deshmukh,0.25,Hyderabad,SC,GREEN
6.1,0.648,79.0,4.2,0.608,4,4,0,Yadav,0.424,Gaya,OBC,YELLOW
5.3,0.592,65.9,6.3,0.612,5,1,13,Singh,0.65,Pune,General,GREEN
1.1,0.457,66.0,4.8,0.654,7,4,0,Kumar,0.83,Gaya,General,GREEN
6.3,0.394,27.0,4.2,0.383,7,4,0,Yadav,0.785,Hyderabad,OBC,GREEN
8.4,0.425,33.5,3.2,0.291,6,2,0,Banerjee,0.924,Bengaluru Urban,SC,GREEN
2.8,0.78,78.2,9.6,0.812,9,3,0,Gupta,0.769,Bengaluru Urban,OBC,GREEN
1.9,0.412,56.8,6.3,0.588,15,4,0,Munda,0.917,Mumbai Suburban,General,GREEN
10.8,0.507,53.0,6.5,0.667,7,2,0,Menon,0.651,Pune,General,GREEN
1.7,0.783,66.5,8.0,0.67,6,2,0,Deshmukh,0.871,Mewat,SC,GREEN
1.5,0.465,35.3,4.3,0.322,4,4,0,Gupta,0.599,Mewat,OBC,RED
1.2,0.819,72.0,8.4,0.887,4,3,0,Deshmukh,0.645,Hyderabad,General,GREEN
3.2,0.196,29.7,2.3,0.26,8,3,4,Iyer,0.832,Mumbai Suburban,OBC,YELLOW
4.3,0.635,62.6,5.7,0.567,10,2,20,Khan,0.859,Mewat,ST,YELLOW
7.6,0.42,57.1,5.0,0.524,8,4,0,Khan,0.946,Hyderabad,OBC,GREEN
5.5,0.63,53.7,9.5,0.574,8,3,0,Ansari,0.834,Hyderabad,General,GREEN
5.4,0.574,66.7,6.0,0.614,5,3,0,Sharma,0.686,Pune,SC,GREEN
9.5,0.786,83.1,7.6,0.809,6,4,0,Iyer,0.354,Hyderabad,ST,GREEN
1.2,0.04,0.0,0.0,0.06,3,3,0,Menon,0.748,Gaya,OBC,RED
0.6,0.675,67.1,7.1,0.635,3,3,0,Yadav,0.453,Bengaluru Urban,OBC,GREEN
5.7,0.305,44.6,3.4,0.368,6,4,36,Iyer,0.534,Pune,ST,RED
3.1,0.695,74.2,6.8,0.659,8,3,0,Singh,0.908,Bengaluru Urban,General,GREEN
7.6,0.433,34.4,5.1,0.442,6,1,0,Singh,0.675,Bengaluru Urban,OBC,GREEN
3.4,0.491,59.3,3.9,0.447,7,4,3,Ansari,0.734,Pune,OBC,GREEN
1.9,0.745,86.5,8.1,0.786,3,2,0,Deshmukh,0.819,Mumbai Suburban,OBC,GREEN
5.8,0.666,64.2,7.2,0.626,4,4,0,Meena,0.397,Mewat,General,RED
3.8,0.503,61.1,5.8,0.597,7,3,0,Menon,0.919,Bengaluru Urban,OBC,GREEN
3.4,0.711,69.5,7.4,0.758,9,3,0,Sharma,0.463,Mewat,OBC,GREEN
18.3,0.803,95.0,6.6,0.793,9,4,0,Kumar,0.7,Mewat,OBC,GREEN
8.9,0.392,39.3,5.1,0.434,3,3,0,Patil,0.832,Kalahandi,SC,YELLOW
6.4,0.365,48.6,3.5,0.328,9,3,0,Ansari,0.815,Hyderabad,SC,YELLOW
3.9,0.19,35.6,3.0,0.267,7,4,0,Verma,0.87,Pune,General,YELLOW
3.6,0.419,35.5,5.6,0.442,4,3,0,Iyer,0.416,Gaya,General,YELLOW
2.6,0.315,43.5,0.0,0.381,3,3,0,Singh,0.861,Bengaluru Urban,OBC,GREEN
4.2,0.6,68.7,5.1,0.543,5,2,1,Iyer,0.633,Hyderabad,OBC,GREEN
2.1,0.794,83.7,5.0,0.784,3,3,1,Verma,0.595,Kalahandi,General,GREEN
0.9,0.398,47.4,2.6,0.427,7,3,0,Paswan,0.763,Bastar,General,YELLOW
3.3,0.694,67.9,6.7,0.695,8,3,0,Verma,0.723,Mumbai Suburban,General,GREEN
4.5,0.648,91.3,8.3,0.885,6,3,0,Iyer,0.788,Pune,SC,GREEN
7.6,0.879,63.9,10.0,0.858,8,3,0,Khan,0.566,Gaya,SC,GREEN
1.5,0.449,41.5,6.2,0.514,5,3,0,Kumar,0.771,Bengaluru Urban,OBC,GREEN
3.6,0.598,46.4,7.3,0.595,7,4,0,Deshmukh,0.93,Bastar,SC,YELLOW
5.5,0.565,86.8,4.9,0.702,8,3,18,Ansari,0.776,Mumbai Suburban,General,GREEN
5.4,0.736,77.3,9.1,0.861,6,3,0,Meena,0.514,Pune,OBC,GREEN
11.7,0.867,82.3,8.2,0.805,5,4,0,Ansari,0.918,Mumbai Suburban,OBC,GREEN
2.7,0.727,66.6,8.4,0.678,9,4,2,Banerjee,0.695,Kalahandi,General,GREEN
1.4,0.446,29.4,3.6,0.357,5,4,0,Yadav,0.882,Kalahandi,OBC,RED
3.8,0.627,69.0,6.5,0.616,6,4,0,Das,0.837,Kalahandi,OBC,YELLOW
2.8,0.448,65.1,5.7,0.553,5,4,12,Verma,0.856,Pune,OBC,GREEN
2.3,0.694,77.5,8.0,0.818,3,4,3,Gupta,0.625,Bengaluru Urban,General,GREEN
2.0,0.609,48.7,4.8,0.502,7,2,0,Deshmukh,0.696,Bastar,OBC,GREEN
4.5,0.736,83.8,8.3,0.799,7,1,0,Patil,0.754,Bastar,SC,GREEN
1.8,0.851,93.0,6.5,0.813,5,2,2,Khan,0.528,Pune,ST,GREEN
6.4,0.502,37.8,8.1,0.606,8,3,0,Iyer,0.865,Bengaluru Urban,OBC,GREEN
6.2,0.856,83.7,7.4,0.699,8,2,0,Yadav,0.77,Mumbai Suburban,SC,GREEN
4.9,0.681,61.5,4.4,0.548,7,4,1,Meena,0.813,Bengaluru Urban,General,GREEN
1.2,0.598,74.5,6.4,0.672,7,4,0,Patil,0.786,Gaya,OBC,GREEN
4.4,0.209,16.5,0.5,0.201,5,4,0,Paswan,0.488,Kalahandi,General,RED
8.0,0.612,42.4,4.7,0.477,9,2,0,Yadav,0.679,Kalahandi,OBC,GREEN
6.8,0.533,56.8,7.8,0.533,5,3,0,Kumar,0.793,Mumbai Suburban,SC,GREEN
6.0,0.666,87.5,8.3,0.821,7,3,0,Yadav,0.872,Mumbai Suburban,OBC,GREEN
3.6,0.341,47.8,4.6,0.395,6,4,0,Iyer,0.617,Pune,OBC,GREEN
3.4,0.655,73.3,6.4,0.617,12,4,15,Ansari,0.834,Mumbai Suburban,General,YELLOW
9.0,0.704,73.7,6.7,0.672,4,4,0,Patil,0.523,Bengaluru Urban,OBC,GREEN
4.5,0.205,30.5,1.1,0.197,4,2,1,Khan,0.676,Bengaluru Urban,SC,GREEN
4.5,0.75,93.9,5.3,0.709,7,4,0,Menon,0.556,Pune,General,GREEN
22.2,0.644,48.9,6.8,0.494,8,2,0,Meena,0.766,Pune,General,GREEN
2.6,0.372,38.7,4.7,0.455,6,3,0,Khan,0.622,Bastar,General,YELLOW
0.2,0.722,68.7,6.4,0.747,4,4,0,Paswan,0.481,Mewat,OBC,GREEN
3.0,0.703,65.5,7.9,0.749,3,4,0,Deshmukh,0.792,Mewat,SC,GREEN
3.1,0.538,72.2,4.2,0.503,5,3,0,Das,0.828,Pune,ST,GREEN
4.4,0.661,57.5,5.8,0.595,6,3,0,Gupta,0.687,Bengaluru Urban,OBC,GREEN
5.3,0.687,76.8,6.9,0.715,9,3,0,Ansari,0.754,Mewat,General,GREEN
0.2,0.764,53.5,10.0,0.796,4,4,0,Gupta,0.537,Bastar,OBC,GREEN
5.4,0.897,87.4,10.0,0.957,5,4,1,Das,0.902,Hyderabad,ST,GREEN
3.3,0.84,89.3,9.7,0.864,4,4,0,Ansari,0.848,Hyderabad,General,GREEN
2.7,0.721,64.0,10.0,0.791,6,3,0,Khan,0.851,Mumbai Suburban,OBC,GREEN
0.5,0.378,64.8,5.0,0.532,4,3,0,Verma,0.675,Hyderabad,SC,GREEN
10.5,0.504,48.2,6.5,0.618,9,4,0,Yadav,0.578,Pune,SC,GREEN
2.3,0.684,65.4,9.6,0.801,5,4,0,Das,0.725,Hyderabad,OBC,GREEN
6.1,0.405,38.5,5.6,0.489,8,4,0,Das,0.945,Hyderabad,General,GREEN
1.5,0.266,37.4,5.6,0.404,7,4,0,Banerjee,0.623,Bengaluru Urban,General,GREEN
4.6,0.283,37.3,2.9,0.386,6,2,0,Deshmukh,0.801,Mumbai Suburban,General,GREEN
2.8,0.73,73.6,6.8,0.736,3,3,1,Banerjee,0.535,Bengaluru Urban,OBC,GREEN
6.0,0.265,37.7,3.8,0.298,5,3,21,Ansari,0.754,Kalahandi,ST,RED
2.7,0.514,63.4,6.3,0.663,14,2,15,Patil,0.547,Hyderabad,OBC,GREEN
1.4,0.379,28.5,2.9,0.353,4,3,0,Das,0.548,Pune,General,YELLOW
3.5,0.597,58.5,5.4,0.552,3,4,0,Munda,0.916,Bastar,OBC,YELLOW
3.3,0.572,55.9,5.6,0.54,10,4,0,Khan,0.732,Bengaluru Urban,General,GREEN
4.3,0.701,54.5,5.4,0.61,5,1,0,Meena,0.902,Mumbai Suburban,General,GREEN
7.4,0.701,72.2,6.1,0.701,5,2,0,Singh,0.634,Mumbai Suburban,OBC,GREEN
7.1,0.333,51.4,5.7,0.482,9,4,25,Yadav,0.678,Bastar,OBC,RED
0.9,0.619,67.4,7.9,0.71,3,3,0,Banerjee,0.578,Hyderabad,General,GREEN
5.8,0.805,59.8,6.4,0.766,5,4,0,Gupta,0.822,Hyderabad,General,GREEN
5.9,0.529,48.3,6.2,0.598,5,3,0,Menon,0.705,Mewat,OBC,YELLOW
2.2,0.54,58.0,6.6,0.603,5,3,11,Das,0.868,Bengaluru Urban,SC,GREEN
1.6,0.794,100.0,10.0,0.978,7,3,0,Kumar,0.856,Mumbai Suburban,SC,GREEN
1.5,0.822,83.8,8.3,0.778,6,3,0,Kumar,0.835,Hyderabad,OBC,GREEN
3.8,0.564,45.2,4.3,0.502,6,4,0,Banerjee,0.764,Hyderabad,General,GREEN
6.2,0.314,31.0,2.4,0.378,6,2,0,Verma,0.654,Pune,SC,GREEN
3.1,0.462,57.6,3.3,0.445,4,3,0,Sharma,0.651,Pune,OBC,GREEN
0.1,0.798,80.8,5.1,0.663,3,4,0,Sharma,0.814,Bastar,General,GREEN
2.0,0.605,55.4,5.3,0.53,7,2,7,Menon,0.4,Gaya,OBC,GREEN
2.0,0.387,47.1,6.0,0.432,8,4,8,Yadav,0.559,Pune,OBC,GREEN
5.3,0.655,81.1,7.6,0.703,7,2,8,Ansari,0.806,Hyderabad,OBC,GREEN
5.5,0.76,77.0,6.2,0.698,7,3,5,Munda,0.531,Gaya,OBC,GREEN
4.0,0.684,88.7,4.8,0.613,6,2,1,Iyer,0.574,Pune,General,GREEN
7.1,0.365,42.5,4.5,0.414,5,4,2,Iyer,0.745,Mumbai Suburban,OBC,GREEN
7.6,0.677,57.4,9.8,0.789,7,3,5,Ansari,0.756,Bengaluru Urban,ST,GREEN
2.2,0.673,65.3,8.7,0.687,12,2,0,Gupta,0.542,Bengaluru Urban,SC,GREEN
1.4,0.636,57.9,6.4,0.694,6,3,0,Verma,0.723,Gaya,General,GREEN
3.3,0.9,79.5,9.8,0.917,5,4,0,Kumar,0.879,Mumbai Suburban,OBC,GREEN
4.0,0.803,86.6,9.9,0.938,8,4,0,Banerjee,0.695,Hyderabad,SC,GREEN
2.1,0.433,39.1,4.6,0.395,3,4,0,Gupta,0.604,Bastar,General,YELLOW
25.0,0.439,40.4,2.4,0.404,9,1,0,Paswan,0.827,Gaya,OBC,GREEN
10.0,0.811,100.0,2.9,0.646,6,4,0,Deshmukh,0.488,Bengaluru Urban,SC,GREEN
1.9,0.87,90.7,9.5,0.954,7,4,0,Sharma,0.501,Mumbai Suburban,General,GREEN
1.1,0.768,87.1,5.9,0.752,4,1,3,Sharma,0.424,Mumbai Suburban,SC,GREEN
1.7,0.738,71.9,4.8,0.673,5,2,0,Sharma,0.764,Pune,SC,GREEN
7.7,0.311,40.2,1.5,0.229,6,3,2,Menon,0.662,Pune,General,YELLOW
7.8,0.41,47.2,2.7,0.339,5,3,0,Singh,0.269,Mumbai Suburban,OBC,RED
10.1,0.761,91.8,8.1,0.86,5,3,19,Deshmukh,0.797,Bengaluru Urban,SC,GREEN
1.4,0.669,60.6,8.8,0.671,3,2,3,Yadav,0.716,Kalahandi,OBC,GREEN
5.3,0.633,82.8,9.0,0.81,5,3,0,Paswan,0.861,Pune,OBC,GREEN
1.5,0.403,59.6,4.1,0.401,6,4,20,Iyer,0.756,Bengaluru Urban,OBC,YELLOW
11.7,0.547,68.8,9.0,0.754,10,4,8,Munda,0.858,Pune,OBC,GREEN
1.5,0.891,95.0,10.0,0.885,5,3,0,Das,0.69,Kalahandi,OBC,GREEN
0.8,0.759,82.1,8.5,0.838,4,4,0,Das,0.897,Mumbai Suburban,OBC,GREEN
1.1,0.7,86.2,6.1,0.755,3,4,1,Verma,0.876,Bengaluru Urban,General,GREEN
3.5,0.397,27.9,4.7,0.347,10,3,0,Das,0.899,Gaya,SC,RED
6.2,0.764,100.0,5.0,0.784,6,4,0,Gupta,0.594,Bengaluru Urban,ST,GREEN
5.8,0.662,75.9,6.5,0.703,10,1,24,Sharma,0.793,Hyderabad,OBC,GREEN
1.1,0.65,53.6,7.4,0.615,3,4,5,Das,0.786,Gaya,ST,YELLOW
2.4,0.52,64.5,4.8,0.498,6,4,0,Iyer,0.309,Pune,OBC,YELLOW
2.1,0.586,71.6,5.2,0.509,4,2,0,Ansari,0.528,Bengaluru Urban,OBC,GREEN
0.9,0.195,9.2,2.6,0.2,4,3,0,Verma,0.719,Kalahandi,ST,RED
2.1,0.11,6.3,0.0,0.0,3,3,5,Patil,0.355,Gaya,ST,RED
9.8,0.901,100.0,10.0,0.972,5,3,5,Das,0.604,Bengaluru Urban,General,GREEN
0.8,0.538,64.5,8.1,0.651,3,4,5,Singh,0.632,Pune,ST,GREEN
4.2,0.655,66.1,8.1,0.743,7,4,0,Munda,0.613,Mumbai Suburban,General,GREEN
10.0,0.517,52.2,5.6,0.518,3,2,9,Ansari,0.562,Mewat,OBC,GREEN
9.6,0.63,63.5,6.4,0.619,9,4,15,Sharma,0.693,Pune,SC,GREEN
12.1,0.823,72.4,9.5,0.869,6,1,0,Singh,0.579,Bengaluru Urban,OBC,GREEN
4.6,0.825,70.8,9.0,0.828,9,3,0,Meena,0.622,Bengaluru Urban,General,GREEN
5.2,0.675,69.0,5.7,0.661,7,3,0,Meena,0.788,Hyderabad,SC,GREEN
2.1,0.397,46.5,5.6,0.497,3,2,0,Das,0.864,Mumbai Suburban,SC,GREEN
0.8,0.442,46.6,4.3,0.369,3,4,0,Patil,0.673,Mumbai Suburban,General,GREEN
3.1,0.4,51.2,3.2,0.449,5,4,0,Banerjee,0.566,Kalahandi,OBC,YELLOW
8.4,0.868,85.3,8.5,0.888,11,3,0,Meena,0.486,Mumbai Suburban,SC,GREEN
2.2,0.2,10.1,1.3,0.093,3,3,0,Singh,0.672,Hyderabad,OBC,RED
5.6,0.66,82.5,7.3,0.726,3,3,0,Meena,0.774,Pune,ST,GREEN
3.5,0.674,76.0,9.2,0.783,3,4,0,Meena,0.706,Mumbai Suburban,General,GREEN
9.2,0.186,43.9,3.4,0.315,9,4,9,Das,0.272,Hyderabad,SC,RED
7.7,0.423,38.9,5.2,0.461,7,3,0,Kumar,0.963,Bastar,ST,YELLOW
0.6,0.621,91.0,5.8,0.775,4,4,18,Iyer,0.829,Mumbai Suburban,General,GREEN
3.8,0.509,45.1,4.8,0.534,8,3,0,Das,0.944,Mumbai Suburban,SC,GREEN
1.6,0.7,72.1,8.5,0.691,14,3,6,Banerjee,0.361,Mumbai Suburban,OBC,YELLOW
1.6,0.484,57.5,6.8,0.611,6,3,0,Patil,0.78,Mumbai Suburban,OBC,GREEN
0.7,0.846,84.9,8.6,0.918,5,3,0,Iyer,0.859,Mumbai Suburban,OBC,GREEN
4.3,0.794,81.7,6.6,0.776,8,4,0,Meena,0.964,Mewat,OBC,GREEN
9.3,0.698,87.3,4.6,0.732,10,4,0,Sharma,0.598,Pune,OBC,GREEN
4.7,0.674,79.1,9.4,0.902,7,2,19,Khan,0.892,Bengaluru Urban,OBC,GREEN
0.7,0.348,33.0,5.8,0.471,3,4,0,Singh,0.947,Bastar,ST,YELLOW
3.3,0.849,100.0,8.9,0.925,5,3,0,Ansari,0.867,Mumbai Suburban,General,GREEN
5.4,0.255,35.7,2.4,0.336,4,4,0,Meena,0.508,Pune,SC,YELLOW
3.1,0.733,73.3,9.5,0.813,3,3,0,Gupta,0.662,Gaya,SC,GREEN
4.6,0.649,69.2,4.8,0.608,8,3,0,Iyer,0.681,Pune,General,GREEN
1.8,0.296,25.9,6.5,0.384,5,3,0,Singh,0.81,Gaya,OBC,RED
2.8,0.909,94.3,10.0,1.0,8,2,0,Das,0.866,Mewat,OBC,GREEN
2.6,0.348,48.6,0.6,0.257,7,3,0,Yadav,0.492,Bengaluru Urban,SC,YELLOW
10.6,0.569,69.5,6.9,0.728,10,1,0,Iyer,0.586,Bengaluru Urban,SC,GREEN
1.1,0.579,67.2,5.3,0.619,5,3,1,Das,0.68,Pune,ST,GREEN
0.2,0.684,63.0,4.8,0.528,4,2,0,Menon,0.852,Bengaluru Urban,General,GREEN
10.1,0.562,64.5,5.8,0.614,3,4,3,Sharma,0.422,Hyderabad,OBC,GREEN
3.9,0.737,76.1,7.0,0.628,3,4,19,Sharma,0.942,Mewat,SC,RED
0.9,0.548,56.4,2.5,0.485,5,4,0,Gupta,0.382,Gaya,OBC,RED
7.2,0.69,83.1,8.1,0.821,5,3,0,Khan,0.909,Gaya,General,GREEN
5.7,0.424,59.2,4.6,0.462,4,3,0,Ansari,0.638,Mumbai Suburban,SC,GREEN
11.9,0.551,69.2,7.5,0.671,7,4,0,Iyer,0.731,Hyderabad,OBC,GREEN
4.2,0.454,45.2,3.1,0.503,7,4,2,Munda,0.433,Bastar,General,YELLOW
18.4,0.597,68.6,5.9,0.599,15,3,0,Sharma,0.781,Mewat,General,YELLOW
3.1,0.796,73.2,5.4,0.636,6,3,0,Singh,0.888,Bastar,OBC,GREEN
5.7,0.734,53.8,8.1,0.768,4,2,0,Banerjee,0.662,Bastar,General,GREEN
6.3,0.342,50.0,4.7,0.535,5,4,35,Singh,0.624,Bengaluru Urban,OBC,YELLOW
2.3,0.74,70.2,9.7,0.804,7,3,1,Das,0.634,Bastar,SC,GREEN
2.2,0.4,52.8,5.1,0.53,6,1,0,Patil,0.714,Kalahandi,General,GREEN
6.5,0.515,80.8,7.0,0.741,8,3,7,Patil,0.797,Mumbai Suburban,ST,GREEN
0.8,0.729,71.0,6.7,0.666,10,4,0,Deshmukh,0.749,Bengaluru Urban,General,GREEN
1.6,0.189,33.8,2.1,0.221,3,1,15,Singh,0.51,Mumbai Suburban,OBC,YELLOW
3.1,0.828,68.0,9.6,0.884,3,3,3,Gupta,0.847,Mumbai Suburban,OBC,GREEN
11.7,0.422,50.6,4.6,0.547,8,3,0,Banerjee,0.584,Bengaluru Urban,SC,GREEN
6.5,0.68,76.2,9.4,0.822,8,4,0,Gupta,0.634,Pune,SC,GREEN
3.8,0.638,53.9,8.9,0.645,3,3,4,Meena,0.559,Kalahandi,OBC,GREEN
2.1,0.785,88.1,8.8,0.948,10,4,13,Iyer,0.629,Kalahandi,General,GREEN
15.2,0.855,71.3,8.7,0.786,5,2,0,Singh,0.869,Kalahandi,ST,GREEN
3.3,0.406,49.1,3.4,0.396,7,4,0,Ansari,0.795,Mewat,General,YELLOW
1.6,0.724,82.2,8.4,0.812,3,3,9,Paswan,0.522,Mewat,OBC,GREEN
17.3,0.777,92.6,9.2,0.952,8,2,6,Meena,0.68,Bengaluru Urban,SC,GREEN
0.8,0.788,68.5,7.6,0.787,3,3,0,Singh,0.923,Bengaluru Urban,SC,GREEN
9.6,0.399,31.2,3.4,0.371,6,1,0,Munda,0.945,Bengaluru Urban,General,GREEN
3.5,0.721,67.3,5.5,0.671,7,2,0,Menon,0.746,Pune,General,GREEN
6.4,0.772,90.1,8.2,0.833,6,3,19,Sharma,0.914,Kalahandi,ST,YELLOW
5.6,0.824,90.1,9.7,0.926,9,4,3,Kumar,0.699,Hyderabad,OBC,GREEN
6.4,0.665,70.7,6.8,0.558,4,3,0,Banerjee,0.823,Kalahandi,OBC,YELLOW
18.4,0.876,86.1,7.5,0.814,9,4,0,Banerjee,0.504,Bengaluru Urban,SC,GREEN
16.4,0.636,44.5,7.2,0.612,5,4,0,Khan,0.673,Mewat,OBC,YELLOW
1.7,0.757,63.1,7.5,0.655,5,1,0,Sharma,0.892,Kalahandi,ST,GREEN
5.4,0.647,78.8,7.2,0.738,5,3,6,Banerjee,0.477,Bastar,General,GREEN
0.4,0.366,35.4,4.0,0.363,4,4,3,Das,0.763,Mumbai Suburban,OBC,YELLOW
6.9,0.8,76.8,6.5,0.827,6,1,0,Kumar,0.542,Mewat,General,GREEN
8.2,0.555,61.1,7.5,0.717,3,3,0,Gupta,0.887,Mumbai Suburban,General,GREEN
0.2,0.52,53.9,4.2,0.47,6,4,5,Das,0.935,Mewat,OBC,YELLOW
3.4,0.652,51.9,5.1,0.553,4,3,0,Menon,0.672,Mewat,OBC,YELLOW
6.4,0.572,65.4,4.7,0.562,9,4,0,Paswan,0.541,Kalahandi,SC,YELLOW
4.8,0.803,79.3,7.6,0.763,4,3,0,Iyer,0.829,Kalahandi,OBC,GREEN
0.9,0.616,89.7,3.8,0.641,4,4,5,Banerjee,0.791,Hyderabad,SC,GREEN
1.0,0.465,50.8,1.9,0.35,6,3,36,Sharma,0.394,Gaya,OBC,RED
3.1,0.702,84.9,8.7,0.75,9,3,0,Meena,0.578,Bengaluru Urban,OBC,GREEN
2.3,0.853,86.4,8.8,0.897,5,4,0,Das,0.691,Bengaluru Urban,General,GREEN
2.5,0.629,82.1,6.5,0.731,6,4,0,Verma,0.955,Mewat,SC,GREEN
0.7,0.799,92.2,8.4,0.813,3,3,0,Yadav,0.59,Mumbai Suburban,OBC,GREEN
3.6,0.611,48.2,7.5,0.659,8,4,2,Meena,0.591,Kalahandi,SC,GREEN
11.7,0.363,63.3,3.7,0.424,6,4,19,Iyer,0.826,Pune,OBC,YELLOW
0.9,0.353,43.0,4.9,0.437,7,3,0,Khan,0.868,Kalahandi,OBC,YELLOW
2.8,0.117,15.0,2.1,0.2,3,2,8,Iyer,0.792,Bengaluru Urban,General,GREEN
5.9,0.933,82.1,8.4,0.863,10,3,0,Munda,0.808,Bengaluru Urban,OBC,GREEN
3.6,0.665,78.5,8.1,0.776,5,4,0,Gupta,0.898,Bastar,OBC,GREEN
8.1,0.338,51.1,3.5,0.374,9,2,0,Patil,0.864,Bengaluru Urban,SC,GREEN
1.2,0.45,61.2,3.4,0.458,6,3,0,Deshmukh,0.739,Pune,SC,GREEN
4.0,0.457,59.4,3.6,0.46,6,3,5,Ansari,0.643,Bengaluru Urban,SC,GREEN
7.6,0.666,77.1,7.9,0.705,3,4,0,Munda,0.661,Mumbai Suburban,OBC,GREEN
17.7,0.665,85.1,9.5,0.813,4,4,10,Patil,0.69,Kalahandi,General,GREEN
3.8,0.499,55.2,6.7,0.496,5,4,9,Iyer,0.849,Mewat,OBC,YELLOW
1.7,0.619,48.8,8.0,0.611,4,3,0,Banerjee,0.603,Pune,SC,GREEN
1.7,0.659,73.5,8.9,0.747,6,4,1,Verma,0.891,Kalahandi,OBC,GREEN
0.6,0.849,93.8,8.7,0.873,4,4,0,Sharma,0.728,Bengaluru Urban,OBC,GREEN
12.4,0.745,60.4,8.2,0.711,10,4,6,Menon,0.533,Gaya,SC,GREEN
7.2,0.244,2.5,3.9,0.217,12,4,0,Paswan,0.818,Mewat,General,RED
1.0,0.759,76.7,6.4,0.746,6,4,2,Banerjee,0.91,Bastar,OBC,GREEN
1.6,0.759,69.4,9.1,0.831,7,2,0,Verma,0.864,Gaya,General,GREEN
3.7,0.798,72.4,10.0,0.808,6,1,0,Patil,0.884,Kalahandi,OBC,GREEN
8.0,0.465,65.3,4.8,0.473,6,4,10,Das,0.66,Pune,OBC,GREEN
5.4,0.872,84.8,10.0,0.855,11,3,0,Menon,0.857,Bengaluru Urban,General,GREEN
5.0,0.713,78.2,8.3,0.751,6,2,0,Singh,0.844,Pune,OBC,GREEN
4.2,0.602,67.1,5.8,0.6,5,2,0,Das,0.903,Bengaluru Urban,SC,GREEN
1.0,0.586,32.0,3.2,0.37,5,4,0,Menon,0.922,Bastar,OBC,RED
3.8,0.722,66.5,7.1,0.634,9,1,0,Menon,0.669,Kalahandi,OBC,GREEN
3.4,0.785,80.5,9.0,0.807,6,4,0,Das,0.872,Kalahandi,OBC,GREEN
0.6,0.616,69.0,7.1,0.681,10,3,4,Verma,0.681,Kalahandi,SC,GREEN
12.2,0.526,58.1,3.3,0.509,13,2,5,Munda,0.854,Pune,OBC,GREEN
1.9,0.755,53.0,6.6,0.62,6,2,0,Meena,0.749,Bastar,OBC,GREEN
2.3,0.661,67.0,7.6,0.676,6,2,0,Menon,0.598,Pune,ST,GREEN
2.7,0.667,69.1,8.1,0.676,4,3,0,Khan,0.952,Bengaluru Urban,SC,GREEN
3.3,0.343,58.1,4.6,0.46,7,4,15,Yadav,0.428,Mumbai Suburban,OBC,YELLOW
2.7,0.661,54.1,7.3,0.602,10,3,3,Singh,0.777,Mewat,General,YELLOW
3.5,0.758,80.8,8.0,0.817,4,4,0,Gupta,0.906,Pune,General,GREEN
4.0,0.862,94.9,9.9,0.844,6,4,6,Yadav,0.865,Gaya,OBC,GREEN
3.8,0.29,36.6,3.5,0.317,11,4,0,Banerjee,0.669,Kalahandi,General,RED
4.9,0.462,49.7,2.8,0.428,7,4,0,Kumar,0.63,Bengaluru Urban,SC,GREEN
5.2,0.763,93.1,10.0,0.907,8,4,0,Paswan,0.724,Pune,General,GREEN
5.3,0.623,63.0,8.9,0.849,6,4,28,Khan,0.927,Mewat,General,YELLOW
6.4,0.739,86.2,8.5,0.834,5,4,0,Sharma,0.813,Bengaluru Urban,OBC,GREEN
1.7,0.554,64.4,4.0,0.482,8,4,0,Das,0.841,Mewat,OBC,YELLOW
1.8,0.668,53.1,8.4,0.675,3,4,5,Banerjee,0.939,Gaya,OBC,GREEN
8.0,0.36,54.1,3.4,0.325,4,4,0,Menon,0.74,Bengaluru Urban,OBC,YELLOW
2.3,0.708,59.3,8.8,0.723,10,3,0,Paswan,0.927,Hyderabad,General,GREEN
3.1,0.503,49.0,5.8,0.483,3,2,0,Deshmukh,0.641,Mewat,General,GREEN
2.9,0.676,70.9,7.5,0.757,6,3,9,Paswan,0.874,Gaya,SC,GREEN
17.3,0.391,49.2,6.0,0.467,7,4,0,Paswan,0.753,Gaya,OBC,YELLOW
1.4,0.555,58.8,4.3,0.518,4,4,0,Singh,0.842,Gaya,ST,YELLOW
1.4,0.585,81.4,6.4,0.648,4,3,0,Patil,0.731,Bengaluru Urban,General,GREEN
3.5,0.942,95.0,10.0,1.0,11,4,0,Deshmukh,0.97,Bastar,General,GREEN
2.9,0.944,100.0,10.0,0.965,6,4,3,Sharma,0.893,Mumbai Suburban,ST,GREEN
1.0,0.36,53.0,5.5,0.572,3,4,0,Banerjee,0.637,Bengaluru Urban,OBC,GREEN
3.2,0.705,69.4,7.2,0.747,3,2,0,Paswan,0.873,Pune,ST,GREEN
3.6,0.6,49.1,6.5,0.604,4,4,0,Verma,0.671,Gaya,General,YELLOW
2.1,0.288,29.2,0.0,0.212,5,4,0,Iyer,0.49,Bengaluru Urban,SC,YELLOW
3.0,0.805,84.3,8.3,0.846,7,3,0,Gupta,0.542,Mumbai Suburban,OBC,GREEN
1.6,0.745,48.4,9.0,0.613,4,3,6,Verma,0.916,Pune,General,GREEN
1.0,0.538,72.7,4.2,0.548,10,3,0,Sharma,0.691,Bengaluru Urban,SC,GREEN
2.3,0.516,55.6,4.2,0.54,7,4,0,Munda,0.766,Bengaluru Urban,OBC,GREEN
1.2,0.806,95.3,7.7,0.841,7,4,0,Yadav,0.367,Mumbai Suburban,OBC,GREEN
0.7,0.58,67.6,8.3,0.625,8,3,17,Kumar,0.717,Bastar,ST,RED
0.3,0.6,57.6,10.0,0.723,4,3,8,Gupta,0.751,Pune,OBC,GREEN
4.3,0.776,73.4,7.4,0.835,6,1,0,Menon,0.602,Mewat,OBC,GREEN
2.2,0.84,87.8,8.5,0.918,3,3,0,Munda,0.786,Bengaluru Urban,General,GREEN
8.1,0.798,77.9,9.7,0.846,9,4,0,Munda,0.983,Bengaluru Urban,OBC,GREEN
2.4,0.347,25.8,4.3,0.393,7,1,1,Das,0.828,Mewat,General,GREEN
4.2,0.559,56.2,5.7,0.545,3,3,0,Sharma,0.577,Bastar,OBC,YELLOW
1.8,0.519,32.4,5.6,0.382,7,4,0,Menon,0.647,Bengaluru Urban,OBC,GREEN
3.4,0.802,83.8,7.6,0.754,7,4,0,Iyer,0.848,Gaya,SC,GREEN
0.3,0.401,51.1,2.8,0.475,4,4,0,Kumar,0.701,Pune,SC,GREEN
2.3,0.582,63.2,6.1,0.594,7,3,3,Paswan,0.762,Gaya,OBC,YELLOW
1.4,0.891,86.2,10.0,0.905,8,2,0,Kumar,0.901,Pune,General,GREEN
7.4,0.275,47.2,2.2,0.307,5,4,0,Kumar,0.865,Bastar,OBC,RED
4.0,0.727,72.8,5.1,0.75,10,2,0,Menon,0.538,Bastar,General,GREEN
6.6,0.661,61.9,5.1,0.678,3,2,0,Gupta,0.778,Bengaluru Urban,ST,GREEN
8.8,0.735,66.1,8.6,0.863,4,3,0,Deshmukh,0.852,Bengaluru Urban,OBC,GREEN
2.1,0.711,62.5,8.3,0.714,5,3,0,Munda,0.561,Hyderabad,OBC,GREEN
3.9,0.272,44.2,5.9,0.449,7,3,25,Ansari,0.847,Bengaluru Urban,SC,YELLOW
1.0,0.819,94.1,10.0,0.844,11,3,4,Iyer,0.863,Mumbai Suburban,OBC,GREEN
4.8,0.752,76.4,8.5,0.863,4,4,0,Banerjee,0.614,Kalahandi,OBC,GREEN
5.4,0.459,45.3,6.1,0.449,8,4,0,Sharma,0.801,Gaya,ST,YELLOW
4.5,0.432,39.8,3.7,0.411,6,3,0,Singh,0.977,Gaya,General,YELLOW
2.1,0.192,29.1,3.5,0.223,7,3,0,Patil,0.791,Bengaluru Urban,OBC,YELLOW
13.1,0.502,47.4,5.4,0.476,4,3,0,Banerjee,0.601,Pune,SC,GREEN
3.5,0.668,61.6,8.0,0.653,6,1,0,Ansari,0.773,Kalahandi,OBC,GREEN
1.0,0.793,93.2,9.9,0.875,7,4,18,Singh,0.57,Mumbai Suburban,OBC,GREEN
5.8,0.582,64.0,5.6,0.567,4,4,4,Yadav,0.633,Mewat,General,YELLOW
7.6,0.613,53.1,4.5,0.504,7,2,0,Ansari,0.72,Bengaluru Urban,General,GREEN
1.1,0.374,35.4,4.3,0.428,3,3,25,Khan,0.503,Gaya,SC,RED
2.7,0.795,80.0,8.2,0.75,6,2,0,Iyer,0.927,Bengaluru Urban,General,GREEN
0.6,0.696,84.6,7.0,0.758,5,4,12,Gupta,0.597,Pune,OBC,GREEN
9.0,0.64,71.9,7.5,0.764,7,4,21,Ansari,0.805,Mewat,General,YELLOW
3.2,0.29,1.8,4.5,0.227,5,1,1,Yadav,0.74,Hyderabad,OBC,GREEN
1.4,0.788,82.1,10.0,0.834,4,4,0,Deshmukh,0.811,Kalahandi,SC,GREEN
7.7,0.809,100.0,8.8,0.885,10,2,0,Iyer,0.836,Pune,OBC,GREEN
3.5,0.945,95.0,10.0,1.0,3,2,6,Deshmukh,0.917,Mewat,OBC,GREEN
6.9,0.595,47.9,4.9,0.531,10,1,15,Paswan,0.853,Pune,ST,GREEN
5.1,0.795,80.4,10.0,0.84,5,4,3,Paswan,0.638,Mumbai Suburban,General,GREEN
1.2,0.646,62.6,4.9,0.612,3,4,2,Paswan,0.676,Kalahandi,OBC,YELLOW
2.0,0.721,63.8,7.2,0.638,5,2,0,Yadav,0.605,Gaya,General,GREEN
1.5,0.69,56.6,6.2,0.659,6,4,0,Yadav,0.724,Mewat,SC,GREEN
1.0,0.453,41.4,6.1,0.513,10,3,0,Verma,0.595,Pune,OBC,GREEN
0.4,0.473,56.6,2.9,0.428,3,4,0,Banerjee,0.777,Mewat,SC,YELLOW
15.0,0.552,67.6,3.4,0.481,6,4,0,Ansari,0.904,Bengaluru Urban,SC,GREEN
4.5,0.921,91.0,8.2,0.839,6,1,1,Ansari,0.662,Hyderabad,General,GREEN
5.0,0.65,87.5,6.7,0.758,4,3,9,Sharma,0.875,Pune,SC,GREEN
8.4,0.508,57.2,5.5,0.605,6,4,11,Kumar,0.832,Bengaluru Urban,OBC,GREEN
2.0,0.527,54.2,4.8,0.484,6,3,0,Munda,0.537,Bengaluru Urban,OBC,GREEN
0.7,0.322,28.5,4.2,0.365,5,2,0,Das,0.566,Mumbai Suburban,OBC,GREEN
6.4,0.794,76.9,9.1,0.72,8,4,26,Ansari,0.697,Mumbai Suburban,OBC,GREEN
0.9,0.552,60.7,8.6,0.644,7,1,26,Verma,0.619,Mumbai Suburban,OBC,GREEN
6.3,0.604,76.8,6.9,0.686,3,4,0,Yadav,0.826,Kalahandi,OBC,GREEN
0.6,0.831,100.0,10.0,0.898,3,3,0,Singh,0.899,Pune,SC,GREEN
0.8,0.813,95.5,10.0,0.876,5,4,22,Sharma,0.782,Pune,SC,GREEN
1.8,0.513,57.1,5.1,0.498,4,4,7,Yadav,0.807,Gaya,General,YELLOW
6.1,0.195,45.2,2.0,0.297,8,1,9,Kumar,0.807,Pune,OBC,GREEN
11.8,0.362,33.7,5.6,0.41,7,3,0,Verma,0.563,Kalahandi,SC,YELLOW
5.0,0.584,61.2,4.5,0.437,4,4,22,Das,0.624,Gaya,OBC,RED
1.9,0.256,40.1,3.8,0.24,5,3,0,Gupta,0.625,Pune,OBC,YELLOW
7.4,0.869,69.8,8.9,0.789,7,3,0,Paswan,0.687,Mewat,OBC,GREEN
0.5,0.574,56.3,5.1,0.572,5,4,0,Gupta,0.76,Mewat,OBC,YELLOW
1.3,0.512,55.5,5.2,0.392,6,4,0,Yadav,0.61,Bengaluru Urban,General,GREEN
3.8,0.846,94.8,10.0,0.906,5,4,0,Banerjee,0.853,Pune,General,GREEN
6.6,0.751,74.1,5.4,0.651,7,3,5,Deshmukh,0.665,Bengaluru Urban,General,GREEN
2.9,0.813,74.6,6.3,0.799,3,2,2,Kumar,0.677,Bastar,General,GREEN
2.6,0.777,83.7,5.4,0.699,5,4,0,Banerjee,0.927,Bengaluru Urban,OBC,GREEN
2.7,0.697,72.2,6.8,0.719,5,3,0,Iyer,0.891,Bengaluru Urban,General,GREEN
8.3,0.84,87.2,8.0,0.844,10,4,0,Gupta,0.911,Hyderabad,General,GREEN
1.6,0.859,99.3,9.3,0.821,3,3,0,Kumar,0.851,Bengaluru Urban,SC,GREEN
1.2,0.891,94.9,8.7,0.942,5,3,0,Khan,0.721,Mewat,OBC,GREEN
2.7,0.377,42.9,4.9,0.443,6,3,0,Verma,0.849,Kalahandi,OBC,YELLOW
9.2,0.413,19.9,2.9,0.326,9,2,0,Deshmukh,0.814,Kalahandi,OBC,YELLOW
1.8,0.531,70.4,9.8,0.935,3,3,11,Verma,0.906,Hyderabad,OBC,GREEN
2.7,0.522,43.8,6.6,0.436,8,4,0,Verma,0.648,Gaya,SC,YELLOW
0.5,0.182,33.1,2.6,0.344,8,2,0,Kumar,0.669,Kalahandi,OBC,YELLOW
2.8,0.716,76.5,8.6,0.766,5,3,0,Deshmukh,0.505,Mumbai Suburban,General,GREEN
4.3,0.765,79.6,6.6,0.755,8,4,4,Munda,0.835,Bengaluru Urban,SC,GREEN
0.9,0.606,75.8,5.7,0.642,4,1,0,Yadav,0.79,Pune,OBC,GREEN
8.3,0.868,98.8,8.4,0.877,4,2,6,Munda,0.583,Mumbai Suburban,General,GREEN
4.2,0.307,36.4,2.2,0.269,6,4,20,Gupta,0.488,Kalahandi,General,RED
2.1,0.469,40.2,4.7,0.463,7,4,2,Patil,0.568,Bengaluru Urban,OBC,GREEN
4.3,0.657,53.1,8.3,0.597,6,3,0,Yadav,0.869,Pune,OBC,GREEN
5.3,0.636,61.2,7.6,0.707,3,3,9,Das,0.594,Kalahandi,General,GREEN
0.3,0.389,50.1,5.6,0.463,5,4,36,Patil,0.942,Mewat,OBC,RED
4.4,0.698,68.3,4.4,0.55,6,1,2,Iyer,0.683,Bengaluru Urban,OBC,GREEN
9.0,0.464,37.1,2.5,0.339,8,3,0,Kumar,0.688,Kalahandi,OBC,RED
1.5,0.834,92.4,8.2,0.922,3,3,9,Das,0.663,Bengaluru Urban,OBC,GREEN
2.1,0.639,81.0,8.8,0.75,4,2,0,Iyer,0.933,Hyderabad,OBC,GREEN
2.5,0.326,43.8,5.3,0.449,6,3,0,Khan,0.309,Kalahandi,OBC,RED
6.6,0.898,100.0,10.0,0.929,8,3,0,Gupta,0.766,Bengaluru Urban,OBC,GREEN
1.1,0.456,46.7,5.3,0.522,3,4,12,Paswan,0.81,Bastar,OBC,YELLOW
5.1,0.718,79.8,6.8,0.766,8,3,2,Ansari,0.473,Kalahandi,ST,GREEN
2.5,0.257,32.7,5.0,0.454,6,4,6,Munda,0.709,Gaya,OBC,YELLOW
12.2,0.833,100.0,10.0,0.936,3,4,0,Paswan,0.883,Mumbai Suburban,SC,GREEN
2.7,0.471,55.2,4.3,0.518,11,4,10,Khan,0.8,Kalahandi,SC,YELLOW
0.1,0.56,53.2,6.4,0.582,6,3,0,Verma,0.771,Hyderabad,ST,GREEN
5.9,0.583,62.3,6.6,0.687,7,3,16,Verma,0.712,Bengaluru Urban,OBC,GREEN
4.9,0.819,81.8,9.1,0.813,7,1,0,Verma,0.844,Pune,OBC,GREEN
4.1,0.709,76.7,7.7,0.786,5,3,0,Ansari,0.591,Bengaluru Urban,OBC,GREEN
8.8,0.388,54.5,3.7,0.425,7,4,36,Sharma,0.71,Hyderabad,SC,YELLOW
0.4,0.4,34.0,5.9,0.44,3,4,15,Yadav,0.925,Kalahandi,ST,RED
1.3,0.564,74.3,5.1,0.61,5,4,0,Singh,0.78,Bengaluru Urban,General,GREEN
3.4,0.313,22.8,3.6,0.313,6,3,3,Munda,0.826,Bengaluru Urban,OBC,YELLOW
3.9,0.536,66.5,5.9,0.591,7,3,0,Iyer,0.653,Gaya,OBC,YELLOW
2.9,0.559,57.6,8.6,0.676,3,4,0,Deshmukh,0.788,Pune,OBC,GREEN
0.5,0.237,50.1,2.6,0.412,5,4,21,Das,0.394,Gaya,OBC,RED
2.1,0.265,9.1,2.5,0.251,6,2,0,Khan,0.934,Mumbai Suburban,General,GREEN
11.6,0.526,64.4,6.8,0.66,5,4,0,Gupta,0.845,Mewat,OBC,GREEN
1.0,0.737,76.4,7.3,0.721,7,3,18,Iyer,0.857,Bengaluru Urban,ST,GREEN
3.3,0.754,77.4,9.0,0.765,6,4,12,Ansari,0.815,Hyderabad,General,GREEN
5.1,0.778,99.3,9.2,0.945,3,3,6,Banerjee,0.874,Bengaluru Urban,ST,GREEN
6.5,0.757,88.3,9.0,0.89,10,3,0,Deshmukh,0.55,Mumbai Suburban,General,GREEN
5.9,0.724,52.6,6.4,0.704,4,2,0,Menon,0.772,Gaya,OBC,GREEN
2.0,0.464,48.5,5.7,0.476,8,4,0,Paswan,0.966,Mewat,SC,YELLOW
1.3,0.53,67.0,5.3,0.565,12,4,0,Gupta,0.43,Kalahandi,OBC,YELLOW
12.3,0.779,88.5,6.9,0.703,9,3,0,Deshmukh,0.645,Hyderabad,General,GREEN
7.0,0.794,84.7,6.0,0.727,5,3,5,Verma,0.252,Pune,OBC,GREEN
3.6,0.851,100.0,8.5,0.95,6,3,0,Verma,0.556,Mumbai Suburban,OBC,GREEN
10.0,0.674,76.1,10.0,0.788,5,3,4,Menon,0.891,Hyderabad,ST,GREEN
0.7,0.593,45.7,5.6,0.569,3,1,12,Das,0.753,Gaya,General,GREEN
0.1,0.558,59.7,6.9,0.605,8,2,7,Menon,0.756,Mewat,OBC,GREEN
3.8,0.632,68.0,6.3,0.664,8,4,0,Gupta,0.78,Kalahandi,OBC,GREEN
4.0,0.655,75.7,6.4,0.627,4,4,15,Gupta,0.673,Mewat,OBC,RED
0.6,0.896,85.6,10.0,0.922,7,4,0,Menon,0.824,Kalahandi,SC,GREEN
6.8,0.546,64.2,3.8,0.373,5,3,0,Das,0.907,Mumbai Suburban,General,GREEN
0.3,0.271,33.9,5.4,0.374,3,3,0,Patil,0.777,Pune,General,GREEN
4.6,0.552,43.3,4.8,0.407,3,2,16,Iyer,0.786,Mumbai Suburban,ST,GREEN
5.5,0.599,46.6,5.5,0.599,3,3,0,Singh,0.631,Bastar,OBC,YELLOW
3.8,0.826,90.7,8.1,0.887,3,4,0,Deshmukh,0.339,Pune,General,GREEN
0.5,0.825,90.0,9.4,0.912,3,2,3,Gupta,0.749,Mumbai Suburban,General,GREEN
8.7,0.329,30.1,4.1,0.423,13,3,0,Yadav,0.798,Pune,General,YELLOW
2.1,0.565,63.9,5.3,0.531,7,4,3,Patil,0.824,Bastar,General,YELLOW
2.1,0.349,44.9,1.6,0.407,3,4,0,Gupta,0.615,Hyderabad,ST,GREEN
1.7,0.674,70.5,7.1,0.743,9,4,0,Yadav,0.591,Pune,OBC,GREEN
6.0,0.826,86.9,7.0,0.787,3,1,0,Kumar,0.701,Hyderabad,OBC,GREEN
2.0,0.71,75.0,10.0,0.877,5,2,0,Singh,0.885,Bengaluru Urban,General,GREEN
0.9,0.451,53.9,5.2,0.448,4,3,0,Das,0.706,Mewat,OBC,YELLOW
7.4,0.73,87.2,5.9,0.689,4,3,0,Khan,0.72,Mumbai Suburban,SC,GREEN
3.2,0.601,52.7,6.3,0.556,7,2,31,Munda,0.719,Mewat,OBC,YELLOW
7.6,0.595,57.1,7.6,0.616,4,3,0,Iyer,0.713,Pune,ST,GREEN
3.4,0.818,100.0,10.0,0.887,3,3,0,Kumar,0.571,Pune,OBC,GREEN
1.5,0.662,70.0,6.2,0.722,3,1,0,Gupta,0.8,Mewat,SC,GREEN
0.3,0.296,40.9,3.3,0.332,7,3,0,Singh,0.758,Pune,SC,YELLOW
3.9,0.443,57.3,5.8,0.55,4,3,0,Gupta,0.917,Bengaluru Urban,SC,GREEN
2.5,0.969,100.0,8.3,0.904,6,1,0,Verma,0.948,Mumbai Suburban,OBC,GREEN
6.2,0.838,90.2,9.4,0.802,3,4,0,Munda,0.818,Hyderabad,SC,GREEN
1.9,0.62,66.2,7.4,0.688,6,2,8,Khan,0.598,Pune,SC,GREEN
4.7,0.527,63.3,6.6,0.511,7,4,0,Paswan,0.6,Mumbai Suburban,OBC,GREEN
3.3,0.707,75.4,7.5,0.734,6,4,6,Yadav,0.914,Bengaluru Urban,General,GREEN
1.4,0.801,90.6,5.7,0.691,7,2,0,Paswan,0.602,Kalahandi,OBC,GREEN
2.0,0.478,68.1,4.1,0.622,5,3,0,Gupta,0.29,Hyderabad,General,GREEN
0.7,0.627,66.6,5.0,0.643,6,2,0,Paswan,0.521,Mewat,SC,GREEN
12.9,0.696,61.8,10.0,0.777,15,3,0,Iyer,0.677,Hyderabad,OBC,GREEN
4.6,0.586,52.7,9.0,0.734,4,4,0,Gupta,0.769,Hyderabad,OBC,GREEN
0.6,0.711,63.0,5.9,0.601,6,4,0,Deshmukh,0.644,Mumbai Suburban,OBC,GREEN
12.4,0.832,90.1,7.5,0.855,8,4,0,Sharma,0.926,Pune,SC,GREEN
1.0,0.607,75.0,3.1,0.566,3,4,0,Verma,0.568,Bengaluru Urban,SC,GREEN
1.8,0.416,43.5,5.8,0.49,7,4,0,Meena,0.598,Mumbai Suburban,SC,GREEN
2.7,0.429,36.5,3.4,0.442,6,2,0,Deshmukh,0.873,Mumbai Suburban,OBC,GREEN
3.4,0.733,79.4,8.2,0.819,10,3,0,Ansari,0.582,Pune,ST,GREEN
6.1,0.504,55.5,5.5,0.551,8,3,21,Gupta,0.822,Pune,OBC,YELLOW
3.4,0.794,77.0,5.5,0.622,3,2,0,Sharma,0.927,Kalahandi,ST,GREEN
2.5,0.678,70.4,7.6,0.666,7,4,0,Paswan,0.941,Bengaluru Urban,OBC,GREEN
3.9,0.787,77.1,10.0,0.847,6,3,0,Sharma,0.844,Mumbai Suburban,SC,GREEN
2.4,0.819,83.1,8.1,0.825,3,2,4,Deshmukh,0.834,Bengaluru Urban,SC,GREEN
2.1,0.743,83.2,5.9,0.665,5,2,0,Patil,0.541,Hyderabad,OBC,GREEN
3.0,0.422,35.0,5.3,0.555,3,4,19,Munda,0.83,Kalahandi,OBC,RED
11.9,0.259,40.6,4.7,0.454,4,4,11,Banerjee,0.642,Hyderabad,OBC,GREEN
2.2,0.498,33.9,5.2,0.482,9,4,0,Verma,0.73,Bengaluru Urban,General,GREEN
8.4,0.715,73.9,6.0,0.688,12,4,0,Patil,0.559,Bengaluru Urban,OBC,GREEN
3.8,0.84,95.9,10.0,0.922,4,4,0,Yadav,0.808,Mumbai Suburban,General,GREEN
3.6,0.93,100.0,7.5,0.846,7,3,0,Sharma,0.673,Pune,OBC,GREEN
4.0,0.592,54.0,9.8,0.708,5,3,2,Paswan,0.543,Gaya,ST,GREEN
5.1,0.48,42.6,3.7,0.438,6,3,0,Yadav,0.462,Kalahandi,OBC,YELLOW
2.3,0.387,44.4,6.5,0.432,3,4,7,Banerjee,0.607,Mewat,OBC,YELLOW
8.0,0.45,39.0,5.3,0.473,6,4,4,Singh,0.55,Bengaluru Urban,SC,GREEN
5.1,0.58,64.6,5.0,0.568,7,3,0,Das,0.913,Pune,SC,GREEN
0.8,0.855,80.4,10.0,0.791,6,3,0,Menon,0.762,Bengaluru Urban,SC,GREEN
11.7,0.898,100.0,10.0,0.923,6,3,0,Deshmukh,0.815,Pune,OBC,GREEN
4.1,0.84,81.8,8.8,0.825,7,3,0,Singh,0.81,Bengaluru Urban,OBC,GREEN
0.7,0.83,74.8,9.4,0.934,9,1,0,Deshmukh,0.893,Kalahandi,OBC,GREEN
2.2,0.587,71.7,7.0,0.696,3,3,10,Verma,0.817,Gaya,ST,GREEN
7.0,0.52,58.3,2.4,0.381,5,3,0,Munda,0.54,Mewat,OBC,RED
2.8,0.693,80.2,4.9,0.686,7,4,6,Menon,0.882,Bengaluru Urban,OBC,GREEN
3.1,0.829,90.6,7.3,0.744,5,3,0,Gupta,0.469,Bengaluru Urban,OBC,GREEN
6.0,0.824,71.6,8.3,0.844,3,3,0,Das,0.645,Kalahandi,SC,GREEN
4.4,0.712,70.9,7.5,0.7,7,3,0,Ansari,0.9,Bastar,General,GREEN
5.4,0.508,62.0,4.4,0.518,3,4,21,Yadav,0.476,Pune,SC,YELLOW
5.9,0.842,80.0,7.2,0.854,6,4,0,Das,0.736,Bastar,OBC,GREEN
1.6,0.913,92.0,7.1,0.783,5,2,0,Kumar,0.881,Mumbai Suburban,OBC,GREEN
1.8,0.745,65.8,6.7,0.621,4,3,0,Verma,0.648,Gaya,SC,GREEN
1.4,0.743,78.9,9.1,0.785,8,3,0,Iyer,0.733,Pune,General,GREEN
1.9,0.589,55.9,5.2,0.608,8,3,0,Deshmukh,0.553,Bastar,ST,YELLOW
3.0,0.791,74.5,9.5,0.753,6,1,0,Verma,0.993,Mumbai Suburban,OBC,GREEN
3.2,0.404,42.2,3.8,0.26,3,4,17,Munda,0.873,Hyderabad,OBC,RED
9.7,0.779,79.4,10.0,0.835,11,3,11,Verma,0.619,Bengaluru Urban,OBC,GREEN
4.2,0.296,56.1,3.5,0.43,6,4,18,Menon,0.81,Bengaluru Urban,OBC,YELLOW
3.0,0.591,65.2,5.9,0.671,6,3,0,Gupta,0.872,Bengaluru Urban,General,GREEN
1.1,0.715,94.6,7.2,0.771,4,4,0,Deshmukh,0.9,Mumbai Suburban,OBC,GREEN
2.5,0.554,79.0,6.9,0.657,6,4,0,Singh,0.608,Bengaluru Urban,General,GREEN
12.3,0.505,67.8,5.9,0.649,8,4,0,Ansari,0.593,Pune,SC,GREEN
12.2,0.848,77.0,9.2,0.753,10,4,2,Yadav,0.845,Bengaluru Urban,SC,GREEN
2.4,0.347,53.8,3.9,0.406,9,3,4,Patil,0.989,Bengaluru Urban,SC,GREEN
0.4,0.526,56.4,3.4,0.486,3,4,0,Patil,0.435,Pune,OBC,GREEN
2.1,0.853,87.5,10.0,0.932,8,4,0,Kumar,0.837,Mumbai Suburban,General,GREEN
9.8,0.617,70.4,7.6,0.668,6,3,7,Deshmukh,0.633,Bengaluru Urban,OBC,GREEN
3.0,0.656,62.1,7.4,0.674,3,2,0,Iyer,0.672,Pune,OBC,GREEN
6.0,0.51,60.0,4.4,0.392,9,4,0,Kumar,0.325,Bengaluru Urban,OBC,RED
3.3,0.346,65.6,4.1,0.438,5,4,28,Verma,0.826,Bastar,General,RED
0.6,0.885,77.1,10.0,0.908,3,4,0,Sharma,0.979,Hyderabad,OBC,GREEN
3.4,0.771,100.0,8.5,0.825,3,4,0,Das,0.408,Mumbai Suburban,OBC,GREEN
6.7,0.726,82.6,6.4,0.734,4,2,0,Meena,0.573,Kalahandi,OBC,GREEN
1.8,0.641,67.3,8.5,0.744,6,4,0,Gupta,0.186,Bengaluru Urban,General,GREEN
6.5,0.919,81.9,10.0,0.896,7,1,0,Ansari,0.692,Gaya,OBC,GREEN
3.6,0.696,69.1,6.6,0.691,4,4,29,Patil,0.853,Bengaluru Urban,OBC,GREEN
6.2,0.362,32.1,5.4,0.36,6,4,0,Yadav,0.596,Hyderabad,General,YELLOW
4.5,0.645,71.4,6.9,0.673,8,4,8,Menon,0.329,Hyderabad,OBC,GREEN
1.2,0.168,20.8,2.4,0.236,4,3,0,Kumar,0.661,Bengaluru Urban,SC,YELLOW
2.5,0.711,78.8,9.9,0.838,7,3,7,Ansari,0.768,Gaya,OBC,GREEN
2.4,0.693,90.0,7.2,0.742,5,3,14,Munda,0.483,Hyderabad,OBC,GREEN
1.8,0.544,65.9,1.4,0.459,5,3,0,Das,0.39,Mumbai Suburban,OBC,YELLOW
4.2,0.597,70.1,5.2,0.642,3,3,12,Verma,0.664,Gaya,SC,GREEN
14.0,0.626,75.2,4.8,0.517,9,4,22,Sharma,0.396,Pune,ST,RED
8.0,0.407,57.1,7.6,0.637,5,4,2,Das,0.891,Pune,SC,GREEN
8.8,0.331,46.5,4.8,0.409,8,4,0,Ansari,0.836,Bengaluru Urban,General,GREEN
1.6,0.741,91.6,9.5,0.89,7,4,22,Banerjee,0.849,Pune,General,GREEN
8.9,0.9,85.9,9.7,0.97,4,4,0,Iyer,0.91,Bastar,OBC,GREEN
11.2,0.694,80.5,6.1,0.634,10,4,0,Khan,0.886,Kalahandi,ST,GREEN
1.6,0.259,34.2,0.0,0.165,4,4,6,Banerjee,0.47,Mewat,SC,RED
4.9,0.209,23.4,4.1,0.27,12,4,0,Yadav,0.684,Mumbai Suburban,OBC,YELLOW
5.0,0.602,41.1,9.0,0.598,7,4,0,Munda,0.578,Kalahandi,General,YELLOW
2.7,0.599,65.9,7.5,0.756,6,4,0,Paswan,0.609,Bengaluru Urban,General,GREEN
3.9,0.647,60.8,6.5,0.592,7,2,10,Gupta,0.901,Gaya,ST,GREEN
5.2,0.792,94.4,8.6,0.838,7,3,16,Menon,0.847,Bastar,General,YELLOW
2.9,0.522,59.3,6.8,0.609,5,4,3,Verma,0.603,Bengaluru Urban,SC,GREEN
7.7,0.726,60.9,7.6,0.638,9,3,0,Patil,0.868,Pune,OBC,GREEN
0.8,0.261,29.1,2.9,0.261,7,3,0,Singh,0.557,Bastar,SC,RED
2.4,0.63,80.1,4.5,0.643,5,4,0,Iyer,0.379,Kalahandi,General,RED
6.1,0.869,85.4,8.2,0.831,5,3,0,Banerjee,0.916,Kalahandi,OBC,GREEN
12.9,0.823,87.2,8.5,0.844,8,3,0,Ansari,0.96,Mumbai Suburban,OBC,GREEN
8.1,0.381,47.7,2.7,0.35,9,4,12,Yadav,0.528,Hyderabad,General,YELLOW
3.8,0.899,85.6,9.9,0.839,4,2,0,Menon,0.6,Gaya,General,GREEN
3.0,0.322,47.6,0.9,0.312,8,4,0,Sharma,0.838,Kalahandi,General,RED
2.5,0.38,53.6,5.9,0.59,9,3,6,Deshmukh,0.845,Pune,ST,GREEN
2.6,0.663,65.5,6.3,0.65,4,3,0,Singh,0.837,Pune,SC,GREEN
0.3,0.229,22.2,2.6,0.248,7,4,0,Patil,0.78,Bastar,General,RED
12.5,0.464,51.3,4.5,0.51,8,4,0,Deshmukh,0.496,Mumbai Suburban,OBC,GREEN
3.2,0.477,64.8,4.1,0.448,6,4,20,Paswan,0.44,Hyderabad,OBC,YELLOW
1.5,0.835,90.8,8.0,0.933,6,1,14,Sharma,0.966,Bastar,OBC,GREEN
4.8,0.636,67.7,7.3,0.691,4,4,0,Meena,0.703,Bengaluru Urban,General,GREEN
1.6,0.66,58.5,8.5,0.78,5,4,3,Patil,0.498,Hyderabad,OBC,GREEN
7.1,0.675,66.3,8.4,0.689,5,3,0,Singh,0.605,Kalahandi,General,GREEN
1.5,0.512,52.6,4.5,0.587,4,4,0,Kumar,0.707,Pune,General,GREEN
6.3,0.62,61.0,7.0,0.682,9,3,7,Iyer,0.768,Bastar,OBC,GREEN
2.5,0.46,61.9,5.2,0.561,5,4,30,Ansari,0.685,Bastar,OBC,RED
4.3,0.308,31.0,2.0,0.284,3,4,0,Das,0.914,Gaya,OBC,RED
6.7,0.826,72.2,9.2,0.81,14,1,0,Patil,0.503,Pune,SC,GREEN
2.0,0.684,88.2,5.4,0.762,6,3,0,Menon,0.471,Bastar,OBC,GREEN
6.6,0.546,63.8,6.4,0.615,6,3,0,Meena,0.773,Bengaluru Urban,SC,GREEN
0.3,0.33,54.0,0.7,0.215,3,3,8,Ansari,0.69,Pune,ST,YELLOW
10.6,0.694,87.9,9.3,0.778,8,4,17,Meena,0.854,Kalahandi,ST,YELLOW
7.5,0.49,44.7,4.5,0.453,3,4,0,Kumar,0.9,Kalahandi,SC,YELLOW
3.1,0.435,62.0,4.1,0.504,8,3,7,Munda,0.5,Pune,OBC,GREEN
8.6,0.427,23.4,2.8,0.311,5,4,0,Singh,0.934,Kalahandi,General,RED
7.9,0.456,68.2,4.5,0.59,3,3,13,Das,0.657,Bengaluru Urban,OBC,YELLOW
3.4,0.78,77.3,7.7,0.677,12,3,0,Sharma,0.754,Kalahandi,OBC,GREEN
3.3,0.932,100.0,10.0,0.985,5,3,0,Iyer,0.521,Bengaluru Urban,General,GREEN
1.3,0.574,61.7,5.6,0.493,7,4,0,Meena,0.638,Bengaluru Urban,ST,GREEN
3.5,0.418,65.0,6.2,0.601,4,4,0,Iyer,0.755,Bengaluru Urban,SC,GREEN
0.6,0.796,91.8,8.9,0.863,5,3,1,Iyer,0.762,Gaya,SC,GREEN
6.3,0.629,31.8,7.5,0.587,3,1,0,Iyer,0.383,Gaya,General,YELLOW
6.4,0.805,91.0,7.8,0.788,7,3,0,Ansari,0.781,Hyderabad,ST,GREEN
0.4,0.692,66.4,8.0,0.783,7,3,0,Banerjee,0.949,Kalahandi,General,GREEN
9.8,0.737,79.6,9.7,0.886,5,3,0,Meena,0.723,Kalahandi,ST,GREEN
1.8,0.453,56.1,6.0,0.567,9,3,5,Gupta,0.785,Mumbai Suburban,SC,GREEN
22.9,0.32,29.6,3.4,0.312,8,4,0,Verma,0.606,Pune,SC,YELLOW
4.1,0.419,40.7,4.0,0.438,3,3,0,Iyer,0.706,Mewat,ST,YELLOW
9.9,0.618,51.7,3.8,0.47,11,4,0,Iyer,0.796,Bastar,OBC,YELLOW
1.2,0.378,57.7,3.9,0.491,6,4,0,Menon,0.778,Mumbai Suburban,OBC,GREEN
2.5,0.352,38.4,2.6,0.414,8,4,1,Sharma,0.723,Mewat,SC,YELLOW
2.0,0.843,93.6,8.1,0.917,8,4,0,Singh,0.579,Pune,SC,GREEN
0.5,0.703,78.4,7.6,0.713,4,3,3,Deshmukh,0.975,Bengaluru Urban,OBC,GREEN
0.8,0.847,79.1,6.6,0.784,3,4,0,Meena,0.812,Mumbai Suburban,OBC,GREEN
3.0,0.732,84.5,6.3,0.671,7,4,0,Menon,0.736,Pune,SC,GREEN
4.7,0.723,95.2,8.3,0.864,6,3,4,Deshmukh,0.674,Hyderabad,OBC,GREEN
1.1,0.497,39.1,3.6,0.439,8,3,0,Yadav,0.732,Bengaluru Urban,OBC,GREEN
2.4,0.579,58.7,6.2,0.502,6,3,0,Khan,0.695,Bastar,OBC,YELLOW
1.6,0.618,82.4,5.4,0.603,5,3,20,Khan,0.93,Pune,General,YELLOW
3.2,0.446,45.1,6.5,0.502,5,3,16,Ansari,0.64,Gaya,General,RED
5.9,0.77,89.3,9.2,0.846,6,4,0,Yadav,0.608,Bengaluru Urban,General,GREEN
3.7,0.717,72.1,9.5,0.736,6,3,6,Iyer,0.763,Mewat,SC,GREEN
1.9,0.693,67.2,9.3,0.784,8,3,0,Patil,0.866,Bengaluru Urban,OBC,GREEN
7.7,0.436,13.5,3.3,0.313,3,2,0,Deshmukh,0.483,Kalahandi,General,YELLOW
4.6,0.581,57.1,3.7,0.498,3,4,0,Singh,0.731,Gaya,ST,YELLOW
3.8,0.623,69.6,7.5,0.652,5,4,26,Kumar,0.755,Kalahandi,OBC,YELLOW
1.1,0.895,100.0,10.0,1.0,3,3,0,Singh,0.699,Mumbai Suburban,OBC,GREEN
7.1,0.913,89.7,9.3,0.996,5,2,0,Meena,0.689,Kalahandi,SC,GREEN
5.0,0.686,68.3,9.9,0.762,7,4,0,Meena,0.624,Mumbai Suburban,OBC,GREEN
5.2,0.432,40.5,7.6,0.502,9,3,14,Sharma,0.691,Pune,OBC,YELLOW
2.7,0.503,67.0,6.4,0.629,7,4,10,Banerjee,0.582,Kalahandi,General,GREEN
2.3,0.612,62.4,7.7,0.651,6,4,0,Patil,0.685,Mewat,General,GREEN
12.6,0.418,42.8,2.5,0.358,5,4,0,Munda,0.843,Pune,General,YELLOW
2.2,0.347,34.3,4.2,0.407,6,4,0,Kumar,0.642,Hyderabad,SC,GREEN
0.9,0.754,92.8,6.1,0.669,5,3,0,Yadav,0.835,Pune,General,GREEN
4.0,0.918,100.0,9.4,1.0,5,3,0,Gupta,0.541,Mumbai Suburban,General,GREEN
3.3,0.885,87.2,8.3,0.866,7,3,0,Verma,0.672,Hyderabad,OBC,GREEN
8.0,0.548,31.8,4.5,0.418,3,2,0,Munda,0.588,Bengaluru Urban,General,GREEN
2.9,0.482,46.1,4.1,0.447,10,3,0,Yadav,0.858,Bastar,OBC,YELLOW
5.7,0.838,94.0,9.1,0.894,6,3,23,Iyer,0.887,Gaya,OBC,GREEN
10.4,0.794,80.1,7.1,0.682,4,2,0,Ansari,0.841,Bengaluru Urban,OBC,GREEN
4.7,0.796,68.8,9.4,0.883,9,4,0,Paswan,0.724,Bengaluru Urban,General,GREEN
1.2,0.803,100.0,8.1,0.873,4,3,0,Yadav,0.629,Pune,General,GREEN
4.8,0.653,59.7,7.8,0.699,5,4,27,Patil,0.929,Hyderabad,General,GREEN
2.4,0.527,45.2,4.2,0.514,7,2,0,Paswan,0.347,Pune,General,GREEN
4.2,0.77,66.8,8.1,0.698,6,1,0,Sharma,0.603,Mumbai Suburban,General,GREEN
3.4,0.545,48.7,4.3,0.511,9,4,0,Meena,0.938,Hyderabad,General,GREEN
0.8,0.844,62.5,6.5,0.693,3,2,0,Munda,0.489,Bengaluru Urban,General,GREEN
2.9,0.687,69.3,7.7,0.759,5,4,0,Paswan,0.816,Kalahandi,General,GREEN
1.1,0.389,53.0,1.6,0.253,6,4,0,Sharma,0.268,Gaya,OBC,RED
2.1,0.858,89.1,7.6,0.831,5,3,0,Yadav,0.837,Mumbai Suburban,OBC,GREEN
7.1,0.718,56.7,5.4,0.578,3,1,0,Khan,0.577,Gaya,SC,GREEN
3.6,0.567,75.8,6.5,0.68,3,3,0,Menon,0.901,Hyderabad,OBC,GREEN
5.5,0.513,59.7,5.2,0.567,4,4,0,Sharma,0.739,Mewat,General,YELLOW
3.9,0.638,60.3,6.7,0.602,7,4,1,Verma,0.538,Bengaluru Urban,General,GREEN
2.6,0.689,80.1,5.5,0.644,6,3,8,Verma,0.715,Gaya,OBC,GREEN
4.2,0.555,79.3,7.0,0.677,5,3,8,Das,0.548,Pune,OBC,GREEN
0.4,0.434,47.4,5.8,0.451,6,3,10,Patil,0.65,Bengaluru Urban,OBC,GREEN
6.3,0.683,74.5,7.7,0.775,8,4,0,Sharma,0.569,Bengaluru Urban,General,GREEN
1.4,0.869,88.0,10.0,0.898,7,4,3,Deshmukh,0.823,Mumbai Suburban,OBC,GREEN
5.2,0.506,43.7,4.4,0.316,4,4,0,Patil,0.875,Hyderabad,SC,YELLOW
2.5,0.463,48.0,5.9,0.492,5,3,1,Deshmukh,0.742,Bastar,General,YELLOW
0.8,0.679,85.2,8.6,0.745,9,4,28,Gupta,0.931,Pune,OBC,GREEN
1.7,0.547,68.2,7.5,0.578,7,3,17,Sharma,0.766,Hyderabad,ST,YELLOW
5.2,0.331,24.9,3.3,0.241,6,4,1,Banerjee,0.649,Mewat,OBC,RED
15.7,0.476,76.6,7.2,0.659,8,4,11,Ansari,0.531,Bastar,SC,GREEN
3.2,0.714,71.5,6.5,0.759,3,4,0,Meena,0.915,Pune,General,GREEN
14.3,0.504,51.0,4.3,0.497,9,2,0,Kumar,0.8,Kalahandi,OBC,GREEN
0.4,0.544,67.5,5.7,0.566,6,4,0,Kumar,0.794,Mumbai Suburban,OBC,GREEN
2.7,0.595,34.6,6.1,0.54,5,4,0,Iyer,0.643,Mewat,General,YELLOW
3.2,0.357,49.0,4.6,0.413,8,3,0,Munda,0.838,Pune,OBC,GREEN
5.4,0.866,91.7,9.6,0.88,5,4,0,Iyer,0.916,Pune,OBC,GREEN
1.8,0.445,46.9,5.4,0.427,6,4,4,Khan,0.636,Pune,OBC,GREEN
4.5,0.694,68.2,9.4,0.684,6,4,0,Sharma,0.919,Gaya,SC,GREEN
2.8,0.695,83.3,7.4,0.737,10,1,7,Banerjee,0.788,Bengaluru Urban,General,GREEN
8.9,0.841,61.3,10.0,0.826,6,4,0,Iyer,0.813,Mewat,OBC,GREEN
4.0,0.916,96.9,8.1,0.894,7,4,0,Deshmukh,0.917,Mumbai Suburban,OBC,GREEN
21.6,0.478,52.1,5.1,0.482,6,4,0,Sharma,0.564,Kalahandi,SC,YELLOW
2.8,0.649,81.5,6.4,0.654,4,2,0,Kumar,0.574,Gaya,OBC,GREEN
8.4,0.353,34.8,2.9,0.361,8,4,8,Verma,0.783,Bengaluru Urban,SC,YELLOW
10.6,0.754,79.8,8.1,0.721,12,4,0,Iyer,0.542,Gaya,General,GREEN
6.2,0.686,63.7,7.0,0.713,4,2,0,Meena,0.628,Pune,General,GREEN
2.7,0.523,52.1,6.1,0.501,6,2,4,Paswan,0.586,Kalahandi,General,GREEN
1.0,0.776,91.3,9.0,0.825,7,4,0,Iyer,0.718,Pune,SC,GREEN
9.0,0.869,79.5,7.3,0.725,6,4,0,Das,0.854,Bastar,General,GREEN
1.9,0.447,69.2,6.8,0.581,5,4,0,Singh,0.916,Pune,SC,GREEN
0.4,0.474,68.7,5.4,0.616,9,4,26,Khan,0.633,Gaya,SC,RED
4.0,0.867,99.5,8.3,0.923,7,3,0,Sharma,0.835,Hyderabad,General,GREEN
10.0,0.668,76.3,8.7,0.816,4,4,20,Singh,0.639,Bengaluru Urban,OBC,GREEN
1.0,0.868,81.3,10.0,0.92,7,3,0,Deshmukh,0.584,Mewat,General,GREEN
6.9,0.704,74.8,5.3,0.605,6,4,0,Deshmukh,0.376,Gaya,General,RED
0.2,0.742,75.3,7.9,0.745,6,3,0,Paswan,0.672,Bengaluru Urban,OBC,GREEN
10.6,0.717,61.4,8.5,0.688,11,2,0,Patil,0.791,Mewat,General,GREEN
4.8,0.681,92.3,5.9,0.798,6,4,0,Sharma,0.825,Mumbai Suburban,General,GREEN
0.9,0.771,82.5,4.0,0.605,4,3,0,Yadav,0.899,Kalahandi,OBC,YELLOW
6.4,0.675,70.7,7.6,0.759,6,2,0,Sharma,0.944,Mewat,OBC,GREEN
2.0,0.877,100.0,10.0,1.0,6,3,6,Munda,0.617,Hyderabad,General,GREEN
1.3,0.816,82.4,6.3,0.848,5,4,0,Singh,0.713,Mewat,SC,GREEN
2.0,0.42,40.7,4.7,0.412,3,4,0,Kumar,0.724,Hyderabad,General,GREEN
5.9,0.619,51.2,5.9,0.609,7,3,0,Gupta,0.9,Kalahandi,OBC,YELLOW
1.2,0.817,100.0,8.9,1.0,5,3,0,Munda,0.869,Bengaluru Urban,OBC,GREEN
0.1,0.722,76.4,5.4,0.644,3,3,20,Singh,0.931,Kalahandi,OBC,RED
2.1,0.669,42.3,5.3,0.464,6,3,0,Yadav,0.855,Bengaluru Urban,ST,GREEN
9.3,0.174,0.0,2.9,0.061,4,3,0,Verma,0.711,Bengaluru Urban,ST,RED
9.2,0.699,63.2,8.1,0.749,11,3,23,Yadav,0.985,Mewat,OBC,YELLOW
2.0,0.65,61.2,9.3,0.637,3,4,0,Munda,0.771,Mewat,General,GREEN
1.9,0.849,82.6,9.9,0.87,4,3,0,Das,0.693,Mewat,SC,GREEN
1.8,0.743,74.5,6.0,0.718,7,1,0,Deshmukh,0.686,Bastar,SC,GREEN
1.7,0.335,22.1,4.4,0.341,3,2,0,Menon,0.911,Mumbai Suburban,OBC,GREEN
1.8,0.692,76.4,10.0,0.84,6,4,5,Munda,0.803,Mumbai Suburban,OBC,GREEN
4.2,0.573,74.1,6.9,0.679,5,3,8,Iyer,0.759,Bastar,OBC,GREEN
9.4,0.643,67.8,7.5,0.754,9,4,0,Munda,0.788,Mumbai Suburban,OBC,GREEN
1.2,0.798,75.1,9.2,0.775,5,1,0,Sharma,0.967,Mumbai Suburban,SC,GREEN
1.5,0.648,51.2,6.2,0.559,10,2,0,Singh,0.733,Bastar,SC,GREEN
4.6,0.623,73.8,3.6,0.535,4,3,0,Munda,0.637,Bastar,General,YELLOW
6.2,0.764,62.7,9.0,0.805,5,4,0,Khan,0.948,Mewat,General,GREEN
0.6,0.599,75.7,7.7,0.754,10,4,2,Deshmukh,0.864,Kalahandi,OBC,GREEN
12.2,0.502,55.0,7.7,0.63,9,4,0,Ansari,0.889,Bengaluru Urban,SC,GREEN
2.5,0.421,39.7,3.9,0.462,6,4,26,Sharma,0.641,Mewat,ST,RED
0.6,0.946,95.0,7.9,0.836,9,2,6,Munda,0.694,Gaya,OBC,GREEN
0.5,0.506,68.6,5.3,0.657,8,4,9,Menon,0.856,Pune,OBC,GREEN
0.5,0.267,35.9,2.9,0.381,3,3,0,Khan,0.542,Bengaluru Urban,General,GREEN
8.3,0.52,59.1,6.5,0.624,6,4,0,Munda,0.797,Bastar,SC,GREEN
3.6,0.748,81.5,6.3,0.82,5,4,0,Munda,0.72,Bengaluru Urban,SC,GREEN
8.4,0.764,86.0,8.1,0.729,8,3,1,Yadav,0.461,Bengaluru Urban,OBC,GREEN
3.0,0.207,42.3,4.7,0.34,5,3,17,Ansari,0.787,Gaya,OBC,RED
8.2,0.527,54.7,7.2,0.561,9,4,0,Gupta,0.918,Kalahandi,General,YELLOW
3.0,0.561,64.3,5.1,0.607,7,1,0,Iyer,0.866,Bengaluru Urban,OBC,GREEN
5.4,0.693,47.3,4.1,0.473,13,4,0,Kumar,0.683,Gaya,OBC,RED
3.2,0.571,68.4,7.4,0.703,11,1,16,Khan,0.445,Bengaluru Urban,OBC,GREEN
2.8,0.404,70.7,3.7,0.562,3,3,0,Khan,0.748,Hyderabad,SC,GREEN
1.3,0.836,65.7,9.9,0.862,7,3,0,Ansari,0.633,Mewat,SC,GREEN
6.0,0.574,82.4,6.4,0.694,5,3,0,Ansari,0.747,Bengaluru Urban,ST,GREEN
1.0,0.795,86.7,9.6,0.825,9,2,0,Yadav,0.623,Pune,General,GREEN
6.0,0.527,30.7,5.2,0.409,8,2,6,Ansari,0.787,Gaya,General,GREEN
3.8,0.766,82.0,8.3,0.868,3,4,0,Menon,0.957,Hyderabad,General,GREEN
6.2,0.765,80.6,7.9,0.826,5,2,0,Singh,0.74,Bengaluru Urban,OBC,GREEN
4.1,0.732,87.3,8.4,0.813,7,4,1,Iyer,0.664,Bengaluru Urban,General,GREEN
8.9,0.17,17.6,0.3,0.104,5,4,0,Khan,0.638,Bengaluru Urban,OBC,RED
5.0,0.503,62.2,8.3,0.55,3,4,0,Menon,0.784,Pune,SC,GREEN
3.8,0.683,82.1,6.7,0.671,7,2,0,Kumar,0.831,Mumbai Suburban,OBC,GREEN
9.2,0.368,45.7,5.0,0.537,7,3,3,Ansari,0.801,Mewat,General,YELLOW
0.5,0.376,54.5,5.0,0.41,3,4,0,Das,0.497,Hyderabad,OBC,GREEN
0.7,0.541,54.7,5.9,0.569,7,4,0,Singh,0.864,Mumbai Suburban,OBC,GREEN
6.6,0.318,43.7,2.2,0.375,7,4,0,Singh,0.661,Mumbai Suburban,OBC,GREEN
3.5,0.412,77.2,3.9,0.462,4,3,35,Singh,0.688,Hyderabad,General,YELLOW
0.5,0.754,69.6,7.4,0.739,3,3,0,Khan,0.761,Mumbai Suburban,SC,GREEN
1.9,0.531,62.3,6.3,0.642,9,4,0,Verma,0.988,Mumbai Suburban,SC,GREEN
8.8,0.284,22.3,4.0,0.303,7,4,0,Das,0.964,Pune,SC,YELLOW
4.0,0.365,62.1,6.6,0.692,5,3,7,Meena,0.762,Hyderabad,SC,GREEN
3.6,0.748,55.0,5.2,0.523,4,2,0,Paswan,0.796,Bengaluru Urban,OBC,GREEN
1.7,0.383,40.7,5.5,0.5,4,4,8,Singh,0.723,Bastar,OBC,YELLOW
6.8,0.4,76.1,6.2,0.585,4,3,19,Gupta,0.92,Mumbai Suburban,General,YELLOW
3.1,0.764,71.5,8.5,0.815,3,1,0,Yadav,0.921,Pune,SC,GREEN
5.8,0.78,82.4,4.7,0.713,5,4,0,Patil,0.902,Mumbai Suburban,General,GREEN
1.5,0.602,72.7,5.5,0.59,4,2,0,Menon,0.573,Pune,General,GREEN
15.7,0.559,54.5,7.3,0.623,11,4,0,Ansari,0.558,Mewat,OBC,GREEN
10.1,0.641,43.8,5.7,0.457,9,4,0,Deshmukh,0.726,Gaya,OBC,YELLOW
3.9,0.875,71.8,7.0,0.794,3,2,0,Sharma,0.784,Gaya,OBC,GREEN
4.7,0.658,87.0,8.7,0.814,8,3,20,Das,0.915,Bastar,OBC,YELLOW
1.9,0.662,85.9,7.6,0.792,4,4,0,Deshmukh,0.903,Pune,General,GREEN
6.2,0.579,42.9,6.6,0.609,8,4,0,Das,0.648,Hyderabad,General,GREEN
12.1,0.879,73.4,7.8,0.816,5,2,6,Meena,0.92,Kalahandi,General,GREEN
5.9,0.703,58.6,5.1,0.607,3,2,0,Sharma,0.974,Gaya,General,GREEN
1.2,0.864,82.6,10.0,0.853,6,4,0,Patil,0.833,Mewat,OBC,GREEN
11.8,0.361,26.8,9.1,0.477,4,3,0,Singh,0.826,Kalahandi,General,YELLOW
14.7,0.82,91.1,7.1,0.873,7,3,17,Iyer,0.862,Kalahandi,General,GREEN
4.9,0.593,66.6,8.8,0.785,7,4,10,Menon,0.759,Mumbai Suburban,SC,GREEN
1.5,0.792,79.9,8.2,0.792,6,4,0,Patil,0.799,Hyderabad,General,GREEN
3.6,0.485,37.2,4.3,0.431,6,3,0,Munda,0.307,Gaya,OBC,RED
5.5,0.977,100.0,9.7,0.937,7,1,0,Paswan,0.771,Pune,ST,GREEN
4.6,0.65,56.1,8.5,0.746,4,3,3,Banerjee,0.468,Mumbai Suburban,SC,GREEN
1.2,0.559,59.7,4.9,0.582,7,3,0,Banerjee,0.705,Gaya,ST,YELLOW
5.5,0.294,52.4,3.3,0.48,4,3,8,Das,0.835,Pune,SC,GREEN
8.7,0.762,100.0,6.7,0.767,9,3,3,Menon,0.365,Mumbai Suburban,General,GREEN
0.9,0.772,95.2,9.9,0.886,5,4,7,Verma,0.903,Hyderabad,OBC,GREEN
1.0,0.596,66.9,8.5,0.717,3,3,1,Munda,0.773,Mumbai Suburban,SC,GREEN
1.8,0.804,58.5,8.8,0.789,8,2,0,Verma,0.694,Gaya,OBC,GREEN
2.9,0.918,100.0,10.0,0.962,4,4,0,Munda,0.923,Hyderabad,General,GREEN
7.0,0.659,67.3,6.4,0.614,6,4,0,Singh,0.534,Bastar,General,YELLOW
8.6,0.44,52.1,5.7,0.554,3,3,0,Munda,0.936,Hyderabad,OBC,GREEN
1.4,0.954,99.4,8.5,0.969,5,2,0,Singh,0.705,Bengaluru Urban,SC,GREEN
4.2,0.732,79.4,8.1,0.733,6,3,0,Sharma,0.691,Bengaluru Urban,SC,GREEN
8.4,0.479,47.9,4.5,0.537,6,2,0,Paswan,0.836,Hyderabad,SC,GREEN
4.2,0.422,46.6,4.0,0.488,5,3,12,Munda,0.72,Kalahandi,General,YELLOW
4.4,0.444,64.7,8.1,0.64,4,4,29,Banerjee,0.513,Bengaluru Urban,General,GREEN
5.0,0.444,29.4,3.0,0.35,7,2,1,Menon,0.725,Bengaluru Urban,SC,GREEN
2.6,0.735,63.3,7.3,0.727,7,3,1,Gupta,0.57,Bengaluru Urban,ST,GREEN
3.9,0.585,45.0,2.0,0.369,5,2,4,Das,0.498,Mewat,General,GREEN
0.2,0.558,68.3,5.8,0.609,7,4,0,Meena,0.706,Gaya,OBC,YELLOW
1.9,0.782,82.6,7.5,0.678,5,4,0,Yadav,0.493,Gaya,OBC,GREEN
5.4,0.602,48.9,4.7,0.564,6,2,0,Das,0.962,Mewat,SC,GREEN
1.3,0.478,44.8,2.5,0.314,6,4,1,Menon,0.654,Pune,General,YELLOW
7.1,0.694,63.6,6.4,0.732,7,2,6,Ansari,0.649,Gaya,OBC,GREEN
0.4,0.71,88.0,8.2,0.787,3,3,11,Verma,0.848,Mumbai Suburban,OBC,GREEN
6.9,0.206,34.2,2.2,0.245,9,3,4,Deshmukh,0.82,Bastar,General,RED
6.9,0.366,62.1,6.5,0.514,4,3,0,Yadav,0.886,Mumbai Suburban,SC,GREEN
16.6,0.598,61.5,7.3,0.633,11,2,14,Verma,0.949,Kalahandi,ST,GREEN
2.5,0.696,95.0,8.6,0.906,8,4,29,Meena,0.787,Kalahandi,SC,GREEN
3.5,0.433,52.1,4.6,0.347,8,4,16,Paswan,0.322,Bastar,General,RED
11.2,0.767,87.7,9.5,0.929,6,4,18,Menon,0.601,Bastar,General,GREEN
10.1,0.835,98.3,6.7,0.846,5,3,0,Paswan,0.414,Pune,OBC,GREEN
8.0,0.746,90.9,6.6,0.711,8,3,0,Paswan,0.683,Bengaluru Urban,General,GREEN
4.7,0.461,66.9,8.8,0.616,9,3,0,Khan,0.957,Hyderabad,OBC,GREEN
11.0,0.8,62.1,7.8,0.817,8,2,0,Ansari,0.905,Gaya,General,GREEN
20.9,0.857,86.9,8.6,0.815,9,2,0,Sharma,0.892,Bengaluru Urban,SC,GREEN
5.8,0.854,95.0,9.1,0.847,6,4,0,Munda,0.763,Kalahandi,OBC,GREEN
3.7,0.698,64.1,6.3,0.713,7,3,0,Kumar,0.676,Pune,General,GREEN
6.4,0.702,56.4,7.8,0.699,7,3,2,Gupta,0.591,Mumbai Suburban,General,GREEN
4.1,0.677,52.9,5.4,0.535,5,4,0,Banerjee,0.709,Gaya,General,YELLOW
2.7,0.732,72.0,8.4,0.775,12,1,0,Khan,0.769,Bengaluru Urban,OBC,GREEN
7.1,0.469,67.1,3.3,0.439,5,3,0,Yadav,0.469,Kalahandi,OBC,YELLOW
2.1,0.527,42.6,6.0,0.573,7,3,0,Kumar,0.496,Bengaluru Urban,OBC,GREEN
5.7,0.418,35.1,5.5,0.493,8,4,1,Iyer,0.694,Bengaluru Urban,General,GREEN
0.5,0.668,69.8,8.6,0.769,4,4,18,Sharma,0.686,Mewat,SC,YELLOW
12.5,0.806,70.7,6.9,0.752,6,2,0,Patil,0.686,Bengaluru Urban,General,GREEN
1.5,0.672,50.5,6.8,0.707,4,2,0,Singh,0.846,Bastar,SC,GREEN
0.7,0.752,57.8,9.4,0.757,6,1,7,Verma,0.685,Mewat,OBC,GREEN
9.9,0.916,81.3,9.3,0.827,8,2,3,Meena,0.662,Bastar,General,GREEN
11.3,0.692,93.8,5.4,0.746,9,3,0,Paswan,0.812,Bengaluru Urban,OBC,GREEN
4.6,0.57,70.5,8.0,0.796,5,2,24,Sharma,0.922,Mumbai Suburban,SC,GREEN
3.2,0.277,44.5,4.4,0.337,3,3,1,Iyer,0.973,Hyderabad,General,YELLOW
2.5,0.666,73.6,5.7,0.639,5,4,30,Yadav,0.507,Bengaluru Urban,General,GREEN
4.4,0.562,52.8,6.3,0.594,4,4,0,Menon,0.962,Hyderabad,General,GREEN
3.4,0.676,77.8,8.5,0.765,3,3,0,Kumar,0.509,Pune,OBC,GREEN
3.0,0.815,87.3,7.7,0.77,9,4,0,Patil,0.801,Pune,OBC,GREEN
1.4,0.805,84.9,6.6,0.827,3,4,0,Meena,0.742,Pune,ST,GREEN
0.9,0.683,90.1,5.7,0.834,4,4,0,Iyer,0.928,Pune,General,GREEN
3.8,0.302,27.1,1.9,0.264,3,3,0,Paswan,0.491,Hyderabad,SC,YELLOW
4.3,0.673,57.9,8.6,0.659,5,3,0,Verma,0.628,Gaya,ST,GREEN
1.7,0.141,22.6,0.3,0.055,10,4,0,Iyer,0.648,Bastar,General,RED
1.9,0.569,69.1,4.6,0.586,4,4,0,Ansari,0.667,Mumbai Suburban,OBC,GREEN
4.3,0.59,48.6,5.9,0.611,4,3,0,Ansari,0.53,Bastar,OBC,YELLOW
1.3,0.697,83.5,9.3,0.844,4,3,15,Patil,0.958,Bengaluru Urban,OBC,GREEN
8.2,0.693,64.4,10.0,0.779,7,4,31,Yadav,0.854,Pune,General,GREEN
5.5,0.47,55.0,5.3,0.487,11,4,0,Patil,0.633,Bengaluru Urban,OBC,GREEN
1.6,0.269,17.2,1.7,0.149,5,1,0,Menon,0.75,Kalahandi,OBC,YELLOW
5.3,0.516,62.2,5.3,0.598,3,4,12,Gupta,0.666,Bengaluru Urban,OBC,GREEN
1.4,0.81,64.6,10.0,0.864,4,2,1,Kumar,0.863,Mewat,OBC,GREEN
6.9,0.437,60.6,3.0,0.37,6,3,2,Munda,0.653,Pune,General,GREEN
1.4,0.652,67.8,6.8,0.749,8,2,0,Deshmukh,0.65,Bengaluru Urban,ST,GREEN
3.1,0.255,35.4,4.5,0.382,4,2,0,Banerjee,0.563,Hyderabad,ST,GREEN
4.0,0.825,81.4,8.5,0.9,13,3,0,Iyer,0.764,Bastar,SC,GREEN
11.2,0.713,83.2,6.0,0.648,6,3,0,Singh,0.889,Bastar,ST,GREEN
1.5,0.65,46.3,7.8,0.563,4,4,0,Ansari,0.522,Kalahandi,OBC,YELLOW
1.5,0.637,63.7,6.5,0.634,3,2,0,Verma,0.7,Hyderabad,OBC,GREEN
0.6,0.463,63.2,5.8,0.583,11,3,0,Meena,0.902,Mumbai Suburban,SC,GREEN
13.7,0.942,79.4,10.0,1.0,4,3,0,Munda,0.705,Pune,OBC,GREEN
3.6,0.808,82.1,9.4,0.892,7,4,0,Banerjee,0.706,Gaya,ST,GREEN
8.4,0.629,68.7,6.7,0.65,13,2,0,Kumar,0.838,Pune,General,GREEN
2.0,0.536,54.7,6.9,0.54,6,3,1,Gupta,0.561,Bengaluru Urban,SC,GREEN
2.2,0.686,73.6,8.9,0.832,9,1,2,Patil,0.749,Kalahandi,OBC,GREEN
3.4,0.711,81.2,6.4,0.673,5,4,0,Yadav,0.647,Mewat,SC,GREEN
3.4,0.83,76.8,8.4,0.894,6,4,2,Sharma,0.882,Kalahandi,OBC,GREEN
6.2,0.617,62.8,7.9,0.664,4,3,0,Munda,0.568,Bengaluru Urban,OBC,GREEN
3.7,0.436,35.0,5.1,0.512,7,1,19,Iyer,0.824,Mewat,OBC,YELLOW
2.4,0.605,71.7,5.0,0.641,8,2,11,Yadav,0.678,Pune,SC,GREEN
13.9,0.542,61.2,6.4,0.591,3,4,0,Ansari,0.659,Mumbai Suburban,OBC,GREEN
1.3,0.096,14.7,0.7,0.078,4,3,0,Singh,0.844,Bengaluru Urban,OBC,RED
1.5,0.72,68.0,10.0,0.783,6,2,0,Gupta,0.893,Bastar,SC,GREEN
1.4,0.165,12.9,3.6,0.239,3,3,0,Meena,0.754,Mumbai Suburban,OBC,YELLOW
6.4,0.779,63.6,10.0,0.809,3,4,0,Yadav,0.813,Kalahandi,General,GREEN
5.2,0.842,88.7,8.5,0.83,4,2,0,Gupta,0.751,Pune,OBC,GREEN
3.0,0.087,11.8,1.8,0.12,4,4,0,Meena,0.67,Mumbai Suburban,OBC,RED
1.3,0.347,37.4,4.3,0.388,7,4,16,Iyer,0.657,Bengaluru Urban,ST,RED
4.0,0.621,62.9,5.8,0.504,4,2,12,Munda,0.707,Hyderabad,OBC,GREEN
7.2,0.534,62.6,3.0,0.51,8,4,3,Munda,0.468,Bastar,OBC,YELLOW
11.5,0.318,45.4,6.9,0.438,6,4,3,Das,0.858,Bengaluru Urban,OBC,GREEN
1.9,0.498,56.4,6.1,0.5,5,3,0,Iyer,0.535,Kalahandi,General,YELLOW
3.0,0.854,90.0,7.1,0.737,6,4,0,Munda,0.802,Bengaluru Urban,SC,GREEN
5.1,0.758,77.0,9.8,0.746,8,2,19,Yadav,0.832,Hyderabad,SC,GREEN
2.4,0.7,88.2,10.0,0.793,8,4,0,Menon,0.581,Mumbai Suburban,General,GREEN
0.7,0.681,64.8,5.0,0.574,4,4,0,Banerjee,0.772,Mewat,OBC,YELLOW
3.0,0.575,65.2,7.2,0.747,6,3,0,Khan,0.771,Pune,SC,GREEN
0.9,0.498,41.3,2.3,0.354,5,4,0,Das,0.474,Mewat,OBC,RED
7.6,0.831,88.7,10.0,0.915,6,4,13,Yadav,0.745,Mewat,General,GREEN
2.6,0.811,59.5,5.4,0.669,4,3,5,Verma,0.667,Pune,General,GREEN
3.3,0.568,53.5,5.1,0.544,5,2,25,Kumar,0.383,Bastar,General,RED
1.6,0.72,61.8,8.4,0.722,4,3,0,Das,0.68,Hyderabad,General,GREEN
3.4,0.788,86.0,6.3,0.7,6,3,0,Sharma,0.727,Mumbai Suburban,General,GREEN
9.5,0.53,52.1,6.5,0.64,8,4,6,Kumar,0.796,Hyderabad,OBC,GREEN
8.3,0.729,74.9,7.1,0.82,9,3,0,Deshmukh,0.842,Pune,SC,GREEN
1.0,0.75,100.0,8.5,0.783,6,4,0,Gupta,0.459,Pune,SC,GREEN
3.0,0.837,78.5,6.7,0.713,6,3,0,Singh,0.874,Mumbai Suburban,General,GREEN
2.6,0.659,75.1,8.7,0.746,5,2,16,Verma,0.641,Bengaluru Urban,OBC,GREEN
2.5,0.797,81.9,8.3,0.767,6,4,0,Khan,0.919,Mewat,SC,GREEN
2.0,0.614,64.9,9.4,0.76,6,4,7,Ansari,0.794,Mumbai Suburban,General,GREEN
1.0,0.345,50.6,5.9,0.444,5,3,0,Verma,0.732,Bengaluru Urban,General,GREEN
17.4,0.65,86.5,6.6,0.833,8,4,4,Iyer,0.79,Bengaluru Urban,OBC,GREEN
13.7,0.662,83.2,7.1,0.794,5,4,5,Ansari,0.528,Pune,OBC,GREEN
2.4,0.556,46.0,7.4,0.596,6,3,0,Ansari,0.874,Bastar,OBC,YELLOW
3.9,0.282,26.1,4.1,0.369,9,3,0,Deshmukh,0.873,Mumbai Suburban,General,GREEN
7.8,0.86,70.8,8.9,0.875,3,4,0,Khan,0.718,Bengaluru Urban,General,GREEN
3.9,0.528,56.0,4.5,0.484,7,4,0,Meena,0.921,Hyderabad,General,GREEN
2.2,0.709,69.8,8.1,0.698,3,4,0,Das,0.719,Mewat,General,GREEN
0.7,0.784,86.2,6.7,0.776,4,4,0,Munda,0.823,Gaya,General,GREEN
3.5,0.503,67.9,6.0,0.637,10,2,0,Das,0.841,Pune,OBC,GREEN
0.9,0.546,47.0,6.1,0.549,3,3,0,Iyer,0.217,Mumbai Suburban,OBC,YELLOW
9.0,0.753,76.7,6.3,0.638,9,2,0,Patil,0.583,Bengaluru Urban,ST,GREEN
3.4,0.793,77.0,7.3,0.724,13,2,0,Sharma,0.665,Pune,OBC,GREEN
5.5,0.547,58.2,5.0,0.539,10,4,0,Patil,0.99,Pune,ST,GREEN
2.5,0.149,43.5,4.4,0.338,5,3,15,Patil,0.69,Bengaluru Urban,SC,RED
6.9,0.365,40.4,4.5,0.505,15,2,15,Ansari,0.656,Mewat,ST,YELLOW
1.8,0.343,44.8,3.4,0.308,5,3,0,Deshmukh,0.619,Mumbai Suburban,General,YELLOW
4.5,0.521,69.8,7.5,0.682,4,4,13,Ansari,0.771,Pune,SC,GREEN
2.4,0.781,85.3,7.6,0.872,9,3,0,Yadav,0.841,Bengaluru Urban,OBC,GREEN
2.8,0.629,60.2,6.5,0.741,4,3,0,Khan,0.709,Pune,General,GREEN
7.7,0.59,90.7,5.5,0.662,10,3,12,Khan,0.775,Bengaluru Urban,OBC,GREEN
1.6,0.497,44.3,6.2,0.545,5,2,0,Ansari,0.969,Kalahandi,General,GREEN
4.8,0.7,80.3,5.9,0.726,12,4,0,Munda,0.635,Pune,ST,GREEN
9.8,0.32,39.5,5.8,0.441,8,4,6,Meena,0.699,Bengaluru Urban,OBC,GREEN
7.5,0.719,50.8,8.0,0.671,7,3,1,Singh,0.647,Bastar,General,GREEN
1.9,0.598,54.3,6.2,0.609,9,3,6,Deshmukh,0.751,Pune,General,GREEN
5.4,0.154,21.6,2.0,0.063,4,3,0,Paswan,0.902,Pune,ST,RED
0.4,0.641,55.6,9.0,0.733,6,2,0,Paswan,0.874,Mumbai Suburban,OBC,GREEN
7.9,0.263,35.3,0.0,0.212,5,3,0,Iyer,0.495,Pune,OBC,YELLOW
20.9,0.765,72.4,6.2,0.692,9,3,0,Singh,0.675,Mumbai Suburban,General,GREEN
4.6,0.749,70.1,8.9,0.882,7,2,0,Menon,0.864,Gaya,OBC,GREEN
10.2,0.607,38.6,4.7,0.454,8,1,0,Sharma,0.977,Bastar,ST,GREEN
0.7,0.521,65.4,4.6,0.525,4,3,0,Khan,0.924,Mumbai Suburban,OBC,GREEN
1.2,0.677,72.2,6.6,0.786,8,3,0,Yadav,0.806,Gaya,General,GREEN
2.5,0.796,84.5,8.1,0.775,5,2,0,Sharma,0.466,Mumbai Suburban,ST,GREEN
3.0,0.64,68.1,6.6,0.633,7,4,0,Banerjee,0.477,Bengaluru Urban,SC,GREEN
4.6,0.464,39.4,4.4,0.425,8,2,0,Menon,0.97,Pune,General,GREEN
1.9,0.246,40.4,3.6,0.379,4,3,0,Munda,0.666,Gaya,OBC,RED
4.0,0.754,92.1,8.1,0.839,7,2,0,Kumar,0.586,Hyderabad,SC,GREEN
7.7,0.64,68.2,5.4,0.556,8,4,1,Gupta,0.606,Pune,General,GREEN
5.4,0.784,77.7,6.9,0.724,3,4,0,Menon,0.653,Hyderabad,OBC,GREEN
2.5,0.347,12.4,0.4,0.14,5,2,0,Ansari,0.516,Mewat,OBC,RED
6.5,0.531,63.3,8.8,0.677,3,3,11,Deshmukh,0.795,Gaya,OBC,GREEN
2.3,0.679,66.2,6.3,0.678,8,4,0,Paswan,0.957,Hyderabad,OBC,GREEN
3.8,0.481,43.3,4.8,0.486,6,1,0,Banerjee,0.575,Hyderabad,General,GREEN
7.4,0.521,66.8,6.5,0.524,9,4,0,Paswan,0.898,Bengaluru Urban,OBC,GREEN
2.9,0.394,34.7,3.0,0.4,5,3,0,Banerjee,0.683,Bengaluru Urban,General,GREEN
0.9,0.981,95.0,8.5,0.94,7,2,0,Das,0.913,Kalahandi,General,GREEN
3.7,0.392,29.1,3.0,0.397,10,4,0,Khan,0.838,Mewat,General,YELLOW
7.4,0.47,26.6,0.9,0.298,9,4,0,Sharma,0.697,Bastar,SC,RED
7.9,0.744,67.8,7.8,0.789,7,3,2,Sharma,0.686,Mewat,ST,GREEN
1.1,0.451,48.6,8.5,0.619,3,4,1,Menon,0.951,Bastar,General,GREEN
6.3,0.209,22.3,1.8,0.271,7,3,0,Kumar,0.886,Kalahandi,OBC,RED
2.8,0.722,74.1,6.5,0.73,5,1,0,Ansari,0.65,Bengaluru Urban,SC,GREEN
10.7,0.778,75.0,7.7,0.761,6,4,1,Khan,0.889,Mewat,General,GREEN
0.9,0.34,34.0,4.4,0.487,3,3,0,Iyer,0.828,Pune,ST,GREEN
6.2,0.758,63.4,9.4,0.822,6,4,0,Deshmukh,0.81,Mewat,OBC,GREEN
2.5,0.595,60.8,5.2,0.603,3,4,0,Ansari,0.784,Bastar,ST,YELLOW
1.9,0.745,90.1,7.1,0.722,5,3,0,Meena,0.478,Pune,SC,GREEN
7.6,0.86,91.1,9.0,0.826,7,4,0,Singh,0.653,Bengaluru Urban,OBC,GREEN
8.6,0.8,85.4,8.2,0.839,7,3,7,Das,0.371,Pune,OBC,GREEN
0.2,0.394,53.9,5.9,0.515,6,4,7,Yadav,0.981,Bengaluru Urban,SC,GREEN
7.7,0.881,95.0,7.3,0.823,8,2,1,Sharma,0.757,Gaya,OBC,GREEN
3.3,0.764,79.4,7.4,0.773,7,3,0,Sharma,0.613,Bengaluru Urban,OBC,GREEN
3.6,0.556,48.2,5.3,0.602,7,4,1,Patil,0.355,Mumbai Suburban,General,YELLOW
0.8,0.744,84.6,8.0,0.831,3,2,18,Kumar,0.746,Pune,OBC,GREEN
5.9,0.67,72.9,6.9,0.639,13,3,0,Das,0.46,Bastar,OBC,YELLOW
17.7,0.846,93.3,8.6,0.874,8,3,0,Khan,0.756,Bastar,OBC,GREEN
2.1,0.485,60.4,6.9,0.553,10,4,0,Kumar,0.583,Bengaluru Urban,General,GREEN
9.2,0.741,88.8,5.8,0.717,5,3,28,Ansari,0.947,Bengaluru Urban,General,GREEN
3.5,0.8,66.6,8.5,0.751,6,2,0,Banerjee,0.85,Mewat,General,GREEN
2.1,0.736,71.8,6.7,0.684,5,4,21,Banerjee,0.622,Kalahandi,OBC,YELLOW
0.6,0.413,42.9,6.3,0.428,5,3,0,Kumar,0.886,Mumbai Suburban,OBC,GREEN
10.2,0.354,46.6,3.8,0.394,11,3,0,Banerjee,0.58,Hyderabad,General,GREEN
3.9,0.532,46.7,5.3,0.482,7,4,0,Khan,0.54,Bastar,OBC,YELLOW
2.3,0.496,49.7,4.2,0.325,5,4,0,Verma,0.574,Bengaluru Urban,SC,YELLOW
2.6,0.1,14.2,3.3,0.293,7,3,21,Sharma,0.63,Bengaluru Urban,General,RED
6.3,0.355,56.1,4.9,0.523,4,4,0,Gupta,0.98,Pune,ST,GREEN
2.2,0.649,70.7,6.9,0.663,5,2,11,Khan,0.612,Mumbai Suburban,General,GREEN
1.3,0.413,53.0,4.1,0.452,7,4,6,Singh,0.34,Pune,SC,YELLOW
3.1,0.807,100.0,8.9,0.84,5,3,0,Das,0.869,Bengaluru Urban,OBC,GREEN
3.1,0.926,83.1,9.4,0.984,4,2,0,Das,0.727,Bengaluru Urban,General,GREEN
3.0,0.753,82.9,9.2,0.929,7,4,5,Meena,0.871,Mewat,SC,GREEN
2.3,0.73,77.1,10.0,0.842,7,4,0,Ansari,0.686,Bengaluru Urban,OBC,GREEN
9.5,0.454,59.5,5.5,0.584,5,3,0,Singh,0.667,Kalahandi,General,YELLOW
22.4,0.956,87.7,10.0,0.953,7,2,0,Khan,0.709,Pune,General,GREEN
1.1,0.464,53.5,6.5,0.483,6,3,0,Iyer,0.869,Pune,OBC,GREEN
0.2,0.598,79.2,5.9,0.639,8,4,10,Iyer,0.677,Pune,General,GREEN
2.8,0.468,45.0,4.9,0.476,6,3,0,Meena,0.559,Bengaluru Urban,OBC,GREEN
0.2,0.826,80.5,7.7,0.778,5,1,1,Menon,0.621,Bengaluru Urban,OBC,GREEN
0.5,0.557,59.2,6.5,0.589,6,3,0,Iyer,0.706,Bengaluru Urban,General,GREEN
2.1,0.453,56.3,5.4,0.514,5,3,0,Munda,0.724,Gaya,OBC,YELLOW
6.2,0.924,100.0,10.0,0.971,4,2,0,Verma,0.742,Mumbai Suburban,SC,GREEN
2.8,0.665,82.2,9.4,0.812,3,4,0,Gupta,0.946,Bastar,SC,GREEN
0.1,0.347,54.1,0.2,0.25,4,4,2,Meena,0.451,Pune,OBC,YELLOW
2.7,0.815,34.7,8.7,0.641,10,2,0,Kumar,0.659,Gaya,ST,GREEN
2.9,0.488,50.1,6.4,0.479,6,4,0,Verma,0.588,Kalahandi,General,YELLOW
3.0,0.817,95.3,8.1,0.909,5,3,21,Menon,0.282,Pune,OBC,GREEN
8.4,0.663,79.4,6.4,0.594,8,4,0,Gupta,0.834,Bengaluru Urban,OBC,GREEN
7.3,0.727,58.3,8.3,0.771,8,3,0,Singh,0.489,Bastar,OBC,GREEN
3.7,0.759,88.2,7.1,0.853,6,4,3,Patil,0.302,Pune,General,GREEN
15.3,0.237,10.8,2.1,0.17,7,4,11,Iyer,0.611,Kalahandi,SC,RED
2.1,0.554,60.7,7.0,0.49,4,1,1,Das,0.764,Mewat,General,GREEN
3.1,0.564,34.9,6.3,0.496,5,1,1,Munda,0.501,Mewat,OBC,GREEN
3.4,0.559,68.2,5.1,0.58,7,3,0,Paswan,0.545,Kalahandi,OBC,YELLOW
0.6,0.635,88.2,5.0,0.622,3,3,11,Kumar,0.375,Bengaluru Urban,General,GREEN
3.5,0.496,54.3,5.1,0.491,3,3,17,Iyer,0.671,Gaya,General,RED
0.5,0.272,39.6,5.8,0.493,5,3,7,Yadav,0.506,Bastar,SC,YELLOW
1.8,0.63,68.0,7.7,0.727,3,4,0,Meena,0.704,Mumbai Suburban,SC,GREEN
3.9,0.433,28.5,4.3,0.336,3,2,4,Verma,0.353,Mumbai Suburban,OBC,YELLOW
0.8,0.83,83.6,8.6,0.762,4,2,0,Munda,0.932,Mewat,OBC,GREEN
4.7,0.841,95.0,7.9,0.844,7,3,0,Menon,0.83,Mewat,SC,GREEN
1.5,0.53,44.7,4.1,0.452,7,2,5,Kumar,0.98,Gaya,SC,GREEN
2.4,0.568,76.2,8.6,0.755,5,3,10,Munda,0.548,Bengaluru Urban,OBC,GREEN
5.4,0.729,69.1,8.5,0.73,5,3,4,Banerjee,0.758,Hyderabad,General,GREEN
3.2,0.775,91.7,7.9,0.853,10,4,0,Munda,0.916,Mumbai Suburban,OBC,GREEN
4.6,0.554,63.5,6.4,0.706,5,2,28,Banerjee,0.711,Mumbai Suburban,General,GREEN
5.1,0.738,78.7,9.4,0.862,7,4,0,Munda,0.541,Bengaluru Urban,SC,GREEN
3.2,0.209,30.6,3.4,0.283,8,3,0,Menon,0.722,Bengaluru Urban,OBC,YELLOW
4.8,0.532,73.4,5.7,0.603,6,4,0,Khan,0.871,Pune,General,GREEN
1.7,0.636,73.9,6.8,0.667,7,3,0,Banerjee,0.718,Bengaluru Urban,SC,GREEN
5.3,0.237,17.9,2.0,0.264,7,4,4,Meena,0.986,Bengaluru Urban,OBC,YELLOW
2.8,0.573,55.2,6.3,0.554,3,4,0,Iyer,0.817,Bengaluru Urban,OBC,GREEN
9.6,0.507,63.0,4.4,0.528,8,3,16,Ansari,0.369,Mumbai Suburban,General,RED
4.0,0.678,80.8,8.0,0.765,3,4,9,Banerjee,0.917,Mewat,OBC,GREEN
2.0,0.161,9.5,0.0,0.06,3,3,2,Menon,0.48,Bengaluru Urban,General,RED
5.4,0.369,53.4,3.0,0.332,8,4,32,Deshmukh,0.656,Mumbai Suburban,OBC,RED
10.0,0.718,75.7,8.6,0.794,12,2,0,Khan,0.668,Kalahandi,OBC,GREEN
2.2,0.623,62.3,7.6,0.666,6,3,0,Verma,0.542,Bengaluru Urban,OBC,GREEN
1.8,0.787,95.0,8.0,0.871,5,4,0,Gupta,0.651,Kalahandi,General,GREEN
4.0,0.709,63.5,6.6,0.641,3,2,0,Singh,0.817,Bengaluru Urban,ST,GREEN
2.5,0.882,95.2,7.2,0.912,8,4,0,Khan,0.724,Mumbai Suburban,OBC,GREEN
5.4,0.479,27.1,6.9,0.436,6,4,4,Banerjee,0.735,Kalahandi,General,YELLOW
5.5,0.638,65.7,8.8,0.811,13,4,0,Singh,0.631,Bengaluru Urban,OBC,GREEN
0.7,0.917,95.2,9.5,0.852,9,4,0,Gupta,0.816,Pune,SC,GREEN
7.3,0.445,40.2,5.4,0.484,4,3,0,Kumar,0.943,Gaya,OBC,YELLOW
1.6,0.666,64.2,5.7,0.65,3,4,2,Khan,0.724,Mumbai Suburban,General,GREEN
2.2,0.728,67.7,7.4,0.675,7,2,0,Sharma,0.672,Bengaluru Urban,SC,GREEN
4.7,0.727,84.1,6.7,0.767,3,3,0,Khan,0.65,Bengaluru Urban,General,GREEN
1.0,0.845,65.3,7.9,0.827,10,3,0,Verma,0.507,Kalahandi,SC,GREEN
1.9,0.662,47.6,5.2,0.442,4,3,0,Yadav,0.304,Gaya,General,RED
0.9,0.675,62.6,6.6,0.679,3,3,0,Banerjee,0.652,Bastar,OBC,GREEN
7.8,0.564,58.2,6.2,0.464,9,1,7,Banerjee,0.907,Kalahandi,SC,GREEN
2.4,0.619,62.1,8.6,0.652,6,2,16,Kumar,0.775,Hyderabad,OBC,GREEN
0.8,0.793,80.0,5.3,0.789,3,4,0,Meena,0.877,Kalahandi,SC,GREEN
0.9,0.894,95.6,8.1,0.858,3,1,0,Paswan,0.787,Hyderabad,OBC,GREEN
6.8,0.611,75.9,7.6,0.651,7,4,0,Menon,0.674,Pune,General,GREEN
1.4,0.894,100.0,9.2,0.928,4,2,5,Iyer,0.646,Hyderabad,OBC,GREEN
2.2,0.589,40.7,4.7,0.592,7,2,0,Meena,0.605,Mewat,General,GREEN
3.6,0.601,52.4,9.7,0.607,5,3,0,Gupta,0.74,Bastar,ST,YELLOW
2.6,0.809,77.2,10.0,0.808,5,4,0,Iyer,0.54,Bengaluru Urban,SC,GREEN
0.3,0.64,79.1,6.9,0.782,6,4,0,Singh,0.737,Pune,SC,GREEN
5.9,0.403,34.0,3.0,0.441,13,3,0,Menon,0.86,Gaya,ST,RED
2.8,0.694,85.5,7.9,0.774,8,3,20,Gupta,0.729,Pune,General,GREEN
4.5,0.663,60.1,4.7,0.516,6,4,10,Khan,0.378,Bastar,General,RED
6.3,0.209,27.5,4.0,0.399,8,3,15,Munda,0.637,Bengaluru Urban,OBC,YELLOW
0.2,0.561,52.1,7.0,0.674,4,3,0,Ansari,0.738,Pune,General,GREEN
6.3,0.606,72.5,8.0,0.744,8,4,0,Deshmukh,0.51,Mumbai Suburban,General,GREEN
19.4,0.71,58.5,8.2,0.664,13,3,0,Kumar,0.742,Bastar,OBC,YELLOW
5.0,0.2,42.9,2.8,0.301,10,3,3,Iyer,0.695,Bengaluru Urban,SC,YELLOW
9.8,0.809,88.1,7.1,0.792,7,4,0,Sharma,0.505,Pune,SC,GREEN
7.6,0.384,31.1,2.5,0.332,5,4,0,Ansari,0.521,Bastar,OBC,RED
6.1,0.891,97.5,4.9,0.858,5,3,0,Verma,0.497,Bengaluru Urban,General,GREEN
7.8,0.295,26.3,3.6,0.35,7,3,0,Deshmukh,0.724,Hyderabad,General,YELLOW
8.9,0.578,55.2,8.4,0.603,5,4,7,Deshmukh,0.753,Gaya,OBC,YELLOW
9.2,0.428,54.8,5.0,0.561,6,4,0,Meena,0.481,Hyderabad,SC,GREEN
0.9,0.899,100.0,10.0,0.982,7,4,0,Deshmukh,0.661,Bengaluru Urban,General,GREEN
8.2,0.308,39.7,3.0,0.369,6,4,0,Meena,0.918,Hyderabad,General,GREEN
2.7,0.774,70.1,8.5,0.848,6,4,0,Meena,0.497,Mumbai Suburban,OBC,GREEN
9.4,0.761,67.9,6.7,0.648,6,4,0,Yadav,0.594,Kalahandi,OBC,GREEN
5.3,0.773,97.6,5.2,0.755,3,4,0,Ansari,0.365,Hyderabad,SC,GREEN
0.8,0.609,73.8,7.7,0.679,4,4,0,Meena,0.908,Bengaluru Urban,OBC,GREEN
10.4,0.292,18.0,5.5,0.262,6,3,0,Sharma,0.812,Bastar,OBC,RED
1.6,0.482,54.1,8.8,0.652,8,3,19,Banerjee,0.813,Hyderabad,General,GREEN
2.6,0.544,61.3,7.4,0.758,3,3,0,Khan,0.755,Bengaluru Urban,OBC,GREEN
12.3,0.319,35.5,3.3,0.243,5,4,0,Ansari,0.495,Pune,OBC,YELLOW
4.0,0.575,78.3,7.5,0.701,8,3,0,Khan,0.714,Gaya,General,GREEN
2.5,0.526,50.3,5.3,0.552,11,4,2,Banerjee,0.863,Pune,OBC,GREEN
3.3,0.537,64.6,4.7,0.557,9,3,0,Meena,0.853,Pune,OBC,GREEN
2.4,0.868,94.8,9.6,0.92,4,4,0,Verma,0.722,Bengaluru Urban,OBC,GREEN
6.8,0.559,44.3,3.6,0.389,10,3,0,Verma,0.989,Mumbai Suburban,OBC,GREEN
2.5,0.251,1.2,2.5,0.183,4,4,0,Ansari,0.768,Mewat,General,RED
3.4,0.887,84.8,8.6,0.827,8,3,4,Kumar,0.979,Kalahandi,OBC,GREEN
5.7,0.572,66.3,7.1,0.539,7,4,0,Verma,0.752,Bengaluru Urban,General,GREEN
5.2,0.902,100.0,9.9,1.0,3,4,4,Singh,0.8,Mumbai Suburban,General,GREEN
1.7,0.84,81.2,8.5,0.882,6,4,0,Meena,0.476,Hyderabad,General,GREEN
6.9,0.803,85.1,7.8,0.814,7,1,0,Munda,0.461,Bengaluru Urban,General,GREEN
2.1,0.577,54.8,5.3,0.563,7,4,0,Ansari,0.727,Bastar,General,YELLOW
1.1,0.457,62.9,6.1,0.619,5,3,3,Sharma,0.913,Gaya,OBC,GREEN
0.3,0.378,42.4,1.7,0.335,4,3,0,Gupta,0.745,Hyderabad,OBC,YELLOW
3.0,0.408,36.4,5.7,0.493,8,4,2,Kumar,0.631,Gaya,OBC,YELLOW
0.5,0.82,88.7,7.6,0.807,4,3,0,Singh,0.998,Bengaluru Urban,General,GREEN
1.5,0.74,76.0,6.5,0.782,3,2,0,Munda,0.876,Mumbai Suburban,OBC,GREEN
3.4,0.581,85.1,9.1,0.797,6,3,8,Gupta,0.631,Mumbai Suburban,SC,GREEN
8.7,0.661,66.2,7.7,0.707,4,4,0,Menon,0.927,Mewat,SC,GREEN
2.7,0.666,70.9,6.9,0.625,7,3,0,Munda,0.803,Mewat,OBC,GREEN
0.6,0.324,15.8,5.3,0.352,4,3,0,Das,0.603,Kalahandi,SC,RED
3.2,0.665,60.0,9.4,0.693,6,3,2,Iyer,0.75,Mumbai Suburban,OBC,GREEN
8.5,0.898,86.0,8.0,0.821,6,3,0,Iyer,0.827,Mewat,General,GREEN
2.6,0.423,48.3,3.7,0.385,5,3,0,Gupta,0.753,Bengaluru Urban,OBC,GREEN
9.9,0.409,38.2,5.8,0.404,10,3,0,Kumar,0.959,Pune,SC,GREEN
3.4,0.636,71.4,7.3,0.8,5,3,0,Das,0.615,Pune,General,GREEN
6.3,0.468,41.6,2.4,0.441,8,3,0,Meena,0.839,Bastar,General,YELLOW
4.3,0.777,94.7,10.0,1.0,6,2,6,Verma,0.875,Hyderabad,General,GREEN
9.6,0.459,51.9,5.2,0.438,9,3,13,Yadav,0.838,Gaya,OBC,RED
16.0,0.649,69.2,5.5,0.634,9,3,0,Meena,0.933,Kalahandi,OBC,GREEN
2.2,0.736,79.4,8.7,0.735,6,4,33,Iyer,0.844,Bastar,OBC,YELLOW
4.0,0.729,72.0,7.6,0.702,8,4,0,Patil,0.406,Gaya,General,GREEN
8.7,0.727,83.1,9.5,0.79,10,3,0,Menon,0.662,Bengaluru Urban,General,GREEN
4.4,0.384,44.8,4.4,0.486,8,3,0,Paswan,0.586,Bengaluru Urban,OBC,GREEN
0.3,0.591,58.9,10.0,0.707,4,3,0,Das,0.638,Pune,OBC,GREEN
2.6,0.883,96.7,10.0,1.0,5,3,0,Deshmukh,0.561,Pune,General,GREEN
4.4,0.746,78.0,8.6,0.826,3,4,0,Iyer,0.855,Bengaluru Urban,General,GREEN
11.6,0.8,90.8,8.4,0.965,3,3,0,Gupta,0.802,Bengaluru Urban,General,GREEN
3.8,0.856,100.0,8.6,0.831,3,3,0,Deshmukh,0.836,Pune,ST,GREEN
1.4,0.849,99.8,8.8,0.972,3,4,1,Iyer,0.985,Pune,SC,GREEN
4.4,0.78,67.4,10.0,0.875,5,4,0,Patil,0.667,Kalahandi,General,GREEN
10.7,0.244,0.0,3.4,0.146,7,4,0,Deshmukh,0.717,Mumbai Suburban,General,YELLOW
1.8,0.492,74.8,7.0,0.697,8,2,25,Kumar,0.733,Gaya,General,GREEN
2.1,0.899,95.0,10.0,0.966,3,4,0,Menon,0.719,Gaya,OBC,GREEN
1.9,0.422,51.0,5.6,0.486,7,4,0,Paswan,0.789,Pune,General,GREEN
0.8,0.566,49.5,7.8,0.572,4,3,0,Paswan,0.806,Bastar,General,YELLOW
3.7,0.461,25.6,5.9,0.4,5,2,0,Khan,0.685,Pune,OBC,GREEN
3.3,0.46,31.0,5.8,0.552,3,4,0,Verma,0.912,Pune,OBC,GREEN
0.4,0.555,57.1,8.8,0.669,4,3,3,Banerjee,0.731,Mumbai Suburban,General,GREEN
1.5,0.855,87.0,7.1,0.851,5,3,0,Paswan,0.759,Gaya,SC,GREEN
4.1,0.731,90.0,6.2,0.711,3,2,0,Verma,0.47,Pune,General,GREEN
6.2,0.67,74.4,6.4,0.646,3,3,0,Das,0.791,Hyderabad,ST,GREEN
7.6,0.64,73.7,8.6,0.8,6,1,7,Ansari,0.76,Bastar,General,GREEN
6.6,0.645,59.1,4.5,0.495,7,3,0,Singh,0.733,Gaya,General,YELLOW
3.5,0.307,31.1,2.4,0.265,3,4,0,Khan,0.469,Bengaluru Urban,ST,YELLOW
0.6,0.106,8.8,3.1,0.17,7,3,21,Das,0.978,Hyderabad,OBC,RED
2.8,0.555,48.2,7.9,0.615,3,4,0,Iyer,0.779,Hyderabad,General,GREEN
0.1,0.705,58.1,6.9,0.65,6,3,0,Munda,0.689,Gaya,OBC,GREEN
4.2,0.754,76.8,10.0,0.86,5,4,5,Patil,0.895,Mumbai Suburban,ST,GREEN
1.8,0.655,48.9,6.2,0.623,6,3,0,Iyer,0.671,Kalahandi,SC,GREEN
0.2,0.662,58.1,5.4,0.631,9,3,0,Khan,0.601,Gaya,General,GREEN
4.9,0.3,29.6,4.4,0.296,11,3,6,Sharma,0.561,Kalahandi,General,RED
10.7,0.496,25.6,4.8,0.396,3,2,0,Menon,0.906,Bengaluru Urban,SC,GREEN
0.5,0.45,59.9,7.8,0.669,3,3,0,Deshmukh,0.844,Kalahandi,General,GREEN
5.2,0.809,100.0,6.2,0.854,7,3,0,Yadav,0.735,Pune,OBC,GREEN
2.4,0.219,37.2,1.2,0.168,8,3,0,Verma,0.353,Pune,OBC,RED
1.6,0.648,73.7,8.2,0.753,3,3,0,Paswan,0.633,Mumbai Suburban,General,GREEN
1.6,0.633,66.6,5.8,0.527,8,3,0,Das,0.773,Kalahandi,OBC,YELLOW
2.4,0.632,73.5,4.7,0.615,6,4,0,Gupta,0.811,Mumbai Suburban,OBC,GREEN
2.4,0.648,70.6,7.6,0.8,6,3,0,Kumar,0.391,Hyderabad,OBC,GREEN
3.4,0.3,36.8,2.2,0.249,9,4,0,Khan,0.668,Mumbai Suburban,ST,YELLOW
1.4,0.83,71.4,10.0,0.806,9,4,0,Ansari,0.72,Pune,General,GREEN
1.7,0.785,79.7,7.0,0.799,4,3,0,Ansari,0.802,Kalahandi,OBC,GREEN
5.6,0.797,89.6,8.0,0.754,3,3,0,Munda,0.968,Bengaluru Urban,OBC,GREEN
1.3,0.626,70.9,7.9,0.677,7,4,6,Khan,0.936,Hyderabad,OBC,GREEN
4.4,0.834,94.9,9.4,0.937,6,3,0,Ansari,0.974,Gaya,OBC,GREEN
2.5,0.713,86.0,5.7,0.683,5,2,0,Patil,0.561,Mumbai Suburban,ST,GREEN
2.0,0.933,88.0,10.0,0.926,4,3,0,Ansari,0.715,Bastar,SC,GREEN
13.3,0.444,33.1,1.2,0.336,3,1,2,Ansari,0.789,Mumbai Suburban,SC,GREEN
0.8,0.568,69.3,4.4,0.588,6,4,0,Ansari,0.603,Kalahandi,SC,YELLOW
11.2,0.725,84.2,8.5,0.819,11,3,0,Verma,0.452,Mumbai Suburban,General,GREEN
7.0,0.783,72.6,8.1,0.756,6,4,0,Iyer,0.682,Bastar,General,GREEN
1.8,0.424,45.1,5.8,0.504,9,4,2,Khan,0.537,Bengaluru Urban,General,GREEN
7.1,0.651,75.0,8.8,0.754,11,4,7,Singh,0.808,Bengaluru Urban,OBC,GREEN
0.0,0.68,70.7,6.8,0.712,4,4,0,Munda,0.503,Mewat,OBC,GREEN
1.6,0.43,62.4,5.0,0.493,7,3,0,Deshmukh,0.881,Bengaluru Urban,General,GREEN
1.3,0.606,51.6,4.3,0.508,8,2,0,Sharma,0.872,Bengaluru Urban,OBC,GREEN
4.9,0.541,65.1,6.9,0.578,7,4,10,Menon,0.851,Kalahandi,SC,YELLOW
6.3,0.65,72.5,6.3,0.667,8,4,0,Singh,0.698,Mumbai Suburban,General,GREEN
4.8,0.196,0.0,5.6,0.211,3,3,0,Singh,0.676,Bastar,General,RED
3.9,0.315,61.5,2.6,0.341,5,4,0,Das,0.762,Pune,ST,YELLOW
7.5,0.686,70.7,7.6,0.731,4,2,0,Iyer,0.798,Pune,General,GREEN
6.7,0.752,86.7,7.1,0.787,3,1,0,Kumar,0.671,Mumbai Suburban,ST,GREEN
1.8,0.515,35.4,6.9,0.559,9,4,4,Verma,0.972,Bastar,OBC,YELLOW
2.0,0.645,88.8,4.9,0.653,12,3,0,Paswan,0.611,Bengaluru Urban,OBC,GREEN
6.4,0.87,88.5,9.0,0.905,3,4,0,Sharma,0.642,Pune,SC,GREEN
3.3,0.877,64.7,10.0,0.869,3,3,0,Sharma,0.636,Bastar,General,GREEN
3.6,0.436,37.4,6.0,0.492,4,4,13,Meena,0.567,Mewat,General,RED
4.0,0.93,80.8,8.5,0.821,3,2,0,Patil,0.448,Bengaluru Urban,General,GREEN
0.3,0.478,45.0,4.0,0.45,4,4,0,Deshmukh,0.523,Bengaluru Urban,SC,GREEN
1.7,0.134,3.5,1.6,0.128,5,2,24,Meena,0.694,Gaya,General,RED
5.3,0.925,100.0,9.7,0.965,9,3,0,Sharma,0.739,Bengaluru Urban,General,GREEN
1.7,0.679,69.7,8.5,0.638,8,4,6,Iyer,0.708,Bastar,General,GREEN
2.8,0.442,49.3,6.5,0.536,3,2,0,Paswan,0.562,Bengaluru Urban,General,GREEN
5.2,0.852,94.5,6.2,0.916,6,4,0,Deshmukh,0.786,Mumbai Suburban,General,GREEN
7.8,0.518,49.4,5.2,0.493,6,3,0,Das,0.835,Bastar,OBC,YELLOW
8.6,0.506,35.0,3.1,0.352,6,4,0,Kumar,0.249,Bastar,SC,RED
9.0,0.44,28.9,3.7,0.385,12,4,0,Verma,0.676,Kalahandi,SC,RED
3.0,0.371,17.4,4.1,0.334,6,1,0,Banerjee,0.55,Kalahandi,SC,YELLOW
2.8,0.829,77.0,7.3,0.836,3,4,0,Das,0.487,Bengaluru Urban,General,GREEN
0.9,0.774,99.4,6.6,0.746,8,3,0,Meena,0.507,Bengaluru Urban,OBC,GREEN
10.7,0.573,47.4,4.5,0.536,10,3,0,Meena,0.933,Bengaluru Urban,OBC,GREEN
2.6,0.516,61.4,4.4,0.553,9,2,0,Meena,0.497,Gaya,ST,GREEN
10.5,0.679,65.3,4.9,0.6,8,3,19,Yadav,0.363,Mewat,General,RED
4.5,0.567,51.2,5.9,0.573,7,4,17,Das,0.832,Gaya,General,RED
8.1,0.537,62.9,7.3,0.683,5,3,0,Verma,0.745,Bengaluru Urban,General,GREEN
3.2,0.514,64.1,5.9,0.625,8,3,0,Sharma,0.871,Gaya,OBC,GREEN
5.7,0.832,66.9,10.0,0.777,4,4,0,Menon,0.79,Gaya,OBC,GREEN
8.3,0.758,74.9,7.9,0.807,5,4,0,Paswan,0.937,Kalahandi,General,GREEN
2.1,0.555,72.3,9.4,0.736,3,4,0,Meena,0.69,Bengaluru Urban,OBC,GREEN
9.0,0.632,67.4,6.0,0.639,5,2,0,Yadav,0.565,Gaya,OBC,GREEN
1.1,0.444,34.0,6.7,0.488,4,3,0,Banerjee,0.677,Hyderabad,OBC,GREEN
13.0,0.355,38.4,2.8,0.332,6,3,0,Banerjee,0.675,Pune,General,YELLOW
4.0,0.674,56.3,6.3,0.682,4,4,0,Meena,0.829,Bengaluru Urban,OBC,GREEN
1.7,0.325,36.3,6.3,0.435,6,3,0,Ansari,0.921,Mewat,ST,YELLOW
6.8,0.297,31.4,0.9,0.178,4,3,0,Das,0.265,Bastar,General,RED
4.7,0.339,39.6,3.6,0.345,4,3,0,Paswan,0.627,Mewat,General,RED
0.4,0.811,76.6,6.1,0.738,4,3,0,Iyer,0.475,Pune,SC,GREEN
2.4,0.572,55.3,7.9,0.7,3,3,0,Banerjee,0.773,Mumbai Suburban,SC,GREEN
1.2,0.585,81.4,5.3,0.673,3,3,26,Munda,0.59,Mumbai Suburban,General,GREEN
1.3,0.845,99.9,8.5,0.855,7,4,0,Munda,0.4,Pune,SC,GREEN
1.2,0.192,41.0,2.8,0.418,9,4,0,Banerjee,0.72,Pune,OBC,GREEN
5.5,0.633,82.5,7.1,0.736,8,4,0,Banerjee,0.97,Mumbai Suburban,SC,GREEN
7.3,0.242,12.8,2.8,0.28,10,4,0,Verma,0.916,Bengaluru Urban,ST,YELLOW
1.6,0.78,95.2,10.0,0.903,8,3,1,Munda,0.962,Hyderabad,OBC,GREEN
15.4,0.804,80.0,8.2,0.835,9,4,0,Singh,0.782,Kalahandi,SC,GREEN
4.0,0.573,69.6,5.2,0.638,6,3,0,Menon,0.596,Bengaluru Urban,SC,GREEN
6.9,0.7,66.6,7.8,0.776,7,1,0,Munda,0.948,Pune,OBC,GREEN
2.9,0.866,77.4,9.0,0.9,6,4,0,Menon,0.686,Bastar,ST,GREEN
0.1,0.593,56.5,8.9,0.726,6,2,0,Deshmukh,0.738,Pune,OBC,GREEN
5.0,0.542,54.8,6.8,0.574,4,2,0,Meena,0.519,Hyderabad,OBC,GREEN
12.0,0.865,89.4,9.2,0.864,8,1,0,Yadav,0.77,Mumbai Suburban,OBC,GREEN
1.8,0.336,38.3,5.5,0.44,7,2,0,Kumar,0.566,Mewat,OBC,GREEN
0.9,0.544,44.0,3.3,0.485,3,2,1,Gupta,0.574,Mumbai Suburban,SC,GREEN
7.2,0.709,72.6,9.2,0.774,8,4,24,Munda,0.801,Mumbai Suburban,General,GREEN
4.7,0.565,45.2,6.3,0.602,6,4,0,Yadav,0.841,Pune,SC,GREEN
9.0,0.669,69.7,5.4,0.708,9,4,0,Verma,0.415,Bengaluru Urban,General,GREEN
3.5,0.772,68.5,7.8,0.7,4,4,0,Verma,0.834,Mewat,General,GREEN
6.2,0.846,86.2,10.0,0.861,5,4,0,Menon,0.763,Pune,OBC,GREEN
2.3,0.786,83.8,5.6,0.721,5,3,0,Das,0.865,Pune,OBC,GREEN
1.0,0.678,50.0,8.0,0.675,6,4,0,Menon,0.873,Mewat,ST,GREEN
6.2,0.718,71.2,5.5,0.634,5,3,0,Banerjee,0.615,Pune,OBC,GREEN
7.2,0.744,73.0,7.1,0.796,5,1,0,Iyer,0.745,Kalahandi,OBC,GREEN
1.9,0.507,56.4,5.5,0.562,8,4,0,Iyer,0.985,Bengaluru Urban,General,GREEN
11.2,0.589,60.2,8.8,0.692,6,4,0,Iyer,0.967,Bengaluru Urban,General,GREEN
11.5,0.258,30.5,2.3,0.193,9,3,2,Iyer,0.696,Hyderabad,OBC,YELLOW
1.2,0.516,48.9,5.7,0.459,3,3,0,Banerjee,0.795,Mewat,OBC,YELLOW
1.3,0.466,44.6,2.6,0.405,7,4,36,Kumar,0.393,Gaya,OBC,RED
1.4,0.647,58.1,7.7,0.559,5,3,0,Yadav,0.534,Bengaluru Urban,OBC,GREEN
3.1,0.466,73.5,1.7,0.508,7,4,0,Menon,0.461,Mewat,OBC,YELLOW
2.4,0.642,75.5,4.3,0.601,5,3,3,Gupta,0.737,Pune,OBC,GREEN
0.7,0.542,73.0,4.5,0.736,3,4,36,Das,0.58,Bastar,General,YELLOW
1.4,0.185,32.5,1.2,0.325,3,3,9,Paswan,0.457,Mewat,General,RED
0.1,0.584,72.4,6.0,0.627,3,4,4,Verma,0.778,Bastar,General,GREEN
0.2,0.44,54.7,6.6,0.544,3,3,0,Munda,0.81,Hyderabad,OBC,GREEN
0.6,0.804,59.4,10.0,0.849,3,3,0,Das,0.743,Kalahandi,General,GREEN
14.7,0.798,71.4,10.0,0.922,7,4,0,Yadav,0.71,Mewat,OBC,GREEN
13.4,0.43,45.4,6.5,0.429,8,3,0,Iyer,0.508,Mewat,General,YELLOW
6.5,0.38,40.1,7.4,0.418,7,3,0,Patil,0.956,Mewat,OBC,YELLOW
1.9,0.727,79.0,8.5,0.758,5,3,0,Kumar,0.928,Pune,ST,GREEN
0.5,0.456,34.5,5.8,0.489,4,3,0,Das,0.983,Gaya,OBC,YELLOW
3.5,0.62,51.4,8.9,0.7,6,2,5,Singh,0.841,Gaya,General,GREEN
5.1,0.586,66.1,4.7,0.626,8,4,0,Verma,0.693,Bengaluru Urban,General,GREEN
1.6,0.68,73.4,7.2,0.651,10,3,0,Singh,0.479,Hyderabad,SC,GREEN
4.9,0.351,42.8,3.9,0.274,3,3,0,Patil,0.755,Bastar,General,RED
0.9,0.542,48.4,7.9,0.648,4,3,1,Meena,0.775,Bengaluru Urban,ST,GREEN
1.9,0.298,34.6,3.8,0.3,8,4,0,Iyer,0.488,Mewat,General,RED
2.7,0.217,16.0,1.9,0.088,8,2,0,Khan,0.755,Bengaluru Urban,OBC,YELLOW
13.7,0.522,61.7,4.7,0.544,10,4,9,Meena,0.731,Bengaluru Urban,OBC,GREEN
1.4,0.742,78.7,9.9,0.879,5,3,0,Paswan,0.578,Pune,SC,GREEN
5.1,0.519,34.6,5.0,0.449,6,4,0,Yadav,0.875,Mewat,OBC,YELLOW
1.2,0.313,37.6,3.8,0.333,7,4,4,Meena,0.703,Bengaluru Urban,General,YELLOW
1.0,0.197,32.3,0.0,0.165,6,2,2,Paswan,0.472,Mumbai Suburban,OBC,GREEN
1.6,0.655,58.3,6.5,0.611,3,3,0,Khan,0.752,Mumbai Suburban,OBC,GREEN
3.6,0.387,52.3,5.4,0.416,7,1,6,Khan,0.758,Kalahandi,SC,GREEN
12.4,0.419,35.5,5.3,0.399,5,4,0,Khan,0.788,Kalahandi,SC,YELLOW
1.9,0.632,74.1,5.7,0.674,3,3,0,Khan,0.683,Bengaluru Urban,OBC,GREEN
7.3,0.476,29.4,1.9,0.336,3,1,0,Iyer,0.663,Bastar,ST,YELLOW
14.2,0.443,60.8,5.5,0.542,13,1,0,Verma,0.878,Mewat,SC,GREEN
4.4,0.896,84.0,8.8,0.822,3,4,0,Gupta,0.579,Mumbai Suburban,General,GREEN
8.4,0.171,24.2,1.0,0.162,5,4,3,Meena,0.382,Pune,General,RED
1.5,0.85,84.7,8.8,0.75,9,3,0,Patil,0.88,Pune,OBC,GREEN
5.0,0.524,51.9,5.1,0.527,3,3,0,Gupta,0.837,Mewat,General,YELLOW
6.1,0.523,58.4,6.7,0.664,6,3,0,Yadav,0.865,Mumbai Suburban,OBC,GREEN
0.7,0.464,48.2,3.8,0.368,3,3,0,Patil,0.873,Pune,General,GREEN
1.3,0.617,54.9,6.9,0.589,3,3,0,Patil,0.902,Mewat,SC,YELLOW
2.6,0.587,58.2,7.0,0.639,6,3,0,Meena,0.546,Bastar,OBC,GREEN
1.6,0.695,63.8,7.5,0.757,4,2,0,Deshmukh,0.491,Mewat,General,GREEN
2.9,0.579,56.1,5.9,0.554,6,1,0,Munda,0.819,Mewat,OBC,GREEN
0.6,0.85,84.8,6.7,0.755,7,2,0,Patil,0.783,Bastar,SC,GREEN
13.2,0.619,70.1,7.2,0.582,12,1,0,Munda,0.751,Mumbai Suburban,OBC,GREEN
7.9,0.599,70.5,5.2,0.613,7,3,0,Banerjee,0.778,Pune,General,GREEN
25.0,0.618,76.2,6.5,0.779,10,4,15,Singh,0.807,Hyderabad,General,GREEN
0.8,0.628,60.2,5.5,0.607,6,2,0,Verma,0.906,Bengaluru Urban,SC,GREEN
5.2,0.545,44.2,5.7,0.518,9,3,0,Iyer,0.838,Mumbai Suburban,OBC,GREEN
1.6,0.802,86.8,10.0,0.906,7,3,0,Ansari,0.554,Pune,General,GREEN
1.0,0.871,93.1,9.7,0.923,4,2,0,Banerjee,0.84,Kalahandi,OBC,GREEN
7.6,0.472,39.5,3.1,0.352,9,2,4,Iyer,0.824,Pune,OBC,GREEN
3.7,0.332,31.5,6.1,0.46,6,4,0,Munda,0.844,Mumbai Suburban,General,GREEN
2.4,0.528,60.9,6.9,0.62,8,2,4,Kumar,0.742,Kalahandi,General,GREEN
4.5,0.754,95.0,9.5,0.886,3,3,11,Das,0.858,Kalahandi,OBC,GREEN
1.4,0.69,60.6,3.4,0.497,6,2,2,Deshmukh,0.792,Bengaluru Urban,ST,GREEN
1.3,0.845,100.0,7.7,0.937,3,4,0,Iyer,0.845,Pune,General,GREEN
1.7,0.362,40.4,3.6,0.409,3,1,0,Banerjee,0.846,Bengaluru Urban,General,GREEN
8.8,0.35,52.2,7.3,0.506,9,3,8,Paswan,0.513,Kalahandi,SC,YELLOW
8.2,0.415,51.0,7.4,0.605,9,4,20,Menon,0.852,Bengaluru Urban,ST,YELLOW
0.8,0.808,83.4,7.1,0.759,5,4,1,Verma,0.669,Kalahandi,SC,GREEN
12.8,0.493,53.5,0.9,0.334,5,2,0,Khan,0.4,Bengaluru Urban,General,GREEN
3.4,0.762,67.2,7.3,0.683,7,2,5,Kumar,0.774,Bengaluru Urban,OBC,GREEN
5.1,0.872,100.0,9.4,0.849,8,3,0,Paswan,0.683,Bengaluru Urban,OBC,GREEN
1.7,0.539,61.5,4.8,0.568,8,4,36,Kumar,0.574,Gaya,OBC,RED
3.6,0.804,75.4,7.2,0.668,5,4,0,Meena,0.662,Kalahandi,SC,GREEN
1.0,0.672,60.6,8.5,0.648,6,4,0,Menon,0.459,Pune,OBC,GREEN
1.5,0.456,59.2,5.3,0.422,5,4,23,Khan,0.632,Kalahandi,OBC,RED
7.1,0.869,94.4,8.7,0.89,8,3,3,Kumar,0.767,Bengaluru Urban,ST,GREEN
7.2,0.606,55.8,10.0,0.714,9,3,0,Ansari,0.889,Mumbai Suburban,General,GREEN
5.3,0.307,32.1,3.1,0.296,3,3,0,Iyer,0.9,Kalahandi,OBC,RED
2.3,0.695,79.4,5.9,0.641,7,4,0,Khan,0.807,Bengaluru Urban,General,GREEN
0.8,0.617,65.8,5.9,0.563,3,2,15,Verma,0.93,Pune,General,GREEN
9.6,0.646,73.3,5.9,0.68,7,3,0,Banerjee,0.443,Bengaluru Urban,General,GREEN
7.6,0.62,67.0,6.0,0.602,10,4,2,Gupta,0.643,Mumbai Suburban,General,GREEN
0.3,0.707,76.5,8.2,0.78,3,4,14,Verma,0.748,Bastar,SC,YELLOW
7.3,0.527,43.1,4.2,0.415,9,4,0,Iyer,0.457,Gaya,General,YELLOW
2.4,0.782,80.2,10.0,0.87,3,2,0,Menon,0.811,Mumbai Suburban,ST,GREEN
6.3,0.296,8.8,4.5,0.343,5,3,0,Sharma,0.876,Bastar,SC,RED
0.6,0.679,82.2,5.9,0.726,4,3,0,Khan,0.862,Mewat,General,GREEN
1.8,0.891,100.0,9.1,0.913,5,4,0,Yadav,0.857,Bengaluru Urban,SC,GREEN
3.8,0.378,32.5,5.5,0.431,4,3,4,Paswan,0.538,Bengaluru Urban,OBC,GREEN
13.2,0.711,61.7,7.7,0.687,4,3,0,Verma,0.491,Pune,OBC,GREEN
3.8,0.291,45.8,1.0,0.283,3,3,0,Iyer,0.884,Hyderabad,OBC,YELLOW
8.5,0.373,40.6,2.1,0.313,5,4,0,Deshmukh,0.905,Mumbai Suburban,General,YELLOW
4.3,0.917,97.3,10.0,0.955,10,4,0,Das,0.796,Mumbai Suburban,ST,GREEN
4.2,0.558,61.0,5.1,0.57,6,3,1,Ansari,0.707,Bengaluru Urban,ST,GREEN
5.5,0.493,41.2,4.3,0.395,8,3,0,Kumar,0.732,Pune,General,GREEN
3.3,0.793,87.2,8.7,0.794,3,3,0,Meena,0.863,Gaya,General,GREEN
6.9,0.814,85.9,9.8,0.815,7,3,0,Gupta,0.806,Mewat,General,GREEN
1.1,0.384,38.6,2.5,0.26,4,3,0,Deshmukh,0.357,Bastar,General,RED
3.3,0.779,50.2,4.9,0.529,11,2,6,Khan,0.701,Bastar,OBC,GREEN
14.1,0.481,53.1,3.0,0.445,11,3,1,Munda,0.368,Kalahandi,OBC,RED
8.8,0.299,33.7,1.8,0.227,6,3,0,Ansari,0.799,Mewat,OBC,RED
4.6,0.657,77.7,8.7,0.794,4,4,27,Menon,0.808,Mumbai Suburban,General,GREEN
7.9,0.663,76.0,10.0,0.809,6,3,0,Das,0.614,Bastar,OBC,GREEN
11.4,0.626,78.9,7.2,0.613,6,4,0,Paswan,0.726,Pune,SC,GREEN
0.2,0.724,78.8,7.2,0.777,4,1,9,Deshmukh,0.463,Bastar,General,GREEN
2.7,0.523,42.2,7.0,0.589,6,3,0,Gupta,0.685,Hyderabad,OBC,GREEN
1.7,0.904,82.7,10.0,0.861,5,4,4,Banerjee,0.884,Bengaluru Urban,General,GREEN
0.6,0.828,75.8,7.9,0.813,4,4,0,Paswan,0.856,Bastar,OBC,GREEN
15.6,0.846,87.1,8.9,0.826,9,4,0,Paswan,0.883,Hyderabad,SC,GREEN
5.8,0.481,64.5,7.0,0.614,6,2,13,Yadav,0.639,Hyderabad,OBC,GREEN
7.6,0.625,65.8,5.3,0.541,10,4,1,Gupta,0.878,Mewat,SC,YELLOW
1.8,0.386,36.9,0.6,0.182,3,3,0,Kumar,0.495,Gaya,General,RED
2.6,0.592,78.5,6.5,0.657,4,3,12,Menon,0.682,Bengaluru Urban,OBC,GREEN
3.5,0.892,86.4,10.0,0.912,8,3,0,Paswan,0.738,Hyderabad,General,GREEN
5.0,0.667,72.9,6.9,0.675,5,2,0,Ansari,0.648,Mumbai Suburban,ST,GREEN
6.7,0.389,46.2,2.2,0.298,5,4,0,Menon,0.484,Mumbai Suburban,SC,YELLOW
6.4,0.306,35.8,3.6,0.321,7,4,0,Paswan,0.466,Kalahandi,General,RED
2.8,0.741,77.5,8.2,0.792,6,2,0,Yadav,0.778,Mewat,General,GREEN
11.7,0.529,57.4,4.6,0.519,8,3,1,Ansari,0.692,Bengaluru Urban,OBC,GREEN
10.0,0.212,9.3,2.6,0.197,7,2,36,Meena,0.707,Mumbai Suburban,General,YELLOW
4.5,0.759,69.3,6.5,0.667,5,3,0,Meena,0.741,Kalahandi,General,GREEN
3.6,0.352,38.1,3.7,0.426,4,1,5,Singh,0.925,Gaya,General,GREEN
2.6,0.678,67.2,8.2,0.665,3,4,5,Singh,0.877,Bengaluru Urban,OBC,GREEN
5.0,0.495,42.8,1.3,0.375,3,1,0,Yadav,0.911,Pune,General,GREEN
9.6,0.596,68.2,5.7,0.675,6,3,8,Yadav,0.812,Bastar,General,GREEN
3.7,0.791,90.0,10.0,0.921,5,3,0,Deshmukh,0.775,Mewat,SC,GREEN
2.0,0.601,69.7,6.0,0.623,7,4,0,Banerjee,0.897,Mumbai Suburban,General,GREEN
3.6,0.691,94.5,10.0,0.852,3,3,26,Banerjee,0.644,Gaya,ST,YELLOW
4.6,0.851,94.1,7.1,0.886,10,3,0,Yadav,0.53,Bengaluru Urban,SC,GREEN
1.0,0.777,86.4,7.5,0.726,6,3,0,Paswan,0.877,Hyderabad,OBC,GREEN
0.7,0.503,48.0,5.9,0.476,4,3,0,Deshmukh,0.806,Bastar,SC,YELLOW
2.0,0.474,26.9,4.3,0.371,6,2,2,Das,0.721,Mewat,OBC,GREEN
11.7,0.733,79.8,9.7,0.896,6,4,0,Sharma,0.935,Bengaluru Urban,SC,GREEN
9.2,0.533,58.7,5.7,0.582,8,3,0,Das,0.558,Mumbai Suburban,General,GREEN
0.5,0.472,61.9,7.1,0.552,6,4,10,Menon,0.512,Bastar,OBC,YELLOW
1.3,0.922,90.2,7.6,0.846,8,2,0,Banerjee,0.979,Mewat,OBC,GREEN
6.6,0.655,73.2,7.4,0.678,7,3,0,Meena,0.554,Hyderabad,SC,GREEN
2.3,0.544,70.7,4.0,0.515,5,4,0,Iyer,0.411,Hyderabad,SC,GREEN
5.2,0.536,51.0,4.4,0.544,3,4,0,Kumar,0.59,Gaya,SC,YELLOW
0.5,0.323,48.7,5.2,0.375,6,3,8,Khan,0.608,Bastar,General,RED
3.5,0.768,89.7,9.7,0.959,3,1,1,Singh,0.667,Mumbai Suburban,OBC,GREEN
3.2,0.599,59.3,5.6,0.625,8,3,0,Verma,0.772,Pune,SC,GREEN
7.7,0.538,49.7,6.5,0.616,9,3,0,Menon,0.823,Bastar,ST,YELLOW
5.0,0.494,49.7,5.9,0.504,6,3,9,Iyer,0.828,Gaya,OBC,YELLOW
4.0,0.6,49.4,7.0,0.591,3,2,22,Khan,0.737,Kalahandi,ST,YELLOW
0.4,0.487,67.2,6.1,0.518,7,1,0,Sharma,0.816,Pune,OBC,GREEN
14.4,0.878,100.0,10.0,0.933,9,3,0,Yadav,0.84,Pune,SC,GREEN
6.2,0.537,60.8,7.7,0.663,6,4,0,Menon,0.891,Pune,General,GREEN
1.7,0.52,53.7,4.6,0.57,5,3,0,Sharma,0.778,Mumbai Suburban,General,GREEN
3.9,0.57,74.3,4.2,0.522,10,4,0,Deshmukh,0.799,Mewat,ST,YELLOW
2.4,0.801,91.1,5.5,0.736,5,4,0,Das,0.815,Bengaluru Urban,General,GREEN
2.9,0.648,62.2,6.4,0.629,3,3,0,Meena,0.476,Bengaluru Urban,SC,GREEN
9.0,0.598,59.0,6.5,0.543,6,3,18,Gupta,0.704,Kalahandi,General,RED
1.3,0.856,98.7,10.0,0.977,3,3,0,Banerjee,0.568,Mumbai Suburban,OBC,GREEN
6.4,0.559,64.7,4.5,0.516,5,3,0,Singh,0.768,Bengaluru Urban,OBC,GREEN
9.3,0.788,95.0,9.0,0.87,5,3,0,Ansari,0.744,Bengaluru Urban,General,GREEN
5.6,0.599,71.9,2.3,0.493,5,3,0,Yadav,0.468,Bengaluru Urban,General,GREEN
3.0,0.779,70.7,9.0,0.756,5,3,0,Meena,0.678,Hyderabad,OBC,GREEN
1.5,0.684,65.6,6.4,0.66,4,4,0,Khan,0.135,Bengaluru Urban,SC,GREEN
1.8,0.372,33.4,1.1,0.261,6,4,0,Banerjee,0.389,Mumbai Suburban,General,RED
4.0,0.577,72.9,7.4,0.663,9,4,8,Singh,0.696,Mumbai Suburban,OBC,GREEN
3.7,0.911,94.9,10.0,0.917,4,4,0,Banerjee,0.888,Mumbai Suburban,ST,GREEN
7.1,0.4,43.4,4.8,0.454,4,4,34,Munda,0.421,Gaya,OBC,RED
0.6,0.598,61.7,10.0,0.821,8,3,4,Deshmukh,0.856,Bengaluru Urban,General,GREEN
9.0,0.627,74.4,7.0,0.697,6,4,0,Khan,0.536,Hyderabad,ST,GREEN
21.7,0.679,71.0,8.2,0.786,12,3,2,Kumar,0.754,Hyderabad,SC,GREEN
3.3,0.582,51.3,5.6,0.482,6,4,0,Gupta,0.858,Bastar,General,YELLOW
2.8,0.427,29.6,5.1,0.419,4,3,0,Meena,0.584,Kalahandi,OBC,YELLOW
3.1,0.62,58.0,3.7,0.468,9,4,0,Yadav,0.28,Pune,ST,YELLOW
3.8,0.543,70.0,7.3,0.584,5,4,0,Sharma,0.768,Bengaluru Urban,OBC,GREEN
2.6,0.84,82.3,7.7,0.774,3,4,0,Meena,0.675,Hyderabad,OBC,GREEN
0.2,0.66,84.1,9.6,0.88,3,4,0,Iyer,0.93,Gaya,General,GREEN
3.0,0.262,45.5,0.4,0.3,4,3,11,Munda,0.485,Bengaluru Urban,OBC,YELLOW
4.1,0.805,72.3,8.1,0.791,8,4,0,Sharma,0.931,Gaya,OBC,GREEN
9.7,0.713,65.1,5.3,0.555,6,2,0,Menon,0.257,Bengaluru Urban,OBC,GREEN
1.2,0.706,49.5,5.9,0.587,3,3,0,Ansari,0.785,Kalahandi,OBC,YELLOW
12.8,0.55,55.6,6.4,0.597,5,3,0,Kumar,0.778,Bengaluru Urban,General,GREEN
2.4,0.564,80.9,5.3,0.643,6,3,0,Gupta,0.586,Pune,General,GREEN
1.4,0.604,81.7,8.6,0.668,7,4,0,Munda,0.744,Bengaluru Urban,SC,GREEN
6.2,0.569,78.0,5.0,0.572,9,3,0,Menon,0.67,Hyderabad,OBC,GREEN
2.2,0.637,69.8,7.5,0.692,4,3,0,Ansari,0.845,Bastar,SC,GREEN
3.4,0.526,50.9,5.6,0.558,4,4,0,Munda,0.919,Bastar,OBC,YELLOW
3.6,0.91,92.0,7.8,0.76,3,4,0,Ansari,0.466,Bastar,General,GREEN
5.9,0.389,52.3,5.3,0.473,7,3,8,Kumar,0.839,Mewat,OBC,YELLOW
3.3,0.447,44.6,5.5,0.488,7,2,4,Das,0.685,Mumbai Suburban,General,GREEN
2.9,0.592,56.3,3.6,0.547,4,3,2,Banerjee,0.73,Bengaluru Urban,OBC,GREEN
2.4,0.701,69.4,7.6,0.753,3,4,0,Menon,0.78,Kalahandi,OBC,GREEN
5.5,0.431,29.5,3.6,0.391,6,4,0,Yadav,0.622,Mewat,OBC,RED
2.1,0.398,50.7,3.4,0.375,3,4,0,Deshmukh,0.564,Hyderabad,General,GREEN
10.0,0.342,20.1,3.8,0.212,7,2,0,Patil,0.847,Mewat,General,YELLOW
3.6,0.254,26.1,4.2,0.292,12,2,0,Gupta,0.853,Kalahandi,OBC,YELLOW
0.4,0.573,46.5,8.6,0.683,3,4,0,Banerjee,0.828,Kalahandi,General,GREEN
4.6,0.405,38.8,3.7,0.457,6,4,0,Gupta,0.724,Kalahandi,General,YELLOW
5.3,0.658,73.5,2.8,0.593,11,3,3,Meena,0.927,Hyderabad,General,GREEN
10.1,0.719,75.2,7.8,0.772,9,4,1,Sharma,0.755,Mumbai Suburban,SC,GREEN
1.6,0.398,59.2,2.6,0.436,3,4,13,Yadav,0.965,Bengaluru Urban,OBC,YELLOW
1.4,0.67,71.5,7.4,0.681,9,2,0,Patil,0.636,Hyderabad,General,GREEN
6.1,0.446,48.4,4.4,0.45,5,4,18,Gupta,0.803,Mewat,OBC,RED
8.8,0.659,73.0,8.4,0.826,10,4,36,Gupta,0.969,Mumbai Suburban,SC,GREEN
1.5,0.331,26.5,2.5,0.235,3,4,0,Sharma,0.75,Bastar,ST,RED
4.5,0.643,61.3,5.2,0.673,11,3,0,Kumar,0.872,Bengaluru Urban,SC,GREEN
3.3,0.883,100.0,7.6,0.865,5,4,0,Ansari,0.903,Bengaluru Urban,General,GREEN
1.6,0.738,80.5,9.3,0.891,3,3,7,Khan,0.75,Mumbai Suburban,OBC,GREEN
3.1,0.44,55.0,1.4,0.306,7,3,0,Yadav,0.319,Gaya,SC,RED
8.3,0.794,76.0,8.8,0.841,6,2,0,Kumar,0.533,Mewat,SC,GREEN
3.6,0.929,89.3,10.0,0.904,5,2,0,Singh,0.764,Mumbai Suburban,General,GREEN
3.0,0.683,75.2,9.8,0.734,4,4,0,Patil,0.884,Pune,General,GREEN
5.8,0.648,72.3,3.1,0.571,4,3,0,Menon,0.398,Bengaluru Urban,General,YELLOW
8.9,0.356,18.1,0.5,0.246,11,4,0,Iyer,0.269,Kalahandi,SC,RED
1.2,0.742,78.4,8.6,0.753,3,4,3,Banerjee,0.7,Pune,OBC,GREEN
4.6,0.172,20.2,0.9,0.08,8,2,12,Patil,0.72,Kalahandi,SC,RED
2.5,0.486,53.3,7.1,0.572,5,3,14,Munda,0.831,Gaya,SC,RED
3.6,0.439,27.7,2.3,0.311,7,4,0,Singh,0.753,Pune,SC,YELLOW
6.2,0.606,62.3,6.5,0.654,5,4,0,Das,0.849,Mumbai Suburban,General,GREEN
2.7,0.515,67.7,6.6,0.665,9,2,2,Iyer,0.768,Bengaluru Urban,OBC,GREEN
3.2,0.312,44.8,2.1,0.32,6,3,7,Munda,0.864,Mewat,OBC,RED
7.8,0.596,62.1,7.1,0.735,5,4,10,Singh,0.837,Bengaluru Urban,OBC,GREEN
5.2,0.574,71.3,6.0,0.64,5,3,3,Yadav,0.69,Bengaluru Urban,OBC,GREEN
3.2,0.23,11.9,3.7,0.222,7,4,6,Kumar,0.9,Gaya,General,RED
4.0,0.461,51.8,4.4,0.392,8,2,7,Khan,0.611,Bastar,OBC,GREEN
3.7,0.758,78.5,5.9,0.698,6,3,0,Singh,0.901,Bastar,General,GREEN
0.3,0.435,47.8,1.9,0.351,5,4,7,Sharma,0.982,Mewat,ST,RED
4.0,0.791,89.5,10.0,0.943,4,4,1,Singh,0.845,Mewat,OBC,GREEN
0.8,0.283,30.8,4.1,0.357,5,2,0,Menon,0.651,Gaya,SC,YELLOW
8.7,0.452,42.5,5.0,0.4,11,4,0,Kumar,0.87,Mumbai Suburban,SC,GREEN
0.8,0.779,83.0,8.5,0.828,4,1,36,Banerjee,0.833,Bengaluru Urban,General,GREEN
2.3,0.573,48.8,6.9,0.617,3,3,0,Kumar,0.904,Gaya,General,YELLOW
1.9,0.583,57.5,7.8,0.722,6,3,0,Verma,0.742,Pune,OBC,GREEN
11.3,0.589,65.4,3.4,0.572,5,3,0,Khan,0.79,Gaya,General,YELLOW
8.5,0.477,60.5,1.9,0.462,3,4,19,Menon,0.439,Mumbai Suburban,ST,YELLOW
0.1,0.606,70.9,3.2,0.548,3,1,0,Banerjee,0.813,Bengaluru Urban,General,GREEN
3.5,0.524,41.5,5.2,0.506,6,4,0,Patil,0.751,Mumbai Suburban,ST,GREEN
1.0,0.417,57.4,5.7,0.583,6,3,12,Menon,0.853,Bengaluru Urban,OBC,GREEN
4.0,0.797,91.0,10.0,0.836,5,2,24,Menon,0.793,Bastar,OBC,GREEN
6.1,0.465,60.5,1.6,0.393,9,3,21,Menon,0.567,Pune,OBC,RED
4.4,0.618,48.1,4.7,0.484,10,3,0,Kumar,0.58,Gaya,OBC,YELLOW
6.4,0.946,84.1,9.7,0.938,9,2,0,Sharma,0.882,Pune,OBC,GREEN
2.7,0.602,77.3,7.7,0.777,4,4,16,Banerjee,0.802,Gaya,OBC,YELLOW
4.5,0.596,67.2,7.0,0.626,5,4,9,Kumar,0.879,Mumbai Suburban,General,GREEN
6.2,0.479,45.1,3.6,0.31,9,3,0,Singh,0.592,Pune,General,YELLOW
2.3,0.759,72.5,6.5,0.691,4,2,0,Munda,0.962,Pune,General,GREEN
1.4,0.768,79.2,8.0,0.832,6,4,0,Meena,0.68,Bengaluru Urban,OBC,GREEN
1.8,0.947,100.0,7.4,0.923,13,4,0,Yadav,0.808,Pune,OBC,GREEN
3.1,0.906,78.1,8.3,0.86,6,3,4,Sharma,0.647,Hyderabad,General,GREEN
3.5,0.79,89.8,6.3,0.759,4,4,0,Ansari,0.686,Mumbai Suburban,General,GREEN
4.7,0.754,85.0,8.3,0.747,7,2,0,Menon,0.729,Bastar,General,GREEN
1.6,0.775,86.9,6.4,0.787,6,2,0,Khan,0.865,Bengaluru Urban,OBC,GREEN
6.4,0.677,96.0,5.3,0.681,4,3,0,Ansari,0.676,Pune,OBC,GREEN
13.3,0.318,32.2,2.9,0.419,7,4,5,Ansari,0.856,Bengaluru Urban,SC,GREEN
1.9,0.792,88.1,9.5,0.903,4,4,1,Yadav,0.742,Bastar,OBC,GREEN
19.0,0.353,39.5,4.0,0.354,12,4,0,Menon,0.923,Pune,General,YELLOW
14.7,0.628,57.6,8.4,0.651,5,4,0,Menon,0.794,Kalahandi,General,GREEN
3.5,0.743,57.1,9.4,0.747,7,4,0,Khan,0.631,Pune,SC,GREEN
3.0,0.585,58.9,5.2,0.553,4,3,0,Yadav,0.878,Hyderabad,SC,GREEN
1.8,0.936,95.0,9.6,1.0,9,2,0,Munda,0.782,Bastar,OBC,GREEN
7.2,0.71,53.8,7.2,0.665,8,2,0,Yadav,0.482,Bengaluru Urban,OBC,GREEN
3.8,0.529,73.8,5.1,0.556,5,4,0,Kumar,0.843,Mewat,General,YELLOW
4.1,0.719,81.0,8.0,0.871,7,3,4,Yadav,0.912,Hyderabad,General,GREEN
1.4,0.589,55.8,5.8,0.578,7,4,13,Ansari,0.837,Mewat,OBC,RED
7.3,0.812,88.5,8.3,0.881,11,3,0,Iyer,0.778,Bengaluru Urban,ST,GREEN
2.8,0.813,93.2,8.2,0.825,9,3,6,Verma,0.665,Pune,OBC,GREEN
1.1,0.684,71.5,8.6,0.771,8,2,33,Paswan,0.78,Bengaluru Urban,OBC,GREEN
3.3,0.519,50.6,5.1,0.527,5,4,0,Patil,0.819,Pune,OBC,GREEN
1.5,0.711,98.8,8.2,0.745,4,2,36,Gupta,0.9,Bengaluru Urban,General,GREEN
10.1,0.784,80.0,8.9,0.925,8,4,0,Meena,0.745,Bengaluru Urban,General,GREEN
14.5,0.601,58.7,4.8,0.621,10,2,0,Paswan,0.698,Bengaluru Urban,OBC,GREEN
3.4,0.579,76.1,5.7,0.617,8,4,0,Khan,0.867,Hyderabad,OBC,GREEN
8.3,0.626,66.8,7.5,0.626,7,3,4,Sharma,0.631,Hyderabad,OBC,GREEN
8.1,0.678,75.4,10.0,0.828,8,3,1,Khan,0.873,Gaya,General,GREEN
1.8,0.825,77.8,6.9,0.769,5,3,0,Deshmukh,0.59,Gaya,General,GREEN
3.9,0.568,49.9,7.0,0.607,3,4,0,Kumar,0.795,Gaya,OBC,YELLOW
2.3,0.404,39.2,4.4,0.422,8,2,0,Ansari,0.272,Mewat,General,YELLOW
1.7,0.465,41.7,5.3,0.496,7,4,0,Munda,0.641,Bengaluru Urban,General,GREEN
8.5,0.771,81.2,6.9,0.83,3,4,0,Khan,0.676,Kalahandi,SC,GREEN
2.2,0.488,39.6,5.3,0.5,8,3,2,Singh,0.808,Kalahandi,General,YELLOW
4.7,0.676,76.6,5.8,0.622,4,4,0,Patil,0.625,Pune,OBC,GREEN
8.0,0.698,87.1,6.7,0.814,4,4,0,Banerjee,0.81,Bengaluru Urban,OBC,GREEN
10.5,0.645,49.6,7.5,0.712,6,3,0,Iyer,0.91,Bengaluru Urban,ST,GREEN
1.1,0.716,67.4,7.6,0.874,5,4,0,Ansari,0.694,Bastar,OBC,GREEN
1.2,0.775,57.9,8.0,0.662,5,2,0,Menon,0.919,Hyderabad,OBC,GREEN
4.3,0.868,83.9,7.4,0.828,8,4,0,Verma,0.834,Gaya,OBC,GREEN
0.2,0.762,74.6,6.7,0.622,3,2,0,Meena,0.808,Kalahandi,General,GREEN
1.3,0.547,56.3,6.9,0.628,4,4,0,Khan,0.73,Bengaluru Urban,General,GREEN
9.3,0.514,30.0,2.6,0.331,4,1,0,Yadav,0.597,Mumbai Suburban,ST,GREEN
6.0,0.639,77.9,4.9,0.732,6,3,0,Yadav,0.665,Pune,ST,GREEN
3.1,0.783,68.7,6.4,0.665,7,3,4,Yadav,0.373,Pune,General,GREEN
5.3,0.382,51.5,3.5,0.331,6,3,3,Das,0.704,Bengaluru Urban,General,YELLOW
6.3,0.757,73.3,9.2,0.78,5,3,0,Gupta,0.599,Pune,General,GREEN
0.7,0.542,50.5,2.3,0.327,3,4,0,Deshmukh,0.618,Pune,SC,YELLOW
2.2,0.705,70.6,6.9,0.738,5,1,0,Paswan,0.665,Bengaluru Urban,OBC,GREEN
10.2,0.651,80.7,9.1,0.686,7,3,0,Singh,0.573,Mumbai Suburban,General,GREEN
4.3,0.513,70.9,6.1,0.612,10,4,0,Kumar,0.634,Bastar,OBC,YELLOW
4.6,0.312,40.1,2.1,0.204,5,3,10,Menon,0.735,Mumbai Suburban,General,YELLOW
3.4,0.197,6.7,6.1,0.275,4,4,0,Singh,0.59,Kalahandi,OBC,RED
0.3,0.447,61.2,5.0,0.602,4,4,24,Yadav,0.595,Mumbai Suburban,OBC,YELLOW
1.9,0.69,60.6,3.8,0.577,5,3,0,Gupta,0.945,Hyderabad,OBC,GREEN
5.0,0.33,40.5,5.0,0.368,8,3,0,Ansari,0.639,Kalahandi,OBC,RED
2.2,0.594,68.8,3.7,0.549,6,3,0,Ansari,0.42,Pune,General,GREEN
1.1,0.279,41.5,6.1,0.436,10,3,1,Munda,0.938,Mewat,OBC,YELLOW
1.3,0.844,100.0,10.0,0.972,3,4,10,Kumar,0.593,Hyderabad,SC,GREEN
10.4,0.828,89.1,10.0,0.838,6,4,0,Kumar,0.766,Mumbai Suburban,General,GREEN
2.1,0.717,67.0,5.6,0.679,9,2,0,Das,0.905,Gaya,ST,GREEN
8.9,0.762,67.4,10.0,0.677,14,3,0,Kumar,0.95,Bastar,OBC,YELLOW
4.6,0.594,50.3,5.2,0.508,9,4,4,Khan,0.883,Bastar,SC,YELLOW
2.8,0.643,68.9,5.9,0.616,6,4,0,Ansari,0.381,Pune,General,YELLOW
1.6,0.727,66.9,8.0,0.764,4,4,0,Ansari,0.639,Mumbai Suburban,OBC,GREEN
6.1,0.741,76.4,10.0,0.836,9,4,0,Kumar,0.795,Mumbai Suburban,General,GREEN
8.1,0.886,83.9,10.0,0.838,11,2,0,Deshmukh,0.646,Bengaluru Urban,SC,GREEN
6.6,0.768,87.7,7.5,0.749,6,4,0,Singh,0.835,Mumbai Suburban,ST,GREEN
0.8,0.774,82.2,8.4,0.822,5,4,0,Paswan,0.384,Bengaluru Urban,ST,GREEN
2.1,0.457,55.6,4.4,0.48,6,1,0,Khan,0.784,Pune,SC,GREEN
2.4,0.532,63.1,7.7,0.615,3,4,20,Gupta,0.573,Mumbai Suburban,ST,YELLOW
0.2,0.828,71.1,9.2,0.796,3,3,0,Verma,0.938,Gaya,SC,GREEN
5.2,0.618,72.3,6.4,0.695,12,4,0,Patil,0.838,Pune,SC,GREEN
5.9,0.52,55.8,3.7,0.457,7,4,0,Iyer,0.916,Hyderabad,OBC,GREEN
5.7,0.535,58.8,7.0,0.603,12,4,36,Gupta,0.762,Gaya,OBC,RED
5.0,0.534,54.1,4.8,0.627,11,4,0,Munda,0.681,Mumbai Suburban,General,GREEN
2.6,0.796,84.5,6.6,0.696,7,3,0,Das,0.844,Mumbai Suburban,OBC,GREEN
1.5,0.823,84.6,10.0,0.797,6,4,0,Paswan,0.704,Bengaluru Urban,OBC,GREEN
2.6,0.762,94.3,8.0,0.874,6,4,13,Meena,0.68,Bengaluru Urban,OBC,GREEN
4.6,0.483,55.7,2.1,0.383,5,2,0,Yadav,0.699,Hyderabad,SC,GREEN
9.5,0.558,65.1,6.9,0.617,8,3,11,Paswan,0.899,Hyderabad,General,GREEN
3.8,0.684,93.4,7.1,0.737,6,3,0,Kumar,0.814,Pune,OBC,GREEN
3.6,0.596,53.9,5.9,0.562,3,2,0,Kumar,0.922,Mumbai Suburban,OBC,GREEN
0.3,0.829,83.1,8.7,0.923,5,4,0,Paswan,0.5,Mewat,OBC,GREEN
4.9,0.686,57.3,5.8,0.653,6,3,0,Menon,0.824,Bengaluru Urban,General,GREEN
10.1,0.635,75.4,7.0,0.739,8,3,11,Kumar,0.883,Bengaluru Urban,SC,GREEN
3.2,0.78,75.9,9.9,0.772,11,3,0,Banerjee,0.714,Gaya,OBC,GREEN
2.9,0.732,77.7,7.6,0.699,3,4,0,Paswan,0.494,Mumbai Suburban,SC,GREEN
2.4,0.715,81.3,7.1,0.604,8,3,0,Meena,0.849,Gaya,SC,YELLOW
6.3,0.769,93.7,9.1,0.832,5,4,0,Khan,0.742,Mewat,OBC,GREEN
0.3,0.627,73.8,6.9,0.733,4,4,0,Verma,0.907,Gaya,General,GREEN
8.9,0.767,75.7,7.7,0.791,5,4,0,Ansari,0.73,Kalahandi,SC,GREEN
2.8,0.419,51.8,7.4,0.548,10,4,12,Menon,0.5,Gaya,General,YELLOW
5.0,0.856,100.0,7.7,0.874,6,4,0,Verma,0.722,Pune,OBC,GREEN
6.7,0.661,61.1,7.6,0.643,6,3,0,Meena,0.559,Bengaluru Urban,SC,GREEN
1.3,0.393,52.1,1.9,0.378,5,4,0,Menon,0.79,Mumbai Suburban,General,GREEN
3.4,0.523,38.5,5.8,0.534,3,2,0,Singh,0.911,Mewat,OBC,GREEN
2.8,0.454,61.8,4.0,0.41,8,3,0,Menon,0.711,Bengaluru Urban,SC,GREEN
1.0,0.177,29.4,2.5,0.255,10,4,11,Iyer,0.951,Pune,General,YELLOW
8.0,0.787,64.9,7.4,0.772,10,2,0,Yadav,0.789,Bastar,SC,GREEN
2.5,0.32,38.5,1.2,0.254,4,3,34,Deshmukh,0.8,Bengaluru Urban,General,RED
0.9,0.596,59.6,4.0,0.566,5,3,0,Khan,0.72,Bengaluru Urban,SC,GREEN
3.6,0.771,86.6,9.5,1.0,6,3,0,Yadav,0.755,Bastar,OBC,GREEN
0.6,0.814,94.8,8.8,0.875,6,4,1,Meena,0.831,Kalahandi,General,GREEN
2.2,0.788,82.8,10.0,0.892,5,4,11,Menon,0.819,Mewat,OBC,GREEN
4.5,0.571,48.4,4.2,0.455,12,4,0,Banerjee,0.903,Bastar,OBC,YELLOW
0.5,0.884,95.0,10.0,0.954,4,4,0,Patil,0.912,Gaya,General,GREEN
6.0,0.576,65.8,7.0,0.668,5,4,0,Munda,0.814,Mewat,OBC,GREEN
3.8,0.549,52.2,7.7,0.623,3,4,0,Gupta,0.702,Pune,SC,GREEN
6.7,0.781,81.7,6.6,0.702,6,3,0,Gupta,0.398,Mewat,General,YELLOW
6.7,0.866,87.5,9.3,0.901,9,3,0,Iyer,0.812,Mumbai Suburban,SC,GREEN
2.2,0.314,23.6,2.3,0.333,5,4,0,Das,0.909,Pune,OBC,YELLOW
2.2,0.499,46.8,5.1,0.515,7,4,0,Singh,0.793,Gaya,ST,YELLOW
5.3,0.694,63.7,7.5,0.742,12,4,11,Menon,0.818,Gaya,SC,GREEN
1.1,0.369,37.0,2.2,0.308,4,4,0,Meena,0.863,Pune,SC,YELLOW
1.1,0.308,31.9,3.8,0.373,5,4,0,Verma,0.823,Bengaluru Urban,General,GREEN
1.9,0.825,77.1,10.0,0.879,5,3,0,Gupta,0.776,Bastar,OBC,GREEN
0.7,0.775,86.6,10.0,0.833,6,3,0,Iyer,0.65,Bastar,OBC,GREEN
0.9,0.523,64.4,5.3,0.582,4,4,10,Iyer,0.569,Kalahandi,SC,YELLOW
0.9,0.763,74.9,8.1,0.724,4,3,0,Banerjee,0.745,Mumbai Suburban,OBC,GREEN
2.6,0.394,42.6,4.2,0.382,6,3,4,Yadav,0.854,Mewat,OBC,RED
2.4,0.65,83.1,9.2,0.81,6,3,0,Yadav,0.567,Hyderabad,OBC,GREEN
7.6,0.571,53.8,8.9,0.681,9,4,0,Munda,0.723,Mumbai Suburban,SC,GREEN
2.6,0.434,43.2,3.7,0.353,6,4,8,Yadav,0.688,Pune,General,YELLOW
3.2,0.637,57.8,7.6,0.711,3,3,0,Deshmukh,0.77,Mumbai Suburban,OBC,GREEN
0.1,0.916,95.3,10.0,0.985,3,2,0,Munda,0.757,Pune,General,GREEN
4.2,0.8,99.9,8.2,0.838,4,3,0,Sharma,0.817,Pune,OBC,GREEN
2.8,0.805,89.0,6.7,0.711,3,3,0,Patil,0.749,Gaya,OBC,GREEN
4.5,0.647,77.6,8.0,0.734,10,4,0,Meena,0.616,Gaya,SC,GREEN
2.0,0.688,51.8,7.7,0.636,8,3,6,Sharma,0.37,Hyderabad,General,GREEN
2.6,0.56,52.7,5.3,0.545,8,4,0,Das,0.837,Hyderabad,OBC,GREEN
9.2,0.373,34.2,6.8,0.447,9,4,15,Iyer,0.925,Bastar,OBC,RED
5.2,0.557,66.3,6.1,0.51,7,3,0,Meena,0.613,Bengaluru Urban,SC,GREEN
2.7,0.801,91.1,8.5,0.835,10,4,36,Kumar,0.456,Hyderabad,SC,GREEN
1.5,0.691,39.1,8.0,0.612,4,4,0,Munda,0.368,Mewat,ST,RED
1.1,0.717,84.3,7.6,0.805,3,3,0,Sharma,0.641,Mumbai Suburban,OBC,GREEN
2.1,0.84,100.0,9.5,0.895,4,3,0,Khan,0.684,Bengaluru Urban,SC,GREEN
2.9,0.357,60.8,3.0,0.506,8,3,0,Singh,0.853,Bengaluru Urban,ST,GREEN
12.6,0.547,61.4,3.5,0.408,7,3,0,Verma,0.955,Bengaluru Urban,SC,GREEN
3.9,0.679,74.0,7.7,0.795,9,3,0,Singh,0.93,Gaya,ST,GREEN
1.8,0.751,63.7,4.3,0.595,5,3,0,Munda,0.264,Kalahandi,OBC,RED
0.1,0.735,62.1,8.5,0.778,8,4,0,Iyer,0.464,Bengaluru Urban,ST,GREEN
1.5,0.656,78.0,8.8,0.776,8,3,0,Meena,0.859,Bastar,General,GREEN
2.1,0.794,89.9,8.2,0.895,6,4,0,Ansari,0.779,Mumbai Suburban,OBC,GREEN
4.3,0.615,79.0,10.0,0.782,9,4,0,Singh,0.804,Pune,OBC,GREEN
2.2,0.498,47.3,4.5,0.419,5,4,0,Das,0.643,Mewat,OBC,YELLOW
13.0,0.521,70.8,4.6,0.634,6,2,0,Gupta,0.662,Bastar,General,GREEN
2.8,0.733,81.4,5.7,0.7,8,3,0,Yadav,0.468,Hyderabad,OBC,GREEN
7.8,0.506,48.1,4.0,0.473,6,3,0,Sharma,0.485,Pune,General,GREEN
0.5,0.104,12.2,1.1,0.174,5,4,0,Gupta,0.567,Hyderabad,OBC,YELLOW
3.3,0.821,71.0,7.9,0.722,6,3,0,Khan,0.432,Mumbai Suburban,OBC,GREEN
1.5,0.406,31.2,3.1,0.372,4,4,0,Das,0.72,Bastar,OBC,RED
7.9,0.383,47.4,5.3,0.433,6,3,16,Munda,0.643,Bengaluru Urban,ST,YELLOW
2.3,0.379,48.4,3.0,0.381,8,1,0,Munda,0.647,Gaya,OBC,GREEN
9.4,0.388,43.1,4.5,0.427,6,3,0,Sharma,0.873,Mumbai Suburban,General,GREEN
5.9,0.777,100.0,7.4,0.764,5,4,9,Iyer,0.752,Bengaluru Urban,SC,GREEN
2.1,0.563,55.3,4.8,0.493,5,4,0,Banerjee,0.612,Gaya,ST,YELLOW
1.0,0.455,35.2,8.2,0.61,5,4,0,Banerjee,0.718,Kalahandi,General,YELLOW
1.6,0.876,93.1,7.9,0.91,3,3,0,Munda,0.832,Gaya,General,GREEN
2.6,0.508,47.4,6.4,0.538,3,4,0,Sharma,0.871,Mumbai Suburban,General,GREEN
5.9,0.714,72.5,6.8,0.718,7,3,0,Kumar,0.811,Bengaluru Urban,SC,GREEN
3.4,0.339,67.2,3.2,0.429,12,3,9,Das,0.957,Bengaluru Urban,SC,GREEN
6.8,0.749,85.9,8.1,0.874,4,3,0,Munda,0.861,Bengaluru Urban,SC,GREEN
9.9,0.806,72.4,6.8,0.727,10,2,0,Khan,0.853,Pune,OBC,GREEN
3.5,0.568,69.1,5.5,0.615,4,3,2,Sharma,0.389,Mumbai Suburban,General,YELLOW
1.2,0.707,61.3,5.9,0.694,4,4,0,Gupta,0.435,Mewat,ST,GREEN
4.7,0.657,48.1,8.6,0.627,3,1,5,Khan,0.731,Mumbai Suburban,General,GREEN
14.1,0.764,92.3,6.2,0.847,8,3,0,Khan,0.88,Hyderabad,ST,GREEN
7.1,0.849,82.9,8.9,0.779,8,2,0,Deshmukh,0.84,Mewat,SC,GREEN
4.4,0.755,78.6,8.6,0.882,6,4,0,Das,0.711,Pune,ST,GREEN
1.4,0.918,70.2,7.7,0.778,6,2,0,Ansari,0.712,Mewat,OBC,GREEN
2.9,0.398,31.6,1.5,0.276,3,2,0,Gupta,0.49,Gaya,General,YELLOW
0.5,0.772,79.2,5.6,0.613,4,1,0,Deshmukh,0.596,Mumbai Suburban,OBC,GREEN
1.0,0.438,32.1,2.5,0.314,9,3,0,Kumar,0.872,Bastar,General,RED
4.8,0.306,36.1,3.4,0.284,6,4,0,Patil,0.853,Mumbai Suburban,General,YELLOW
0.4,0.743,94.8,9.1,0.837,3,3,0,Gupta,0.711,Mumbai Suburban,OBC,GREEN
2.5,0.475,44.7,4.5,0.45,5,1,0,Patil,0.797,Bastar,General,GREEN
0.8,0.763,95.2,8.8,0.913,6,4,36,Singh,0.766,Hyderabad,OBC,GREEN
1.0,0.89,89.6,7.5,0.856,4,4,0,Gupta,0.675,Bengaluru Urban,General,GREEN
3.6,0.803,69.8,5.4,0.696,7,3,0,Iyer,0.692,Kalahandi,General,GREEN
1.6,0.357,35.1,4.6,0.335,6,4,0,Munda,0.707,Bengaluru Urban,General,YELLOW
0.6,0.795,90.0,6.0,0.721,7,4,0,Deshmukh,0.397,Bastar,General,YELLOW
2.0,0.545,61.6,4.1,0.614,7,3,9,Das,0.646,Bastar,General,YELLOW
0.6,0.619,64.9,5.9,0.583,6,3,0,Verma,0.857,Mumbai Suburban,OBC,GREEN
8.9,0.444,44.3,5.3,0.555,10,4,4,Verma,0.855,Bengaluru Urban,General,GREEN
6.1,0.706,57.9,8.2,0.69,5,4,0,Banerjee,0.804,Bastar,SC,GREEN
6.1,0.255,47.2,4.2,0.382,3,4,7,Verma,0.914,Mewat,General,RED
1.5,0.678,78.7,5.5,0.725,3,3,33,Patil,0.441,Hyderabad,SC,GREEN
4.9,0.674,62.0,8.1,0.765,3,4,2,Munda,0.919,Kalahandi,SC,GREEN
4.1,0.738,77.6,8.1,0.769,5,2,24,Iyer,0.956,Gaya,OBC,GREEN
1.6,0.698,69.5,6.2,0.652,7,4,0,Menon,0.884,Pune,OBC,GREEN
3.2,0.704,73.5,5.4,0.657,7,2,5,Paswan,0.598,Hyderabad,OBC,GREEN
0.5,0.688,62.0,7.7,0.71,3,4,2,Patil,0.646,Bastar,ST,GREEN
1.1,0.876,88.8,10.0,0.966,7,4,6,Iyer,0.736,Gaya,ST,GREEN
3.1,0.443,48.8,5.8,0.504,5,4,0,Kumar,0.782,Bengaluru Urban,OBC,GREEN
2.1,0.725,100.0,7.3,0.849,9,3,17,Singh,0.495,Pune,OBC,GREEN
4.6,0.552,69.3,6.5,0.714,3,2,3,Kumar,0.799,Bastar,General,GREEN
1.6,0.808,93.7,10.0,0.934,4,3,0,Das,0.826,Pune,SC,GREEN
2.4,0.285,32.6,3.8,0.346,3,3,0,Patil,0.74,Hyderabad,ST,YELLOW
3.3,0.684,76.4,7.6,0.66,11,4,0,Iyer,0.61,Gaya,General,GREEN
1.5,0.83,98.7,9.9,0.804,4,2,8,Ansari,0.687,Bengaluru Urban,SC,GREEN
2.4,0.755,65.8,8.7,0.78,11,2,6,Das,0.872,Mewat,OBC,GREEN
4.1,0.231,6.6,0.8,0.121,6,3,5,Yadav,0.953,Gaya,ST,RED
10.9,0.776,63.5,8.5,0.728,9,3,0,Munda,0.626,Mumbai Suburban,General,GREEN
1.5,0.786,77.4,9.9,0.862,8,4,0,Meena,0.874,Mewat,SC,GREEN
2.1,0.541,57.1,7.3,0.611,5,2,36,Ansari,0.452,Mumbai Suburban,OBC,GREEN
7.0,0.803,74.8,7.1,0.81,7,3,0,Khan,0.484,Mewat,OBC,GREEN
8.4,0.688,65.8,6.7,0.676,3,3,0,Munda,0.699,Pune,General,GREEN
5.3,0.438,35.3,4.6,0.38,5,2,0,Patil,0.669,Pune,General,GREEN
8.3,0.61,75.5,5.9,0.701,7,2,12,Ansari,0.749,Hyderabad,OBC,GREEN
1.4,0.674,37.2,9.6,0.658,6,4,1,Verma,0.839,Mewat,General,GREEN
7.7,0.57,62.9,6.9,0.656,7,4,0,Ansari,0.812,Mewat,General,GREEN
6.3,0.798,82.1,8.4,0.796,6,4,0,Kumar,0.599,Mumbai Suburban,General,GREEN
1.0,0.652,84.6,8.7,0.757,3,3,0,Yadav,0.788,Mumbai Suburban,OBC,GREEN
2.5,0.403,55.9,3.6,0.445,8,3,7,Patil,0.613,Pune,OBC,GREEN
0.2,0.318,14.5,0.6,0.175,6,3,0,Meena,0.776,Kalahandi,OBC,RED
3.8,0.459,27.2,5.7,0.458,4,3,0,Verma,0.573,Bastar,OBC,YELLOW
7.5,0.464,40.0,6.8,0.501,7,4,0,Verma,0.789,Bengaluru Urban,OBC,GREEN
2.0,0.942,100.0,9.7,0.879,5,3,0,Singh,0.855,Hyderabad,General,GREEN
1.2,0.488,26.6,3.9,0.36,9,2,0,Gupta,0.604,Kalahandi,OBC,YELLOW
1.1,0.891,90.2,7.5,0.887,4,1,0,Paswan,0.967,Bengaluru Urban,OBC,GREEN
3.3,0.813,93.4,6.8,0.794,13,3,0,Ansari,0.627,Pune,SC,GREEN
5.3,0.513,46.0,6.1,0.515,3,2,0,Singh,0.662,Bengaluru Urban,SC,GREEN
11.1,0.716,67.8,8.9,0.811,9,4,0,Das,0.556,Pune,OBC,GREEN
10.1,0.559,39.4,7.5,0.532,9,4,0,Iyer,0.881,Bengaluru Urban,OBC,GREEN
4.0,0.722,92.3,7.7,0.728,3,4,0,Iyer,0.549,Hyderabad,General,GREEN
7.3,0.881,95.0,7.6,0.856,8,3,0,Paswan,0.557,Mewat,OBC,GREEN
6.0,0.739,99.1,7.6,0.806,7,3,10,Singh,0.916,Mumbai Suburban,ST,GREEN
3.5,0.543,64.5,7.6,0.601,5,3,9,Deshmukh,0.937,Mumbai Suburban,General,GREEN
3.4,0.442,43.6,3.4,0.397,5,3,0,Yadav,0.561,Kalahandi,OBC,YELLOW
4.7,0.517,63.6,5.5,0.592,5,4,0,Munda,0.924,Mumbai Suburban,OBC,GREEN
2.6,0.701,76.6,6.0,0.689,4,3,2,Paswan,0.713,Pune,OBC,GREEN
2.8,0.634,32.2,5.8,0.527,7,3,0,Khan,0.661,Mewat,OBC,YELLOW
1.5,0.594,68.5,4.7,0.674,6,4,0,Menon,0.69,Bastar,SC,GREEN
2.0,0.871,94.3,8.7,0.878,6,2,0,Iyer,0.689,Bastar,SC,GREEN
13.2,0.614,85.1,5.2,0.676,10,4,23,Munda,0.902,Hyderabad,General,GREEN
2.6,0.626,72.2,5.6,0.611,8,3,0,Kumar,0.909,Bengaluru Urban,SC,GREEN
2.0,0.786,88.2,9.6,0.834,5,4,0,Menon,0.639,Bastar,OBC,GREEN
2.1,0.655,46.3,6.6,0.563,7,2,0,Ansari,0.29,Kalahandi,SC,YELLOW
2.9,0.698,68.8,8.5,0.721,6,3,3,Patil,0.632,Gaya,OBC,GREEN
12.1,0.925,90.9,8.5,0.913,15,4,0,Iyer,0.373,Bengaluru Urban,General,GREEN
11.7,0.529,80.4,4.6,0.715,12,4,14,Munda,0.94,Hyderabad,OBC,GREEN
7.3,0.635,70.3,6.7,0.634,3,4,0,Meena,0.849,Bengaluru Urban,SC,GREEN
1.0,0.448,43.2,3.6,0.393,4,4,0,Yadav,0.464,Gaya,General,RED
7.2,0.788,68.6,10.0,0.822,6,3,0,Banerjee,0.818,Mewat,General,GREEN
2.9,0.727,75.1,6.7,0.736,6,4,10,Verma,0.273,Hyderabad,SC,GREEN
5.6,0.468,35.6,5.9,0.485,8,2,0,Singh,0.812,Bengaluru Urban,OBC,GREEN
1.6,0.732,80.7,9.9,0.907,5,2,0,Kumar,0.76,Pune,General,GREEN
6.3,0.84,95.0,7.6,0.729,6,3,0,Khan,0.488,Pune,General,GREEN
6.6,0.615,69.0,5.9,0.512,4,3,0,Khan,0.644,Hyderabad,OBC,GREEN
4.0,0.51,63.9,5.0,0.525,7,3,0,Singh,0.672,Pune,ST,GREEN
5.7,0.713,68.3,3.6,0.64,6,4,5,Kumar,0.45,Mumbai Suburban,SC,GREEN
5.6,0.633,57.9,5.4,0.506,5,3,8,Munda,0.437,Pune,OBC,GREEN
1.8,0.729,82.8,6.0,0.569,8,2,21,Yadav,0.943,Mewat,SC,YELLOW
10.0,0.499,49.3,5.2,0.533,4,4,0,Patil,0.451,Kalahandi,OBC,YELLOW
2.4,0.892,95.0,7.1,0.863,3,4,0,Khan,0.856,Gaya,OBC,GREEN
0.5,0.6,64.2,5.6,0.546,6,4,0,Verma,0.328,Kalahandi,ST,RED
9.8,0.482,52.5,5.5,0.47,6,3,0,Patil,0.494,Pune,OBC,GREEN
3.7,0.626,64.6,7.4,0.622,5,1,0,Ansari,0.567,Mumbai Suburban,General,GREEN
6.4,0.776,100.0,6.8,0.824,6,4,29,Khan,0.387,Mumbai Suburban,OBC,YELLOW
3.5,0.689,71.0,7.0,0.668,11,3,0,Yadav,0.328,Bengaluru Urban,OBC,GREEN
0.6,0.51,58.4,5.1,0.559,6,1,0,Yadav,0.697,Pune,OBC,GREEN
2.5,0.796,82.7,7.8,0.658,6,3,5,Singh,0.703,Kalahandi,General,GREEN
3.5,0.72,55.3,7.2,0.621,4,4,0,Singh,0.939,Gaya,OBC,GREEN
6.6,0.667,61.6,8.6,0.658,7,3,18,Patil,0.627,Mewat,General,YELLOW
3.9,0.782,90.9,5.3,0.728,11,3,16,Kumar,0.388,Mumbai Suburban,General,YELLOW
2.5,0.487,51.7,5.4,0.488,7,4,8,Meena,0.678,Kalahandi,General,YELLOW
2.7,0.301,20.6,4.1,0.346,9,4,0,Banerjee,0.751,Bastar,General,RED
6.2,0.831,98.9,8.0,0.78,5,4,0,Ansari,0.876,Hyderabad,General,GREEN
6.9,0.796,64.6,6.5,0.7,5,4,0,Iyer,0.771,Gaya,SC,GREEN
1.2,0.253,28.3,0.2,0.213,3,3,0,Meena,0.497,Hyderabad,ST,YELLOW
3.8,0.608,47.1,6.3,0.662,3,1,0,Singh,0.877,Kalahandi,OBC,GREEN
6.8,0.439,63.7,5.6,0.521,5,4,0,Munda,0.587,Bengaluru Urban,SC,GREEN
11.9,0.473,77.5,5.4,0.612,8,4,0,Gupta,0.234,Pune,OBC,YELLOW
9.6,0.36,32.9,5.3,0.316,5,4,0,Deshmukh,0.921,Gaya,OBC,RED
0.6,0.745,91.0,9.9,0.762,5,3,18,Paswan,0.84,Gaya,SC,YELLOW
3.4,0.541,71.8,3.0,0.562,3,3,0,Patil,0.665,Mumbai Suburban,SC,GREEN
0.6,0.489,62.9,6.5,0.589,8,4,0,Ansari,0.613,Pune,General,GREEN
11.2,0.785,91.4,7.6,0.879,7,4,0,Khan,0.615,Mumbai Suburban,ST,GREEN
4.2,0.827,64.9,6.6,0.643,9,4,0,Banerjee,0.853,Bastar,ST,GREEN
6.9,0.579,69.6,7.1,0.688,11,3,0,Singh,0.864,Mewat,General,GREEN
1.3,0.484,57.0,5.6,0.631,3,3,0,Verma,0.649,Pune,General,GREEN
1.8,0.499,60.6,7.6,0.643,6,3,8,Yadav,0.591,Hyderabad,ST,GREEN
4.8,0.37,41.2,3.4,0.388,8,4,0,Menon,0.502,Hyderabad,OBC,GREEN
9.1,0.538,51.4,5.4,0.531,5,2,0,Menon,0.888,Mewat,SC,GREEN
0.3,0.704,67.8,4.8,0.542,8,3,0,Yadav,0.717,Kalahandi,OBC,YELLOW
8.3,0.708,80.2,10.0,0.904,6,4,21,Sharma,0.661,Hyderabad,OBC,GREEN
4.3,0.825,77.7,6.7,0.727,6,4,0,Khan,0.813,Pune,OBC,GREEN
0.2,0.359,41.0,2.9,0.378,5,4,0,Singh,0.585,Bastar,SC,RED
6.2,0.683,71.7,5.8,0.582,6,3,0,Yadav,0.719,Bengaluru Urban,General,GREEN
6.5,0.461,38.2,5.4,0.402,5,4,0,Munda,0.794,Gaya,ST,YELLOW
3.6,0.658,71.7,5.8,0.723,3,3,5,Sharma,0.982,Bengaluru Urban,OBC,GREEN
2.0,0.338,42.2,6.3,0.446,5,4,18,Patil,0.719,Bastar,General,RED
1.4,0.796,89.6,8.9,0.933,6,4,0,Paswan,0.945,Mumbai Suburban,General,GREEN
5.2,0.741,68.8,5.2,0.646,3,1,0,Deshmukh,0.581,Mewat,ST,GREEN
0.7,0.856,91.8,10.0,0.833,3,3,0,Yadav,0.585,Bastar,General,GREEN
10.4,0.485,45.8,6.7,0.582,10,4,0,Singh,0.995,Mewat,OBC,YELLOW
1.5,0.763,74.3,7.0,0.706,3,3,0,Deshmukh,0.607,Kalahandi,OBC,GREEN
7.6,0.589,61.7,4.7,0.594,5,3,0,Das,0.854,Bastar,General,YELLOW
6.4,0.457,54.5,4.2,0.475,5,4,0,Kumar,0.437,Hyderabad,General,GREEN
4.6,0.412,53.3,5.6,0.425,3,3,0,Banerjee,0.629,Mewat,OBC,YELLOW
8.1,0.706,94.1,6.9,0.787,7,4,26,Singh,0.901,Hyderabad,General,GREEN
1.2,0.679,67.4,8.7,0.851,5,3,0,Yadav,0.81,Kalahandi,OBC,GREEN
7.7,0.852,76.1,8.2,0.836,3,4,0,Gupta,0.761,Bengaluru Urban,General,GREEN
7.5,0.574,69.2,8.0,0.686,10,3,0,Paswan,0.606,Hyderabad,ST,GREEN
7.5,0.705,88.7,6.0,0.784,8,3,24,Singh,0.729,Pune,SC,GREEN
5.4,0.418,44.0,3.1,0.4,7,2,0,Menon,0.627,Pune,SC,GREEN
1.1,0.341,46.8,3.6,0.4,7,4,0,Sharma,0.868,Mumbai Suburban,OBC,GREEN
2.4,0.29,30.3,1.9,0.206,4,3,0,Sharma,0.749,Bengaluru Urban,ST,YELLOW
8.3,0.735,57.5,7.8,0.708,6,3,0,Das,0.77,Kalahandi,OBC,GREEN
2.5,0.734,64.7,6.8,0.739,6,2,0,Singh,0.697,Hyderabad,General,GREEN
1.2,0.601,31.1,6.2,0.469,4,3,0,Meena,0.737,Mewat,OBC,YELLOW
16.5,0.325,49.9,3.9,0.476,4,3,18,Deshmukh,0.673,Bengaluru Urban,SC,YELLOW
0.4,0.464,40.7,2.7,0.376,4,2,1,Iyer,0.725,Kalahandi,ST,GREEN
2.1,0.619,83.5,7.5,0.69,3,4,10,Banerjee,0.574,Bengaluru Urban,OBC,GREEN
6.0,0.529,60.5,5.1,0.598,4,2,0,Khan,0.788,Bengaluru Urban,General,GREEN
17.6,0.951,90.2,8.0,0.87,15,2,0,Patil,0.786,Mumbai Suburban,OBC,GREEN
2.8,0.322,23.9,5.6,0.412,6,3,0,Verma,0.768,Mewat,OBC,YELLOW
2.6,0.503,42.5,6.0,0.495,5,3,0,Verma,0.73,Mewat,General,YELLOW
3.3,0.784,100.0,9.4,0.905,8,3,5,Sharma,0.704,Mumbai Suburban,OBC,GREEN
1.2,0.843,87.8,7.7,0.855,6,3,0,Khan,0.913,Hyderabad,OBC,GREEN
0.8,0.695,71.7,4.0,0.619,3,3,4,Munda,0.61,Bengaluru Urban,OBC,GREEN
7.7,0.502,53.1,8.1,0.515,6,3,0,Deshmukh,0.858,Kalahandi,General,YELLOW
3.8,0.438,32.9,5.1,0.37,5,4,0,Khan,0.807,Bengaluru Urban,OBC,GREEN
0.3,0.78,79.0,8.8,0.863,10,3,0,Banerjee,0.746,Bengaluru Urban,ST,GREEN
1.1,0.853,81.7,9.5,0.867,9,4,0,Singh,0.504,Mumbai Suburban,OBC,GREEN
11.5,0.33,27.3,4.4,0.321,9,4,0,Paswan,0.575,Mumbai Suburban,General,YELLOW
9.5,0.643,61.7,4.8,0.512,12,2,0,Munda,0.631,Pune,General,GREEN
1.5,0.857,91.1,7.5,0.785,7,3,0,Singh,0.883,Bengaluru Urban,General,GREEN
5.3,0.784,70.8,5.3,0.573,6,3,0,Verma,0.424,Mumbai Suburban,OBC,GREEN
0.6,0.721,68.5,8.5,0.747,3,3,0,Ansari,0.928,Gaya,OBC,GREEN
2.1,0.566,57.4,3.8,0.477,5,1,0,Banerjee,0.62,Pune,SC,GREEN
4.6,0.412,53.7,3.1,0.371,7,3,13,Yadav,0.924,Kalahandi,General,RED
2.2,0.732,75.5,6.9,0.722,5,4,0,Banerjee,0.76,Mumbai Suburban,SC,GREEN
3.2,0.26,34.3,2.7,0.309,6,3,0,Yadav,0.782,Pune,SC,YELLOW
1.7,0.655,67.0,5.5,0.73,9,4,0,Singh,0.226,Pune,General,GREEN
0.6,0.591,76.9,5.7,0.568,4,3,0,Menon,0.62,Hyderabad,SC,GREEN
9.6,0.755,80.9,7.3,0.823,5,4,0,Meena,0.412,Mewat,General,GREEN
0.3,0.483,46.6,7.1,0.602,4,3,0,Deshmukh,0.823,Bengaluru Urban,OBC,GREEN
6.0,0.727,67.8,7.8,0.689,7,4,0,Yadav,0.6,Mewat,OBC,GREEN
2.9,0.312,48.1,6.2,0.481,6,3,36,Verma,0.73,Mumbai Suburban,OBC,YELLOW
9.8,0.376,37.3,5.1,0.397,6,4,6,Patil,0.818,Bengaluru Urban,OBC,GREEN
2.9,0.783,59.0,6.9,0.697,3,3,0,Banerjee,0.952,Bastar,OBC,GREEN
4.0,0.647,67.7,5.7,0.707,7,4,0,Menon,0.739,Gaya,OBC,GREEN
3.1,0.726,73.8,4.9,0.682,3,3,1,Khan,0.4,Pune,ST,GREEN
5.7,0.935,95.0,9.1,0.957,3,2,0,Paswan,0.796,Gaya,OBC,GREEN
1.2,0.62,75.4,7.1,0.673,5,3,7,Deshmukh,0.786,Pune,General,GREEN
2.1,0.811,87.6,9.5,0.805,3,4,0,Patil,0.931,Gaya,OBC,GREEN
9.3,0.613,94.5,7.2,0.749,9,4,36,Das,0.882,Kalahandi,SC,YELLOW
6.2,0.75,87.8,8.4,0.883,10,3,0,Khan,0.574,Bastar,General,GREEN
4.6,0.698,71.3,4.2,0.534,5,3,6,Banerjee,0.44,Pune,OBC,GREEN
4.1,0.691,78.4,7.8,0.699,3,3,0,Ansari,0.762,Bengaluru Urban,SC,GREEN
2.4,0.897,95.8,8.7,0.915,6,3,0,Gupta,0.856,Pune,OBC,GREEN
2.8,0.503,58.0,4.7,0.468,3,4,0,Menon,0.792,Mumbai Suburban,General,GREEN
4.6,0.846,68.9,8.0,0.739,6,3,0,Paswan,0.716,Kalahandi,OBC,GREEN
6.6,0.521,57.6,7.5,0.594,5,2,0,Verma,0.728,Kalahandi,OBC,GREEN
4.6,0.67,49.0,5.4,0.498,6,3,0,Ansari,0.68,Mumbai Suburban,General,GREEN
6.5,0.46,45.8,5.6,0.444,3,1,0,Sharma,0.743,Hyderabad,OBC,GREEN
5.5,0.672,54.6,7.1,0.678,4,3,0,Yadav,0.734,Pune,SC,GREEN
2.4,0.417,34.6,1.1,0.226,7,3,4,Patil,0.351,Mewat,OBC,RED
2.1,0.835,93.6,9.2,0.817,3,3,9,Verma,0.741,Bastar,OBC,GREEN
0.7,0.262,34.9,0.0,0.172,8,4,0,Banerjee,0.698,Kalahandi,OBC,RED
5.8,0.787,93.9,10.0,0.945,8,4,0,Deshmukh,0.793,Hyderabad,General,GREEN
7.4,0.831,86.1,8.3,0.831,7,3,0,Sharma,0.819,Mumbai Suburban,OBC,GREEN
3.2,0.175,40.4,4.7,0.326,10,3,34,Khan,0.761,Mumbai Suburban,General,RED
0.9,0.405,44.9,6.6,0.507,8,4,0,Gupta,0.868,Hyderabad,SC,GREEN
1.0,0.722,70.1,6.9,0.617,8,3,0,Das,0.726,Pune,SC,GREEN
1.4,0.204,19.1,2.1,0.226,7,2,0,Meena,0.797,Kalahandi,OBC,YELLOW
2.0,0.246,20.4,3.2,0.276,3,4,0,Das,0.57,Bengaluru Urban,OBC,YELLOW
2.3,0.235,27.2,5.7,0.339,7,3,0,Paswan,0.853,Mumbai Suburban,General,YELLOW
3.6,0.663,61.5,6.8,0.703,7,4,0,Verma,0.7,Mewat,OBC,GREEN
12.1,0.696,54.1,7.4,0.603,5,4,0,Kumar,0.838,Bastar,ST,YELLOW
5.4,0.823,80.6,6.1,0.803,6,2,3,Khan,0.576,Gaya,General,GREEN
8.7,0.709,72.3,6.2,0.692,6,3,1,Gupta,0.77,Mewat,SC,GREEN
1.4,0.572,68.7,5.5,0.586,6,3,0,Deshmukh,0.703,Gaya,OBC,YELLOW
1.8,0.581,52.4,9.1,0.671,9,4,22,Ansari,0.561,Bengaluru Urban,ST,GREEN
3.7,0.636,61.4,9.7,0.735,6,4,0,Patil,0.749,Mumbai Suburban,SC,GREEN
4.7,0.923,95.0,10.0,1.0,8,2,0,Patil,0.946,Bastar,OBC,GREEN
2.1,0.708,76.1,8.1,0.706,5,3,3,Gupta,0.915,Kalahandi,General,GREEN
3.5,0.536,55.9,6.4,0.54,9,2,0,Menon,0.823,Mewat,General,GREEN
10.9,0.925,100.0,8.2,0.967,8,1,0,Banerjee,0.743,Bengaluru Urban,SC,GREEN
2.2,0.49,46.4,7.5,0.538,3,3,0,Khan,0.83,Bengaluru Urban,SC,GREEN
2.4,0.835,74.8,6.7,0.796,5,3,0,Meena,0.771,Bastar,SC,GREEN
1.1,0.601,68.7,5.8,0.708,6,3,0,Kumar,0.678,Bastar,ST,GREEN
9.9,0.571,68.5,7.2,0.639,8,3,0,Munda,0.821,Pune,OBC,GREEN
0.3,0.79,77.8,6.2,0.763,6,3,0,Sharma,0.499,Mewat,General,GREEN
4.1,0.726,71.1,10.0,0.755,12,4,0,Kumar,0.592,Kalahandi,General,GREEN
3.6,0.814,76.7,9.6,0.885,10,4,0,Menon,0.76,Pune,General,GREEN
1.6,0.634,87.1,8.6,0.798,5,2,36,Singh,0.939,Hyderabad,General,GREEN
1.4,0.52,72.3,3.1,0.541,5,3,0,Menon,0.422,Kalahandi,ST,YELLOW
2.1,0.596,70.8,7.9,0.666,4,4,1,Patil,0.684,Bastar,SC,GREEN
1.6,0.632,74.8,6.5,0.594,4,3,0,Kumar,0.288,Bengaluru Urban,OBC,YELLOW
1.3,0.592,65.1,8.3,0.716,4,2,0,Banerjee,0.821,Mumbai Suburban,OBC,GREEN
3.4,0.453,53.6,1.7,0.283,6,3,0,Iyer,0.905,Mumbai Suburban,General,YELLOW
1.5,0.559,43.3,4.9,0.478,9,4,0,Kumar,0.501,Pune,ST,GREEN
4.3,0.398,35.0,5.0,0.463,6,3,3,Deshmukh,0.562,Gaya,OBC,YELLOW
5.2,0.575,65.7,6.3,0.63,8,2,0,Iyer,0.637,Pune,General,GREEN
2.6,0.453,36.8,5.0,0.538,5,3,0,Khan,0.651,Mewat,General,YELLOW
3.4,0.538,50.4,3.1,0.502,8,2,0,Munda,0.913,Kalahandi,General,GREEN
9.8,0.53,64.6,6.1,0.563,4,3,0,Yadav,0.594,Bastar,ST,YELLOW
5.9,0.841,95.8,8.9,0.898,5,2,3,Ansari,0.788,Bengaluru Urban,OBC,GREEN
0.7,0.439,58.3,4.9,0.502,7,3,0,Banerjee,0.501,Mumbai Suburban,SC,GREEN
7.1,0.401,42.9,3.0,0.298,3,4,0,Das,0.42,Kalahandi,OBC,RED
14.2,0.617,74.6,8.1,0.677,6,4,5,Ansari,0.82,Bengaluru Urban,OBC,GREEN
6.8,0.571,54.7,6.0,0.545,3,4,0,Yadav,0.688,Kalahandi,OBC,YELLOW
3.3,0.454,62.4,3.2,0.364,3,4,0,Sharma,0.6,Bastar,OBC,RED
6.2,0.841,68.2,8.5,0.793,7,3,0,Singh,0.481,Bastar,OBC,GREEN
6.1,0.536,59.2,7.9,0.627,8,3,0,Patil,0.603,Bengaluru Urban,OBC,GREEN
7.3,0.838,79.1,8.8,0.753,3,3,0,Kumar,0.535,Bastar,OBC,GREEN
2.8,0.421,48.9,6.0,0.524,7,3,0,Banerjee,0.754,Kalahandi,SC,YELLOW
0.6,0.813,83.0,6.3,0.793,4,4,4,Meena,0.732,Pune,SC,GREEN
2.3,0.753,100.0,8.6,0.882,8,4,25,Munda,0.811,Bengaluru Urban,ST,GREEN
4.2,0.599,74.1,3.9,0.56,7,3,0,Singh,0.948,Hyderabad,General,GREEN
9.2,0.621,52.1,6.9,0.64,6,3,0,Das,0.443,Gaya,SC,GREEN
6.6,0.554,28.7,3.3,0.424,5,2,6,Kumar,0.805,Pune,OBC,GREEN
2.9,0.797,73.3,7.8,0.785,9,4,5,Deshmukh,0.635,Pune,OBC,GREEN
3.4,0.841,89.7,9.2,0.845,5,3,0,Banerjee,0.731,Kalahandi,OBC,GREEN
0.1,0.795,81.9,9.7,0.875,6,4,0,Sharma,0.635,Mumbai Suburban,ST,GREEN
3.6,0.663,65.5,7.9,0.762,5,3,0,Meena,0.74,Bengaluru Urban,OBC,GREEN
0.9,0.527,45.5,6.0,0.498,6,4,0,Sharma,0.378,Mewat,General,RED
14.2,0.631,76.3,8.0,0.836,7,3,6,Khan,0.761,Hyderabad,General,GREEN
1.0,0.209,22.6,4.5,0.269,7,4,0,Kumar,0.76,Mumbai Suburban,OBC,YELLOW
0.1,0.24,22.7,0.6,0.177,8,1,7,Singh,0.838,Mewat,OBC,YELLOW
1.9,0.818,86.8,7.5,0.778,7,2,0,Banerjee,0.607,Mewat,OBC,GREEN
9.0,0.559,71.5,5.3,0.612,10,3,0,Banerjee,0.301,Kalahandi,OBC,RED
3.4,0.399,28.8,6.9,0.372,3,4,0,Patil,0.906,Bastar,General,RED
4.7,0.765,88.3,7.4,0.769,3,4,0,Kumar,0.773,Bastar,OBC,GREEN
1.2,0.425,41.4,7.7,0.482,5,3,1,Yadav,0.609,Gaya,OBC,YELLOW
2.7,0.357,44.8,4.1,0.412,3,2,0,Singh,0.844,Bengaluru Urban,General,GREEN
4.8,0.586,70.2,5.3,0.656,3,4,6,Deshmukh,0.841,Pune,General,GREEN
1.6,0.714,71.6,5.4,0.689,5,2,0,Kumar,0.517,Pune,OBC,GREEN
6.0,0.703,76.0,8.6,0.656,4,3,0,Singh,0.551,Hyderabad,SC,GREEN
2.0,0.666,78.2,6.2,0.791,6,3,1,Paswan,0.952,Mumbai Suburban,ST,GREEN
1.3,0.64,58.1,6.5,0.638,8,4,0,Verma,0.54,Mumbai Suburban,SC,GREEN
5.9,0.52,45.6,5.9,0.483,8,4,0,Ansari,0.921,Bengaluru Urban,OBC,GREEN
1.8,0.638,92.6,7.5,0.779,12,2,15,Verma,0.832,Bengaluru Urban,General,GREEN
4.3,0.53,64.6,8.7,0.691,4,4,0,Paswan,0.696,Bastar,General,GREEN
3.7,0.617,76.6,7.3,0.671,6,3,0,Kumar,0.734,Pune,SC,GREEN
7.1,0.612,59.6,5.7,0.603,8,4,0,Paswan,0.726,Mewat,General,YELLOW
4.0,0.505,39.1,4.4,0.415,6,4,0,Yadav,0.59,Mumbai Suburban,ST,GREEN
5.1,0.538,53.5,8.4,0.617,7,4,2,Yadav,0.824,Pune,OBC,GREEN
0.2,0.473,56.4,4.5,0.461,6,3,4,Deshmukh,0.768,Mumbai Suburban,OBC,GREEN
13.3,0.69,85.6,8.3,0.72,5,4,0,Das,0.606,Bengaluru Urban,OBC,GREEN
5.0,0.575,66.8,6.5,0.638,5,3,1,Paswan,0.729,Bengaluru Urban,OBC,GREEN
3.8,0.525,57.0,6.4,0.608,7,4,0,Meena,0.802,Gaya,SC,YELLOW
0.4,0.502,48.5,7.6,0.608,10,3,0,Verma,0.731,Mewat,General,YELLOW
10.4,0.417,53.2,5.1,0.527,10,4,0,Paswan,0.667,Pune,General,GREEN
3.1,0.649,60.8,8.2,0.709,7,4,0,Gupta,0.616,Bengaluru Urban,General,GREEN
7.7,0.467,56.0,6.4,0.529,7,3,33,Kumar,0.502,Kalahandi,General,RED
2.1,0.735,76.2,7.2,0.781,7,4,4,Munda,0.839,Bengaluru Urban,SC,GREEN
3.1,0.4,59.5,5.2,0.437,8,4,0,Verma,0.693,Bengaluru Urban,OBC,GREEN
0.6,0.624,38.8,5.8,0.486,3,4,0,Yadav,0.751,Bengaluru Urban,SC,GREEN
6.1,0.245,36.0,2.0,0.22,7,3,16,Paswan,0.535,Bengaluru Urban,OBC,RED
3.0,0.339,31.4,4.3,0.415,4,2,4,Khan,0.848,Gaya,OBC,GREEN
8.3,0.91,77.5,10.0,0.942,3,3,0,Verma,0.879,Mumbai Suburban,ST,GREEN
3.5,0.786,91.0,7.4,0.836,6,4,0,Paswan,0.344,Mumbai Suburban,OBC,GREEN
8.7,0.51,54.7,5.6,0.593,3,4,0,Verma,0.594,Pune,OBC,GREEN
9.2,0.455,40.9,4.9,0.407,5,4,0,Banerjee,0.656,Mumbai Suburban,SC,GREEN
3.4,0.355,58.7,3.2,0.438,12,4,14,Gupta,0.599,Mumbai Suburban,ST,YELLOW
1.9,0.365,29.0,0.9,0.242,3,2,0,Yadav,0.571,Mumbai Suburban,ST,GREEN
0.1,0.592,80.3,8.5,0.791,6,3,12,Singh,0.64,Hyderabad,General,GREEN
1.3,0.354,42.3,5.4,0.433,3,3,0,Menon,0.947,Mumbai Suburban,OBC,GREEN
17.7,0.6,63.9,6.9,0.624,11,4,8,Iyer,0.774,Gaya,General,GREEN
2.4,0.571,47.0,7.9,0.637,3,2,0,Menon,0.654,Pune,ST,GREEN
0.2,0.586,56.5,5.6,0.614,6,4,0,Khan,0.264,Pune,General,YELLOW
0.6,0.473,56.1,5.7,0.501,4,4,0,Banerjee,0.88,Kalahandi,General,YELLOW
3.0,0.661,82.7,10.0,0.826,5,4,0,Das,0.724,Mumbai Suburban,OBC,GREEN
1.3,0.771,84.0,6.3,0.694,6,4,6,Gupta,0.924,Kalahandi,OBC,GREEN
3.7,0.645,59.2,6.4,0.501,7,2,1,Khan,0.908,Gaya,SC,GREEN
0.9,0.679,74.9,6.0,0.686,4,4,0,Deshmukh,0.681,Gaya,SC,GREEN
2.9,0.544,62.5,5.4,0.6,3,4,0,Meena,0.984,Mumbai Suburban,ST,GREEN
15.0,0.844,83.3,8.8,0.865,5,3,0,Das,0.861,Hyderabad,ST,GREEN
2.3,0.781,74.0,8.2,0.683,4,4,0,Singh,0.616,Bengaluru Urban,OBC,GREEN
3.1,0.846,86.5,7.4,0.799,9,4,0,Deshmukh,0.514,Bengaluru Urban,SC,GREEN
2.9,0.7,68.7,6.1,0.555,6,3,0,Verma,0.477,Bengaluru Urban,OBC,GREEN
4.1,0.84,90.3,7.7,0.906,3,3,1,Paswan,0.815,Pune,SC,GREEN
5.2,0.745,90.6,9.7,0.819,6,3,6,Gupta,0.597,Kalahandi,OBC,GREEN
4.4,0.509,48.7,6.2,0.601,7,2,0,Kumar,0.747,Bastar,OBC,GREEN
3.8,0.458,60.5,5.1,0.572,5,2,1,Singh,0.933,Pune,OBC,GREEN
2.9,0.764,89.4,8.2,0.781,5,3,7,Banerjee,0.898,Pune,SC,GREEN
6.4,0.248,23.1,3.2,0.21,6,3,2,Patil,0.529,Mewat,General,RED
1.2,0.554,45.2,7.1,0.59,7,4,4,Kumar,0.659,Pune,SC,GREEN
2.1,0.764,87.8,7.6,0.758,10,3,0,Patil,0.549,Mumbai Suburban,General,GREEN
0.6,0.423,40.7,2.3,0.358,5,4,0,Deshmukh,0.626,Pune,General,YELLOW
4.9,0.741,73.5,9.8,0.795,11,4,7,Iyer,0.528,Mewat,SC,GREEN
6.2,0.729,67.8,8.6,0.667,6,4,2,Sharma,0.639,Bengaluru Urban,SC,GREEN
1.4,0.548,58.3,6.5,0.482,11,3,0,Singh,0.82,Bastar,ST,YELLOW
5.4,0.687,70.9,7.0,0.71,9,4,10,Paswan,0.54,Kalahandi,SC,GREEN
1.1,0.118,41.3,3.9,0.279,7,4,11,Gupta,0.869,Hyderabad,OBC,YELLOW
1.0,0.796,95.7,10.0,0.89,9,4,4,Munda,0.861,Pune,OBC,GREEN
4.2,0.57,56.6,6.6,0.633,7,4,0,Meena,0.732,Mumbai Suburban,OBC,GREEN
2.1,0.312,12.5,1.5,0.254,6,3,0,Verma,0.262,Bengaluru Urban,ST,RED
21.4,0.374,43.6,3.7,0.38,5,3,0,Banerjee,0.709,Hyderabad,OBC,GREEN
2.3,0.78,74.9,7.7,0.749,4,3,0,Sharma,0.65,Kalahandi,SC,GREEN
2.7,0.621,79.0,6.8,0.722,4,3,8,Banerjee,0.734,Gaya,General,GREEN
9.5,0.685,73.6,6.8,0.632,8,3,0,Menon,0.712,Pune,General,GREEN
1.5,0.826,94.1,9.2,0.907,4,3,0,Paswan,0.667,Kalahandi,General,GREEN
2.8,0.911,100.0,10.0,0.998,4,4,5,Khan,0.841,Bengaluru Urban,ST,GREEN
8.8,0.745,61.7,10.0,0.821,3,4,0,Munda,0.737,Kalahandi,SC,GREEN
2.3,0.444,37.0,3.6,0.294,10,4,0,Sharma,0.659,Kalahandi,General,RED
0.4,0.465,42.0,4.0,0.39,4,4,0,Paswan,0.702,Gaya,General,RED
9.5,0.62,68.4,8.8,0.684,5,4,36,Kumar,0.572,Mewat,General,YELLOW
3.8,0.552,52.5,4.6,0.517,10,3,0,Iyer,0.95,Mewat,SC,YELLOW
3.5,0.717,83.9,5.9,0.739,4,4,0,Meena,0.573,Bengaluru Urban,OBC,GREEN
10.0,0.323,42.3,2.3,0.4,6,4,0,Das,0.601,Hyderabad,OBC,GREEN
3.7,0.431,43.9,3.0,0.365,5,4,0,Iyer,0.409,Bengaluru Urban,OBC,YELLOW
1.1,0.653,71.9,9.5,0.749,8,4,0,Menon,0.842,Mewat,SC,GREEN
7.1,0.257,19.0,2.9,0.303,11,4,0,Singh,0.783,Hyderabad,ST,YELLOW
2.6,0.387,50.7,4.8,0.473,6,3,0,Gupta,0.747,Pune,SC,GREEN
2.7,0.623,66.0,4.4,0.638,5,2,0,Singh,0.631,Bastar,General,GREEN
15.6,0.315,39.3,5.3,0.427,8,4,0,Ansari,0.905,Bengaluru Urban,OBC,GREEN
5.8,0.306,30.9,4.4,0.294,10,2,0,Sharma,0.844,Bastar,ST,YELLOW
3.6,0.523,63.9,5.0,0.487,9,4,0,Banerjee,0.687,Pune,OBC,GREEN
12.3,0.478,63.2,4.2,0.432,14,4,0,Iyer,0.768,Hyderabad,ST,YELLOW
0.8,0.666,74.1,8.6,0.789,7,4,0,Meena,0.674,Mewat,ST,GREEN
3.4,0.432,55.3,4.5,0.538,3,4,0,Sharma,0.609,Mewat,OBC,YELLOW
2.2,0.695,58.8,6.5,0.737,10,4,0,Gupta,0.789,Bengaluru Urban,OBC,GREEN
1.7,0.642,78.5,7.2,0.758,6,4,8,Meena,0.813,Pune,General,GREEN
5.0,0.853,89.8,9.4,0.955,5,4,0,Kumar,0.582,Bengaluru Urban,OBC,GREEN
2.2,0.379,47.4,6.2,0.462,6,3,14,Menon,0.76,Gaya,SC,RED
4.6,0.772,86.2,8.2,0.76,4,1,0,Das,0.925,Bengaluru Urban,General,GREEN
3.1,0.67,68.3,7.1,0.73,6,2,0,Das,0.937,Mumbai Suburban,ST,GREEN
3.0,0.694,78.3,6.4,0.727,5,4,12,Deshmukh,0.423,Bastar,General,GREEN
1.5,0.677,72.4,7.0,0.706,9,2,0,Iyer,0.907,Mumbai Suburban,OBC,GREEN
16.3,0.614,51.4,4.6,0.549,11,3,0,Gupta,0.495,Pune,ST,GREEN
1.0,0.287,49.3,1.5,0.326,3,3,0,Meena,0.379,Bengaluru Urban,OBC,RED
2.2,0.887,87.6,8.5,0.935,5,2,0,Sharma,0.496,Pune,OBC,GREEN
7.4,0.245,52.3,3.8,0.447,4,4,36,Ansari,0.8,Hyderabad,General,YELLOW
2.7,0.665,65.9,7.4,0.715,3,4,12,Singh,0.797,Kalahandi,SC,GREEN
4.4,0.771,73.0,5.7,0.733,4,3,4,Gupta,0.441,Pune,OBC,GREEN
7.3,0.44,46.7,1.6,0.381,9,4,0,Gupta,0.692,Mumbai Suburban,SC,GREEN
3.3,0.601,60.5,9.6,0.699,6,3,2,Khan,0.648,Mewat,SC,GREEN
3.7,0.317,31.6,7.0,0.482,6,4,6,Banerjee,0.542,Pune,OBC,GREEN
5.8,0.686,65.5,8.3,0.654,4,4,0,Kumar,0.839,Bengaluru Urban,SC,GREEN
5.1,0.906,89.3,7.5,0.902,5,1,0,Gupta,0.732,Kalahandi,OBC,GREEN
1.6,0.75,100.0,8.5,0.807,5,4,8,Ansari,0.345,Bengaluru Urban,ST,GREEN
11.2,0.617,83.3,3.1,0.601,10,4,0,Paswan,0.477,Pune,ST,GREEN
0.4,0.126,9.7,2.4,0.112,4,3,0,Gupta,0.823,Kalahandi,OBC,RED
2.7,0.806,69.8,6.0,0.729,4,3,0,Khan,0.916,Gaya,SC,GREEN
6.4,0.684,60.7,3.6,0.549,4,2,6,Banerjee,0.508,Bastar,OBC,GREEN
1.0,0.352,57.3,4.4,0.375,5,4,0,Munda,0.829,Hyderabad,SC,GREEN
0.3,0.63,73.3,7.3,0.719,6,4,0,Sharma,0.91,Kalahandi,General,GREEN
7.1,0.402,49.1,3.2,0.375,3,4,0,Deshmukh,0.368,Bengaluru Urban,OBC,RED
5.0,0.666,61.9,9.4,0.786,3,4,0,Sharma,0.743,Mewat,General,GREEN
1.7,0.552,69.3,5.9,0.612,8,3,0,Patil,0.833,Bengaluru Urban,ST,GREEN
3.4,0.447,75.3,6.5,0.636,7,2,36,Meena,0.673,Hyderabad,OBC,GREEN
1.8,0.713,74.9,6.5,0.656,7,4,0,Menon,0.623,Mumbai Suburban,SC,GREEN
8.0,0.363,16.6,6.1,0.35,5,3,0,Munda,0.825,Kalahandi,General,RED
6.5,0.347,32.5,6.8,0.428,7,4,7,Iyer,0.852,Mewat,OBC,YELLOW
4.1,0.64,69.6,6.5,0.705,7,3,0,Paswan,0.531,Mumbai Suburban,General,GREEN
5.8,0.861,79.6,9.2,0.943,7,2,0,Munda,0.925,Mewat,SC,GREEN
4.6,0.874,95.0,8.2,0.841,4,4,0,Meena,0.821,Gaya,OBC,GREEN
1.1,0.617,55.8,6.3,0.656,6,4,0,Gupta,0.872,Kalahandi,OBC,GREEN
0.4,0.928,86.0,10.0,0.821,4,2,0,Iyer,0.781,Bastar,OBC,GREEN
6.5,0.765,65.0,8.4,0.692,15,1,0,Banerjee,0.675,Mewat,OBC,GREEN
8.0,0.736,86.4,5.3,0.662,12,4,0,Sharma,0.991,Mumbai Suburban,General,GREEN
1.8,0.755,66.9,4.3,0.55,7,2,0,Paswan,0.486,Bengaluru Urban,SC,GREEN
13.5,0.443,49.9,4.8,0.395,7,4,12,Gupta,0.924,Gaya,OBC,YELLOW
3.9,0.723,57.0,7.6,0.705,4,2,0,Singh,0.619,Hyderabad,General,GREEN
0.2,0.645,54.2,5.1,0.555,4,2,0,Patil,0.808,Kalahandi,General,GREEN
5.9,0.63,79.6,4.2,0.634,4,2,0,Verma,0.816,Pune,General,GREEN
18.3,0.318,57.6,0.5,0.349,10,4,36,Sharma,0.545,Mewat,OBC,RED
3.1,0.869,98.6,10.0,0.965,3,4,0,Yadav,0.743,Hyderabad,OBC,GREEN
4.6,0.689,68.3,5.7,0.68,8,2,0,Das,0.486,Kalahandi,SC,GREEN
13.5,0.656,54.3,4.4,0.543,8,2,0,Iyer,0.975,Kalahandi,OBC,GREEN
0.2,0.674,74.4,8.8,0.707,4,4,0,Sharma,0.751,Mumbai Suburban,OBC,GREEN
0.5,0.645,66.1,9.2,0.795,3,3,0,Das,0.546,Bastar,General,GREEN
3.9,0.59,64.2,6.7,0.605,3,4,0,Yadav,0.8,Mumbai Suburban,SC,GREEN
1.9,0.577,65.7,6.7,0.588,5,2,0,Yadav,0.627,Hyderabad,General,GREEN
3.9,0.713,56.8,9.1,0.721,8,2,0,Deshmukh,0.823,Bastar,OBC,GREEN
1.4,0.743,95.0,8.8,0.812,3,3,0,Iyer,0.788,Gaya,ST,GREEN
10.6,0.19,35.2,1.8,0.22,7,3,0,Deshmukh,0.498,Bastar,OBC,RED
6.2,0.424,34.3,2.4,0.353,12,3,0,Paswan,0.78,Mewat,General,RED
5.6,0.71,77.1,3.5,0.628,7,4,0,Ansari,0.808,Pune,General,GREEN
3.2,0.545,53.5,7.2,0.555,3,4,0,Patil,0.796,Pune,SC,GREEN
2.8,0.521,63.5,5.4,0.541,5,3,0,Kumar,0.906,Hyderabad,General,GREEN
0.9,0.257,19.9,1.9,0.269,7,2,0,Patil,0.77,Bastar,General,YELLOW
11.1,0.581,44.3,6.3,0.576,4,3,0,Sharma,0.474,Hyderabad,SC,GREEN
5.4,0.842,80.0,7.5,0.901,3,3,0,Menon,0.657,Mumbai Suburban,General,GREEN
2.3,0.589,77.2,6.3,0.723,7,3,0,Menon,0.824,Mumbai Suburban,OBC,GREEN
6.8,0.45,37.8,4.6,0.487,6,1,0,Khan,0.798,Bastar,General,GREEN
6.7,0.555,53.2,5.6,0.48,4,3,0,Menon,0.472,Mewat,General,YELLOW
5.2,0.698,76.5,8.0,0.793,6,4,4,Meena,0.608,Kalahandi,ST,GREEN
12.9,0.516,74.0,7.0,0.649,5,3,25,Banerjee,0.799,Hyderabad,General,GREEN
9.2,0.186,22.7,1.8,0.17,5,4,3,Menon,0.842,Mumbai Suburban,SC,YELLOW
6.4,0.569,35.2,4.1,0.452,3,4,0,Iyer,0.438,Mewat,ST,YELLOW
2.7,0.743,79.3,9.2,0.866,12,4,10,Patil,0.801,Pune,OBC,GREEN
2.5,0.812,64.8,7.9,0.775,7,3,0,Sharma,0.671,Bengaluru Urban,General,GREEN
9.1,0.669,52.9,5.9,0.552,11,3,1,Sharma,0.691,Bastar,General,YELLOW
10.3,0.402,48.9,5.7,0.524,4,3,15,Iyer,0.403,Mewat,General,RED
19.8,0.456,51.0,4.0,0.423,6,3,0,Sharma,0.602,Bengaluru Urban,General,GREEN
3.7,0.759,93.7,7.4,0.823,3,3,0,Das,0.739,Hyderabad,SC,GREEN
3.8,0.416,41.3,6.5,0.478,7,3,3,Sharma,0.599,Bastar,SC,YELLOW
0.8,0.542,50.4,4.9,0.501,9,3,0,Paswan,0.839,Bengaluru Urban,OBC,GREEN
12.8,0.522,69.2,6.2,0.65,9,4,0,Ansari,0.512,Pune,General,GREEN
5.1,0.68,85.5,7.9,0.723,5,3,4,Iyer,0.808,Bastar,SC,GREEN
13.4,0.955,95.0,9.4,1.0,8,2,0,Ansari,0.849,Mewat,OBC,GREEN
0.7,0.255,37.8,3.3,0.23,3,3,8,Paswan,0.854,Mumbai Suburban,SC,YELLOW
3.1,0.391,49.0,3.5,0.38,7,4,13,Gupta,0.882,Bengaluru Urban,OBC,RED
2.9,0.364,24.5,5.1,0.392,6,4,0,Meena,0.839,Bastar,OBC,RED
6.8,0.859,78.0,10.0,0.909,3,2,0,Kumar,0.735,Pune,General,GREEN
4.9,0.74,69.5,9.4,0.787,3,4,0,Singh,0.588,Mewat,OBC,GREEN
5.6,0.782,70.0,8.9,0.788,6,3,0,Sharma,0.529,Mumbai Suburban,OBC,GREEN
1.9,0.351,36.7,1.0,0.293,3,3,0,Kumar,0.768,Bengaluru Urban,OBC,YELLOW
5.0,0.891,81.3,10.0,0.89,6,1,1,Gupta,0.605,Bastar,SC,GREEN
6.7,0.663,87.0,6.3,0.791,6,4,7,Menon,0.444,Mewat,General,GREEN
3.6,0.326,21.4,2.9,0.319,4,4,0,Munda,0.618,Hyderabad,ST,YELLOW
2.2,0.705,77.2,8.5,0.819,6,3,4,Khan,0.91,Pune,SC,GREEN
1.1,0.738,73.2,9.0,0.742,11,4,18,Deshmukh,0.718,Mumbai Suburban,General,GREEN
7.8,0.282,13.7,4.8,0.296,4,3,0,Paswan,0.765,Bengaluru Urban,OBC,YELLOW
5.2,0.916,86.7,10.0,0.913,3,3,0,Verma,0.933,Kalahandi,General,GREEN
21.1,0.505,55.7,5.2,0.477,11,3,1,Verma,0.744,Mumbai Suburban,OBC,GREEN
8.9,0.503,68.0,5.0,0.579,6,4,0,Khan,0.666,Bengaluru Urban,ST,GREEN
0.7,0.518,54.1,5.1,0.496,3,3,3,Verma,0.482,Pune,General,GREEN
6.8,0.536,48.2,3.9,0.502,10,4,0,Paswan,0.579,Gaya,SC,YELLOW
6.9,0.57,55.0,5.4,0.5,6,3,0,Yadav,0.725,Pune,ST,GREEN
3.3,0.748,77.7,3.5,0.711,6,1,11,Munda,0.497,Mumbai Suburban,OBC,GREEN
7.7,0.373,7.1,4.9,0.267,11,3,0,Kumar,0.812,Mumbai Suburban,OBC,YELLOW
5.1,0.477,44.5,6.2,0.525,5,3,0,Yadav,0.627,Pune,OBC,GREEN
4.1,0.439,56.9,3.7,0.499,7,4,0,Gupta,0.63,Hyderabad,OBC,GREEN
8.7,0.575,38.0,4.6,0.443,8,4,0,Munda,0.961,Bengaluru Urban,ST,GREEN
0.1,0.73,81.9,10.0,0.892,4,3,11,Deshmukh,0.903,Hyderabad,General,GREEN
12.1,0.613,63.5,5.6,0.541,12,4,0,Verma,0.867,Bengaluru Urban,ST,GREEN
15.8,0.668,73.9,7.6,0.795,10,2,0,Menon,0.584,Mumbai Suburban,SC,GREEN
0.7,0.583,59.5,4.3,0.537,6,2,4,Banerjee,0.304,Pune,OBC,GREEN
6.9,0.786,87.9,7.6,0.779,3,4,0,Sharma,0.558,Pune,General,GREEN
1.1,0.553,52.8,6.9,0.575,3,4,0,Menon,0.92,Bengaluru Urban,OBC,GREEN
1.8,0.706,58.0,7.6,0.722,8,3,0,Menon,0.858,Mumbai Suburban,General,GREEN
1.9,0.706,65.3,7.8,0.684,3,2,0,Singh,0.435,Pune,General,GREEN
5.2,0.481,51.7,4.2,0.435,5,3,0,Menon,0.79,Pune,ST,GREEN
4.7,0.499,69.4,4.3,0.53,7,3,16,Singh,0.647,Gaya,ST,RED
2.9,0.401,30.9,4.5,0.328,3,4,0,Patil,0.804,Bengaluru Urban,OBC,YELLOW
0.3,0.482,74.1,6.0,0.699,10,4,0,Das,0.685,Hyderabad,SC,GREEN
2.3,0.805,90.2,9.1,0.844,5,4,11,Verma,0.808,Gaya,ST,GREEN
12.1,0.703,67.6,10.0,0.835,5,3,0,Banerjee,0.609,Mumbai Suburban,General,GREEN
6.9,0.599,56.7,8.3,0.676,7,3,0,Deshmukh,0.594,Pune,ST,GREEN
1.3,0.626,61.0,5.5,0.546,4,1,0,Gupta,0.93,Hyderabad,OBC,GREEN
4.2,0.679,70.2,6.2,0.667,3,2,8,Ansari,0.325,Mewat,SC,GREEN
3.0,0.552,60.3,3.3,0.534,8,3,0,Khan,0.876,Bengaluru Urban,General,GREEN
12.9,0.896,96.0,8.5,0.893,5,2,0,Kumar,0.415,Hyderabad,OBC,GREEN
3.0,0.592,57.6,5.4,0.629,4,3,0,Gupta,0.581,Pune,OBC,GREEN
2.9,0.768,77.9,8.5,0.85,6,4,0,Kumar,0.925,Gaya,General,GREEN
12.9,0.795,81.1,8.1,0.851,7,4,0,Sharma,0.559,Bengaluru Urban,SC,GREEN
9.3,0.545,75.9,3.7,0.535,9,4,0,Ansari,0.927,Pune,General,GREEN
4.0,0.733,68.2,9.9,0.748,3,4,9,Khan,0.68,Bengaluru Urban,SC,GREEN
1.2,0.829,100.0,7.2,0.819,3,4,5,Deshmukh,0.966,Hyderabad,SC,GREEN
6.7,0.744,73.5,7.5,0.753,3,2,19,Menon,0.572,Bengaluru Urban,SC,GREEN
1.0,0.506,39.8,6.8,0.555,4,3,0,Verma,0.855,Kalahandi,OBC,YELLOW
4.7,0.342,39.2,3.3,0.246,8,3,7,Paswan,0.794,Kalahandi,OBC,RED
6.2,0.457,47.9,7.3,0.555,4,4,0,Munda,0.799,Gaya,General,YELLOW
0.8,0.502,59.5,4.8,0.534,4,4,10,Menon,0.629,Bengaluru Urban,ST,GREEN
3.0,0.796,90.6,6.7,0.777,3,4,0,Kumar,0.924,Mumbai Suburban,OBC,GREEN
5.1,0.463,46.8,5.2,0.548,5,4,0,Sharma,0.925,Bengaluru Urban,SC,GREEN
5.8,0.37,38.6,7.5,0.523,7,4,11,Ansari,0.847,Gaya,OBC,YELLOW
6.1,0.416,32.4,4.7,0.469,6,3,0,Singh,0.848,Kalahandi,SC,YELLOW
1.7,0.659,83.5,8.6,0.774,5,3,3,Kumar,0.754,Hyderabad,SC,GREEN
2.2,0.757,79.6,4.6,0.718,4,4,0,Iyer,0.47,Kalahandi,OBC,GREEN
2.3,0.764,77.9,8.4,0.876,7,4,11,Das,0.512,Bengaluru Urban,SC,GREEN
10.5,0.856,86.1,8.6,0.925,10,4,0,Singh,0.807,Hyderabad,General,GREEN
3.1,0.312,18.0,1.7,0.166,3,4,0,Khan,0.669,Gaya,OBC,RED
8.3,0.344,56.6,1.0,0.324,9,1,0,Menon,0.814,Kalahandi,OBC,YELLOW
8.6,0.286,35.4,3.0,0.296,8,3,5,Deshmukh,0.917,Bengaluru Urban,ST,YELLOW
15.6,0.745,59.6,8.5,0.755,11,3,1,Kumar,0.392,Pune,OBC,GREEN
1.0,0.589,50.3,6.7,0.622,5,3,0,Menon,0.768,Bengaluru Urban,OBC,GREEN
5.4,0.456,36.1,4.3,0.374,3,1,22,Munda,0.746,Bastar,OBC,RED
3.2,0.814,89.3,5.6,0.759,3,4,0,Gupta,0.705,Mumbai Suburban,SC,GREEN
3.7,0.619,44.9,6.1,0.458,6,4,0,Gupta,0.538,Mewat,General,YELLOW
6.2,0.771,63.5,7.1,0.777,12,2,6,Yadav,0.539,Mumbai Suburban,OBC,GREEN
1.8,0.918,89.3,9.8,0.905,7,2,0,Singh,0.853,Hyderabad,OBC,GREEN
2.7,0.609,65.1,6.2,0.629,11,4,0,Das,0.787,Bengaluru Urban,OBC,GREEN
0.1,0.536,61.0,7.6,0.62,6,4,7,Singh,0.874,Pune,OBC,GREEN
1.9,0.511,42.0,6.3,0.578,4,2,0,Meena,0.562,Mewat,SC,GREEN
12.9,0.383,32.0,5.0,0.259,5,3,18,Munda,0.852,Kalahandi,OBC,RED
6.7,0.875,97.0,9.2,0.921,3,3,0,Munda,0.655,Bengaluru Urban,OBC,GREEN
6.1,0.571,32.1,4.3,0.435,6,2,0,Khan,0.487,Gaya,SC,GREEN
7.1,0.883,91.6,6.7,0.8,4,4,0,Ansari,0.818,Pune,ST,GREEN
3.5,0.428,65.6,5.9,0.644,9,4,0,Munda,0.803,Mumbai Suburban,SC,GREEN
8.7,0.291,33.5,6.8,0.391,8,4,9,Kumar,0.858,Kalahandi,SC,RED
1.8,0.248,15.8,3.1,0.277,9,4,0,Sharma,0.918,Pune,ST,YELLOW
3.0,0.823,84.2,7.9,0.836,4,2,11,Deshmukh,0.65,Mewat,SC,GREEN
3.0,0.826,84.6,8.8,0.914,5,3,0,Iyer,0.716,Bengaluru Urban,SC,GREEN
9.2,0.267,33.5,2.5,0.251,7,3,0,Yadav,0.778,Mumbai Suburban,General,YELLOW
1.7,0.408,50.5,5.4,0.448,4,3,26,Kumar,0.614,Gaya,General,RED
2.7,0.896,100.0,9.0,0.987,8,3,0,Ansari,0.774,Bengaluru Urban,OBC,GREEN
2.1,0.76,75.9,4.9,0.691,8,3,0,Munda,0.754,Bengaluru Urban,SC,GREEN
12.5,0.62,66.6,7.6,0.605,5,4,11,Gupta,0.721,Hyderabad,General,GREEN
8.6,0.467,33.5,8.0,0.507,10,2,0,Kumar,0.933,Bastar,OBC,GREEN
5.5,0.571,55.5,4.2,0.535,5,3,0,Verma,0.59,Bengaluru Urban,ST,GREEN
7.0,0.304,41.2,5.5,0.464,6,2,20,Patil,0.727,Hyderabad,OBC,GREEN
1.2,0.729,59.1,8.4,0.686,12,3,5,Singh,0.889,Bastar,OBC,GREEN
6.0,0.731,63.6,6.4,0.523,9,3,0,Iyer,0.77,Bastar,OBC,YELLOW
4.9,0.666,80.1,5.9,0.712,10,3,19,Munda,0.51,Bengaluru Urban,OBC,GREEN
1.6,0.769,88.9,8.6,0.778,8,3,0,Menon,0.613,Kalahandi,General,GREEN
0.5,0.726,68.7,8.3,0.647,3,4,0,Yadav,0.7,Bengaluru Urban,SC,GREEN
4.0,0.862,94.7,6.9,0.691,8,3,3,Khan,0.863,Pune,General,GREEN
3.7,0.872,90.1,10.0,0.965,3,4,2,Yadav,0.756,Mumbai Suburban,General,GREEN
0.4,0.68,68.0,6.1,0.663,4,2,0,Yadav,0.689,Bastar,SC,GREEN
4.6,0.609,61.5,6.8,0.623,6,2,5,Ansari,0.839,Pune,OBC,GREEN
6.7,0.63,68.3,7.9,0.77,8,4,0,Ansari,0.874,Hyderabad,OBC,GREEN
8.4,0.745,95.0,9.3,0.907,4,3,0,Munda,0.791,Gaya,OBC,GREEN
3.2,0.545,88.8,4.5,0.708,4,3,0,Menon,0.739,Pune,ST,GREEN
4.4,0.644,61.8,10.0,0.684,4,3,1,Deshmukh,0.766,Bastar,General,GREEN
8.3,0.49,47.8,4.8,0.481,3,3,21,Iyer,0.738,Kalahandi,General,RED
3.5,0.472,57.6,5.4,0.448,8,2,18,Banerjee,0.374,Bengaluru Urban,OBC,YELLOW
1.7,0.55,74.0,6.1,0.622,7,4,28,Kumar,0.971,Pune,SC,GREEN
1.8,0.638,77.0,5.5,0.64,7,3,0,Paswan,0.497,Bastar,OBC,GREEN
7.3,0.495,27.0,5.3,0.463,10,3,0,Gupta,0.883,Bastar,SC,YELLOW
4.4,0.722,73.1,8.4,0.767,5,4,0,Khan,0.756,Pune,SC,GREEN
2.6,0.552,55.1,7.6,0.652,3,3,0,Munda,0.695,Mumbai Suburban,OBC,GREEN
1.6,0.559,60.9,6.0,0.625,10,4,15,Verma,0.896,Bengaluru Urban,General,GREEN
2.6,0.86,71.0,6.3,0.841,4,4,0,Singh,0.176,Mewat,SC,YELLOW
4.1,0.553,58.0,2.9,0.459,5,4,0,Patil,0.566,Bengaluru Urban,OBC,GREEN
11.9,0.672,79.2,7.5,0.691,3,3,0,Munda,0.814,Pune,ST,GREEN
9.4,0.764,63.9,7.4,0.727,9,2,0,Singh,0.854,Pune,General,GREEN
13.2,0.454,49.2,4.0,0.409,7,1,13,Iyer,0.365,Mewat,OBC,RED
2.2,0.451,54.3,4.9,0.569,6,4,0,Banerjee,0.951,Mumbai Suburban,General,GREEN
0.3,0.387,50.1,5.0,0.449,3,2,0,Ansari,0.56,Gaya,General,GREEN
2.9,0.813,92.6,7.9,0.815,6,3,0,Gupta,0.927,Bengaluru Urban,OBC,GREEN
5.9,0.638,67.9,7.4,0.662,7,4,0,Sharma,0.722,Bengaluru Urban,OBC,GREEN
4.7,0.551,66.2,6.8,0.667,5,4,17,Banerjee,0.631,Mewat,OBC,YELLOW
19.5,0.552,67.9,4.6,0.556,7,3,0,Banerjee,0.711,Bengaluru Urban,ST,GREEN
7.0,0.381,39.3,1.3,0.269,4,1,0,Meena,0.492,Bengaluru Urban,OBC,GREEN
2.0,0.634,66.3,7.7,0.772,5,1,0,Verma,0.672,Gaya,General,GREEN
9.5,0.744,71.0,9.2,0.749,6,3,1,Patil,0.647,Gaya,General,GREEN
0.5,0.737,90.7,9.0,0.85,3,4,0,Khan,0.819,Bengaluru Urban,SC,GREEN
2.3,0.546,49.5,5.2,0.553,9,2,0,Iyer,0.903,Bengaluru Urban,OBC,GREEN
2.6,0.373,35.5,0.9,0.191,3,4,6,Ansari,0.633,Bengaluru Urban,General,YELLOW
10.0,0.735,63.8,4.9,0.645,7,2,0,Sharma,0.874,Bastar,General,GREEN
5.0,0.258,24.1,3.5,0.23,7,3,10,Munda,0.667,Kalahandi,General,RED
1.6,0.341,41.6,1.1,0.33,3,2,0,Menon,0.62,Mumbai Suburban,General,GREEN
1.0,0.728,57.0,9.5,0.701,8,3,0,Banerjee,0.851,Mewat,General,GREEN
5.7,0.758,71.5,6.4,0.739,11,2,0,Munda,0.662,Bengaluru Urban,General,GREEN
19.1,0.752,73.4,5.6,0.737,15,1,0,Banerjee,0.39,Gaya,General,GREEN
3.2,0.659,71.0,9.7,0.823,5,4,0,Patil,0.811,Bengaluru Urban,SC,GREEN
0.4,0.662,68.8,9.0,0.763,5,2,12,Deshmukh,0.659,Kalahandi,General,GREEN
7.4,0.907,84.3,9.6,0.892,7,2,0,Singh,0.841,Mewat,General,GREEN
5.6,0.321,38.8,2.5,0.291,4,3,5,Menon,0.37,Bengaluru Urban,General,RED
2.2,0.722,67.1,6.6,0.758,4,4,0,Banerjee,0.69,Pune,OBC,GREEN
0.8,0.552,58.4,8.0,0.61,8,3,36,Iyer,0.918,Kalahandi,General,RED
2.0,0.844,81.8,9.3,0.812,5,3,0,Sharma,0.632,Mewat,General,GREEN
3.7,0.564,66.0,5.9,0.638,5,3,0,Kumar,0.679,Pune,General,GREEN
2.9,0.705,84.9,8.5,0.762,3,3,0,Menon,0.829,Hyderabad,SC,GREEN
1.0,0.72,75.7,8.7,0.735,5,3,0,Singh,0.71,Bengaluru Urban,OBC,GREEN
0.8,0.602,72.6,5.1,0.54,3,4,5,Gupta,0.613,Bengaluru Urban,ST,GREEN
1.6,0.488,49.6,6.8,0.531,6,3,0,Iyer,0.676,Gaya,OBC,YELLOW
6.3,0.743,78.6,7.8,0.766,6,3,0,Deshmukh,0.638,Pune,OBC,GREEN
2.7,0.719,79.7,7.8,0.777,3,4,0,Verma,0.612,Gaya,OBC,GREEN
8.1,0.609,51.4,3.1,0.525,6,3,0,Yadav,0.473,Hyderabad,SC,GREEN
2.3,0.615,65.9,4.7,0.608,8,3,0,Verma,0.861,Mewat,OBC,YELLOW
7.0,0.815,79.6,6.5,0.744,8,3,0,Banerjee,0.798,Bengaluru Urban,OBC,GREEN
6.8,0.914,100.0,10.0,0.961,10,4,0,Sharma,0.853,Bengaluru Urban,General,GREEN
2.6,0.641,62.5,10.0,0.781,5,4,0,Verma,0.82,Pune,OBC,GREEN
13.5,0.757,72.6,5.5,0.741,10,4,0,Gupta,0.883,Kalahandi,OBC,GREEN
7.3,0.501,39.5,3.2,0.412,8,3,0,Verma,0.781,Pune,OBC,GREEN
9.0,0.265,30.1,2.4,0.245,8,3,0,Menon,0.924,Gaya,SC,RED
7.0,0.647,60.5,8.6,0.654,5,4,0,Sharma,0.909,Bastar,OBC,GREEN
2.6,0.603,49.9,7.0,0.528,5,2,0,Kumar,0.793,Mewat,SC,GREEN
12.3,0.566,61.8,7.9,0.691,11,4,6,Kumar,0.415,Hyderabad,SC,GREEN
7.7,0.425,30.8,4.3,0.417,4,4,0,Singh,0.53,Hyderabad,General,GREEN
4.3,0.588,56.9,3.8,0.541,6,3,0,Munda,0.283,Bengaluru Urban,OBC,YELLOW
8.7,0.795,82.6,8.5,0.817,15,4,0,Das,0.864,Bengaluru Urban,OBC,GREEN
9.5,0.54,68.7,5.1,0.649,4,2,0,Munda,0.564,Bengaluru Urban,SC,GREEN
8.4,0.642,66.0,6.9,0.64,4,4,0,Verma,0.509,Kalahandi,OBC,GREEN
3.3,0.739,82.9,8.1,0.84,9,3,0,Meena,0.67,Pune,SC,GREEN
1.1,0.431,48.7,8.0,0.571,5,4,0,Banerjee,0.564,Bengaluru Urban,OBC,GREEN
7.1,0.696,100.0,7.1,0.772,6,2,0,Das,0.706,Hyderabad,General,GREEN
4.4,0.362,50.2,1.0,0.351,4,3,0,Banerjee,0.47,Pune,OBC,YELLOW
1.1,0.955,75.2,9.1,0.893,3,1,0,Sharma,0.591,Mumbai Suburban,SC,GREEN
4.0,0.763,78.5,9.2,0.841,8,3,0,Iyer,0.832,Bastar,ST,GREEN
5.3,0.33,48.9,4.7,0.434,4,4,0,Paswan,0.781,Pune,General,GREEN
4.2,0.864,76.9,10.0,0.876,6,3,0,Khan,0.571,Pune,OBC,GREEN
5.6,0.707,71.8,5.0,0.761,5,4,0,Gupta,0.743,Kalahandi,SC,GREEN
2.5,0.856,80.2,6.7,0.835,9,4,2,Banerjee,0.964,Kalahandi,OBC,GREEN
3.0,0.456,37.1,4.9,0.475,4,3,0,Khan,0.762,Gaya,OBC,YELLOW
6.2,0.723,85.7,8.4,0.812,3,3,0,Verma,0.632,Mewat,SC,GREEN
0.9,0.722,65.6,6.5,0.726,7,4,0,Das,0.645,Kalahandi,General,GREEN
9.4,0.739,67.4,9.6,0.817,12,2,0,Paswan,0.521,Bengaluru Urban,General,GREEN
3.1,0.326,26.6,4.9,0.362,6,2,10,Ansari,0.879,Bastar,ST,YELLOW
7.0,0.328,26.9,3.0,0.284,10,4,0,Yadav,0.782,Bengaluru Urban,OBC,YELLOW
6.0,0.617,61.2,10.0,0.739,8,4,1,Kumar,0.629,Bengaluru Urban,SC,GREEN
4.4,0.658,59.8,6.4,0.473,4,4,0,Ansari,0.573,Mewat,SC,YELLOW
3.1,0.705,66.6,7.8,0.728,7,4,8,Das,0.898,Kalahandi,SC,GREEN
5.3,0.7,74.7,6.9,0.688,3,4,0,Kumar,0.604,Mumbai Suburban,OBC,GREEN
4.3,0.565,36.2,6.2,0.595,6,4,0,Khan,0.599,Mumbai Suburban,General,GREEN
0.6,0.584,62.4,5.0,0.57,4,2,9,Singh,0.862,Mewat,OBC,GREEN
0.4,0.294,44.1,4.5,0.336,4,4,0,Ansari,0.863,Mumbai Suburban,OBC,YELLOW
4.8,0.674,67.1,7.1,0.683,7,3,0,Kumar,0.359,Hyderabad,SC,GREEN
1.4,0.246,36.1,4.8,0.31,5,4,18,Menon,0.638,Mewat,OBC,RED
8.3,0.739,71.4,6.7,0.731,7,2,0,Ansari,0.584,Mumbai Suburban,General,GREEN
0.4,0.828,100.0,8.1,0.894,5,3,0,Sharma,0.553,Bengaluru Urban,SC,GREEN
7.6,0.642,68.9,7.3,0.735,7,2,0,Iyer,0.635,Gaya,OBC,GREEN
6.9,0.332,29.5,2.6,0.256,8,4,0,Das,0.403,Bengaluru Urban,OBC,YELLOW
3.9,0.644,77.3,5.7,0.664,4,4,0,Singh,0.587,Bastar,General,GREEN
0.2,0.594,88.5,3.4,0.538,3,4,0,Verma,0.885,Bengaluru Urban,OBC,GREEN
2.8,0.343,37.2,3.3,0.383,7,4,0,Menon,0.861,Mumbai Suburban,General,GREEN
6.4,0.706,75.5,7.8,0.773,8,2,0,Iyer,0.597,Bengaluru Urban,OBC,GREEN
0.1,0.57,72.1,6.9,0.685,3,3,0,Verma,0.647,Pune,OBC,GREEN
6.9,0.518,45.6,3.4,0.438,6,4,0,Paswan,0.976,Mumbai Suburban,SC,GREEN
1.1,0.894,71.1,10.0,0.889,7,3,0,Banerjee,0.521,Mewat,General,GREEN
0.5,0.573,63.9,9.0,0.784,3,4,0,Patil,0.772,Mumbai Suburban,General,GREEN
6.8,0.703,67.1,7.0,0.677,3,3,0,Banerjee,0.965,Mumbai Suburban,OBC,GREEN
2.8,0.767,79.5,7.9,0.791,6,3,0,Das,0.568,Bengaluru Urban,General,GREEN
5.1,0.417,52.0,3.9,0.388,5,3,0,Khan,0.665,Kalahandi,SC,RED
4.0,0.725,78.1,7.2,0.699,8,4,0,Deshmukh,0.521,Mewat,SC,GREEN
2.5,0.276,38.2,3.6,0.344,3,3,0,Menon,0.457,Pune,General,YELLOW
0.2,0.186,17.3,1.2,0.215,3,3,0,Singh,0.774,Kalahandi,OBC,RED
5.6,0.687,57.3,7.2,0.647,4,2,0,Sharma,0.75,Kalahandi,OBC,GREEN
6.6,0.676,55.5,6.3,0.609,10,2,0,Menon,0.551,Bastar,General,GREEN
4.7,0.88,95.0,9.6,0.91,8,3,4,Patil,0.689,Kalahandi,ST,GREEN
5.3,0.83,95.0,8.4,0.847,9,4,0,Menon,0.566,Gaya,SC,GREEN
4.1,0.93,95.0,10.0,0.975,3,4,0,Menon,0.565,Bastar,ST,GREEN
2.8,0.66,68.2,8.7,0.662,4,3,0,Gupta,0.961,Mumbai Suburban,General,GREEN
9.3,0.167,10.6,2.7,0.245,10,4,0,Yadav,0.854,Hyderabad,General,YELLOW
10.1,0.745,100.0,7.6,0.802,7,4,0,Paswan,0.656,Bengaluru Urban,General,GREEN
13.6,0.258,38.3,5.1,0.42,3,4,28,Singh,0.678,Bastar,OBC,RED
11.9,0.508,55.1,4.5,0.44,8,3,0,Deshmukh,0.822,Bastar,OBC,YELLOW
4.1,0.57,51.0,6.8,0.62,12,4,0,Patil,0.769,Kalahandi,OBC,GREEN
2.0,0.666,78.5,6.4,0.731,3,4,0,Gupta,0.637,Hyderabad,ST,GREEN
0.9,0.848,82.7,8.8,0.871,3,1,0,Yadav,0.85,Bengaluru Urban,OBC,GREEN
6.7,0.315,26.0,2.2,0.215,5,3,2,Patil,0.701,Pune,OBC,YELLOW
5.4,0.541,50.7,7.7,0.618,4,4,0,Meena,0.793,Mewat,General,GREEN
5.0,0.477,51.7,3.4,0.386,6,3,2,Munda,0.877,Kalahandi,SC,RED
5.5,0.849,95.0,9.1,0.89,7,2,10,Verma,0.694,Mewat,OBC,GREEN
6.1,0.705,59.8,5.3,0.662,8,3,2,Das,0.59,Pune,General,GREEN
13.6,0.58,45.6,8.0,0.652,6,3,0,Yadav,0.795,Kalahandi,General,GREEN
4.6,0.512,60.0,8.8,0.665,3,3,24,Kumar,0.845,Bengaluru Urban,OBC,GREEN
6.0,0.751,65.7,4.7,0.577,4,3,0,Gupta,0.477,Mewat,General,YELLOW
2.4,0.27,30.0,4.0,0.356,3,2,7,Khan,0.861,Mewat,General,YELLOW
15.0,0.824,77.5,8.3,0.811,3,4,0,Munda,0.919,Mewat,OBC,GREEN
0.5,0.641,78.4,8.5,0.642,8,3,9,Banerjee,0.957,Bengaluru Urban,OBC,GREEN
9.8,0.453,52.0,5.9,0.56,8,3,0,Yadav,0.494,Pune,General,GREEN
4.8,0.482,29.7,5.4,0.438,6,1,0,Singh,0.845,Bastar,OBC,GREEN
3.0,0.753,68.2,6.4,0.752,5,2,0,Singh,0.689,Mewat,SC,GREEN
0.9,0.529,44.9,4.3,0.415,8,2,0,Menon,0.838,Pune,SC,GREEN
6.8,0.619,73.3,4.7,0.448,3,3,0,Patil,0.476,Gaya,ST,YELLOW
1.6,0.868,85.0,8.1,0.857,6,4,0,Singh,0.771,Pune,ST,GREEN
8.7,0.77,72.0,9.3,0.821,5,3,1,Gupta,0.85,Kalahandi,SC,GREEN
3.3,0.222,18.1,4.0,0.183,6,4,4,Das,0.65,Bengaluru Urban,OBC,YELLOW
0.6,0.654,70.1,8.9,0.699,3,3,4,Sharma,0.634,Pune,SC,GREEN
4.2,0.664,64.8,6.5,0.792,9,4,3,Sharma,0.658,Kalahandi,ST,GREEN
3.8,0.474,67.2,7.0,0.6,5,4,0,Ansari,0.836,Pune,OBC,GREEN
8.8,0.721,76.8,10.0,0.866,8,4,3,Das,0.863,Bengaluru Urban,General,GREEN
7.1,0.736,92.1,5.9,0.716,11,4,0,Yadav,0.939,Hyderabad,OBC,GREEN
0.8,0.57,72.4,5.0,0.493,5,1,0,Sharma,0.695,Pune,SC,GREEN
7.6,0.774,78.9,8.1,0.782,9,3,0,Patil,0.92,Mumbai Suburban,OBC,GREEN
2.4,0.665,59.7,7.9,0.671,6,2,0,Patil,0.795,Kalahandi,General,GREEN
2.2,0.535,52.7,7.9,0.597,4,3,0,Patil,0.829,Pune,OBC,GREEN
6.5,0.718,72.5,5.9,0.672,12,3,16,Banerjee,0.947,Bengaluru Urban,ST,GREEN
2.1,0.666,95.1,6.2,0.759,8,4,0,Ansari,0.917,Bengaluru Urban,General,GREEN
11.0,0.843,78.7,10.0,0.869,9,3,0,Munda,0.948,Mewat,OBC,GREEN
0.5,0.752,66.2,6.7,0.631,4,3,0,Patil,0.854,Gaya,OBC,GREEN
3.7,0.623,56.7,7.9,0.684,3,4,0,Das,0.843,Bengaluru Urban,OBC,GREEN
3.7,0.706,64.3,7.9,0.616,6,1,0,Menon,0.865,Bengaluru Urban,General,GREEN
1.1,0.73,75.0,9.0,0.691,5,4,0,Verma,0.523,Hyderabad,General,GREEN
2.5,0.381,50.6,5.0,0.499,6,1,1,Sharma,0.85,Mumbai Suburban,General,GREEN
2.3,0.793,95.0,7.8,0.866,9,3,0,Ansari,0.918,Bastar,OBC,GREEN
0.5,0.371,24.2,4.6,0.355,5,4,7,Ansari,0.558,Bastar,General,RED
1.6,0.569,77.7,4.2,0.519,3,3,0,Singh,0.264,Mumbai Suburban,OBC,YELLOW
3.2,0.82,100.0,9.0,0.871,3,4,0,Yadav,0.846,Pune,OBC,GREEN
3.0,0.734,67.2,4.6,0.609,5,3,0,Patil,0.693,Kalahandi,OBC,YELLOW
6.8,0.601,51.0,7.2,0.531,3,4,0,Das,0.85,Gaya,OBC,YELLOW
10.2,0.612,66.4,9.2,0.695,6,4,0,Meena,0.593,Bastar,SC,GREEN
2.7,0.771,70.7,8.5,0.809,3,4,0,Khan,0.52,Kalahandi,OBC,GREEN
0.9,0.876,95.0,8.6,0.967,4,2,0,Sharma,0.945,Gaya,ST,GREEN
5.3,0.713,71.2,7.2,0.694,8,2,0,Khan,0.909,Gaya,OBC,GREEN
3.2,0.683,65.7,8.1,0.754,3,3,0,Verma,0.912,Pune,SC,GREEN
8.1,0.291,37.0,3.6,0.245,4,4,0,Gupta,0.286,Pune,General,RED
3.3,0.432,48.9,4.7,0.497,6,3,0,Menon,0.687,Mumbai Suburban,ST,GREEN
3.8,0.766,57.4,6.4,0.62,6,3,6,Khan,0.391,Mewat,General,RED
3.1,0.775,72.7,6.2,0.723,8,4,0,Banerjee,0.655,Hyderabad,ST,GREEN
11.3,0.243,17.7,3.0,0.228,6,4,0,Gupta,0.628,Gaya,SC,RED
4.1,0.444,61.2,3.9,0.548,4,4,13,Deshmukh,0.696,Bengaluru Urban,SC,YELLOW
8.7,0.563,57.0,4.8,0.494,8,2,0,Deshmukh,0.687,Kalahandi,General,GREEN
2.6,0.814,100.0,8.5,0.919,4,3,18,Kumar,0.45,Mumbai Suburban,OBC,GREEN
6.2,0.624,55.3,8.3,0.655,3,3,0,Ansari,0.608,Bastar,OBC,GREEN
6.9,0.536,43.8,6.6,0.537,8,4,0,Verma,0.685,Bengaluru Urban,OBC,GREEN
2.7,0.51,47.6,7.4,0.566,7,3,0,Kumar,0.935,Bengaluru Urban,OBC,GREEN
7.2,0.498,55.7,3.8,0.436,5,3,18,Menon,0.978,Mumbai Suburban,SC,YELLOW
0.5,0.632,60.2,9.3,0.721,3,3,0,Deshmukh,0.506,Pune,OBC,GREEN
4.6,0.704,75.2,6.3,0.692,5,3,3,Ansari,0.857,Bengaluru Urban,General,GREEN
6.3,0.494,61.4,5.9,0.578,7,4,0,Ansari,0.833,Mumbai Suburban,General,GREEN
1.7,0.459,46.8,4.1,0.45,9,4,4,Singh,0.769,Hyderabad,General,GREEN
2.2,0.559,60.9,6.1,0.633,4,2,0,Meena,0.948,Pune,ST,GREEN
1.1,0.893,95.0,9.5,0.977,11,3,0,Gupta,0.674,Gaya,General,GREEN
1.2,0.491,54.0,7.1,0.528,3,4,0,Banerjee,0.721,Hyderabad,OBC,GREEN
1.5,0.661,54.8,10.0,0.78,4,3,1,Khan,0.731,Kalahandi,OBC,GREEN
7.2,0.665,63.7,8.5,0.658,8,3,0,Gupta,0.867,Bastar,OBC,GREEN
1.6,0.628,86.0,7.4,0.772,5,4,9,Verma,0.81,Bengaluru Urban,General,GREEN
0.2,0.729,79.2,10.0,0.871,5,3,0,Das,0.546,Gaya,OBC,GREEN
5.6,0.342,28.5,1.4,0.16,9,4,0,Deshmukh,0.66,Mumbai Suburban,OBC,YELLOW
0.3,0.43,54.8,3.4,0.444,3,2,0,Patil,0.598,Bengaluru Urban,SC,GREEN
3.4,0.6,61.7,4.7,0.539,8,3,0,Iyer,0.494,Bengaluru Urban,OBC,GREEN
2.7,0.831,77.4,8.4,0.777,5,4,0,Singh,0.924,Mumbai Suburban,ST,GREEN
2.5,0.744,79.1,6.8,0.806,5,3,1,Meena,0.567,Bengaluru Urban,General,GREEN
0.6,0.664,51.2,7.7,0.616,3,2,0,Verma,0.629,Pune,OBC,GREEN
5.1,0.747,76.2,7.5,0.713,6,2,0,Verma,0.661,Mewat,ST,GREEN
1.6,0.739,90.3,6.2,0.758,3,3,0,Munda,0.374,Hyderabad,OBC,GREEN
6.8,0.598,57.8,8.9,0.723,8,2,36,Khan,0.889,Bengaluru Urban,OBC,GREEN
5.4,0.824,80.7,6.6,0.757,6,3,0,Kumar,0.22,Kalahandi,SC,YELLOW
10.0,0.571,70.8,7.7,0.741,6,3,0,Meena,0.861,Bengaluru Urban,General,GREEN
3.9,0.564,43.0,5.7,0.548,7,3,0,Khan,0.696,Mewat,OBC,YELLOW
5.7,0.501,45.9,5.9,0.408,7,3,26,Banerjee,0.711,Mewat,General,RED
2.0,0.666,69.3,6.0,0.627,8,3,0,Munda,0.72,Pune,General,GREEN
1.6,0.692,71.4,5.2,0.614,6,3,0,Patil,0.688,Hyderabad,ST,GREEN
5.4,0.487,49.2,3.9,0.48,3,2,0,Menon,0.735,Pune,SC,GREEN
4.5,0.488,60.8,3.5,0.351,3,4,25,Sharma,0.552,Bengaluru Urban,SC,RED
2.7,0.443,36.0,5.3,0.572,4,4,0,Banerjee,0.932,Bengaluru Urban,OBC,GREEN
2.4,0.793,68.2,8.0,0.785,6,4,4,Deshmukh,0.95,Pune,General,GREEN
1.0,0.357,17.5,3.7,0.308,6,2,0,Kumar,0.229,Mewat,OBC,RED
2.7,0.797,89.7,7.4,0.87,6,3,0,Singh,0.512,Bengaluru Urban,ST,GREEN
2.6,0.695,79.0,7.1,0.849,4,3,0,Yadav,0.959,Gaya,General,GREEN
9.6,0.391,51.2,7.0,0.578,4,3,7,Iyer,0.906,Bengaluru Urban,SC,GREEN
5.1,0.655,67.6,7.9,0.754,6,2,2,Banerjee,0.771,Gaya,OBC,GREEN
4.0,0.742,73.1,8.1,0.768,6,4,0,Gupta,0.74,Pune,OBC,GREEN
4.3,0.613,62.6,5.1,0.576,3,4,3,Paswan,0.548,Pune,OBC,GREEN
11.1,0.7,79.3,6.9,0.704,3,3,0,Meena,0.483,Kalahandi,SC,GREEN
2.3,0.395,49.1,2.5,0.337,3,4,0,Iyer,0.426,Bengaluru Urban,OBC,YELLOW
2.0,0.613,68.1,5.9,0.594,5,3,0,Yadav,0.731,Pune,SC,GREEN
11.7,0.628,74.3,9.6,0.709,4,3,11,Das,0.697,Bengaluru Urban,OBC,GREEN
6.5,0.305,18.9,5.7,0.351,6,4,0,Ansari,0.501,Bastar,General,RED
1.8,0.687,74.5,6.0,0.593,5,3,5,Gupta,0.549,Mumbai Suburban,OBC,GREEN
11.9,0.931,91.2,10.0,0.957,6,2,0,Sharma,0.851,Bastar,General,GREEN
2.5,0.523,79.4,5.6,0.624,6,3,0,Menon,0.831,Pune,General,GREEN
2.5,0.639,63.1,8.1,0.701,9,4,0,Iyer,0.793,Kalahandi,General,GREEN
0.7,0.735,82.8,10.0,0.828,5,4,11,Deshmukh,0.739,Hyderabad,OBC,GREEN
1.0,0.877,90.5,9.0,1.0,6,3,0,Singh,0.818,Kalahandi,SC,GREEN
7.7,0.744,88.9,8.3,0.889,5,3,0,Kumar,0.796,Mewat,OBC,GREEN
3.1,0.49,57.5,6.5,0.509,8,3,0,Paswan,0.762,Bengaluru Urban,OBC,GREEN
3.4,0.506,53.8,7.9,0.623,5,3,0,Patil,0.847,Mumbai Suburban,OBC,GREEN
9.6,0.751,67.2,7.5,0.694,9,2,0,Patil,0.617,Bengaluru Urban,OBC,GREEN
5.4,0.515,48.2,6.9,0.512,5,3,0,Gupta,0.802,Bengaluru Urban,OBC,GREEN
1.0,0.46,58.8,3.9,0.412,6,4,0,Kumar,0.591,Bengaluru Urban,General,GREEN
8.9,0.54,56.1,3.7,0.512,7,4,0,Meena,0.646,Hyderabad,SC,GREEN
7.9,0.823,100.0,8.5,0.857,6,3,26,Deshmukh,0.821,Mumbai Suburban,OBC,GREEN
3.1,0.543,60.1,4.9,0.593,6,4,0,Meena,0.752,Pune,SC,GREEN
0.8,0.628,67.7,8.2,0.758,5,3,0,Yadav,0.841,Bastar,General,GREEN
4.9,0.516,51.1,5.6,0.598,7,3,0,Das,0.814,Hyderabad,ST,GREEN
1.2,0.698,66.5,6.6,0.632,6,3,0,Sharma,0.871,Pune,SC,GREEN
2.7,0.845,97.1,7.6,0.882,7,3,0,Munda,0.5,Hyderabad,OBC,GREEN
2.9,0.721,84.0,6.6,0.772,4,1,2,Singh,0.65,Bengaluru Urban,General,GREEN
1.4,0.425,32.6,5.6,0.413,4,2,0,Menon,0.742,Hyderabad,SC,GREEN
9.9,0.718,64.4,6.3,0.625,7,4,0,Ansari,0.809,Mewat,SC,GREEN
1.8,0.79,67.4,7.7,0.825,4,2,2,Kumar,0.865,Mewat,ST,GREEN
9.4,0.414,56.2,4.9,0.5,7,3,26,Singh,0.731,Gaya,SC,RED
3.9,0.154,19.0,1.1,0.183,3,4,5,Ansari,0.483,Bastar,ST,RED
0.7,0.798,83.9,10.0,0.838,7,4,0,Kumar,0.571,Pune,OBC,GREEN
3.2,0.423,42.5,4.1,0.358,8,2,17,Meena,0.738,Bengaluru Urban,SC,YELLOW
9.8,0.725,91.5,8.5,0.802,5,2,30,Singh,0.519,Kalahandi,OBC,GREEN
3.0,0.535,58.3,5.3,0.543,6,2,0,Gupta,0.572,Kalahandi,ST,GREEN
1.7,0.782,58.2,7.1,0.638,3,2,0,Khan,0.695,Pune,General,GREEN
7.7,0.819,95.5,8.8,0.884,6,3,4,Ansari,0.92,Hyderabad,General,GREEN
1.5,0.7,72.2,10.0,0.723,4,3,3,Meena,0.868,Hyderabad,General,GREEN
2.7,0.861,80.1,8.5,0.781,3,2,0,Sharma,0.739,Bengaluru Urban,OBC,GREEN
3.3,0.674,75.1,7.1,0.745,6,3,5,Das,0.875,Gaya,SC,GREEN
2.7,0.617,78.2,6.9,0.727,6,3,8,Meena,0.791,Mumbai Suburban,OBC,GREEN
3.7,0.31,36.9,2.7,0.297,9,4,2,Khan,0.458,Pune,SC,YELLOW
3.0,0.704,66.4,6.0,0.605,8,3,0,Verma,0.908,Hyderabad,OBC,GREEN
1.3,0.71,81.2,7.8,0.716,4,3,0,Khan,0.634,Mewat,General,GREEN
2.4,0.809,68.5,9.3,0.789,6,4,0,Kumar,0.883,Bastar,SC,GREEN
5.4,0.468,59.6,3.9,0.517,3,4,0,Ansari,0.663,Mumbai Suburban,OBC,GREEN
9.3,0.684,82.3,10.0,0.882,7,3,19,Paswan,0.911,Bengaluru Urban,SC,GREEN
0.9,0.636,68.2,9.2,0.721,7,3,0,Paswan,0.62,Mumbai Suburban,General,GREEN
1.1,0.526,52.1,9.1,0.595,3,4,0,Munda,0.549,Hyderabad,ST,GREEN
6.1,0.58,64.7,7.2,0.662,8,4,0,Munda,0.544,Hyderabad,OBC,GREEN
12.8,0.463,32.5,5.8,0.415,4,4,0,Kumar,0.599,Gaya,SC,YELLOW
1.9,0.769,100.0,8.9,0.86,4,3,9,Sharma,0.746,Bengaluru Urban,General,GREEN
1.3,0.309,26.8,3.7,0.382,5,3,0,Gupta,0.726,Mewat,OBC,RED
8.6,0.665,67.6,7.8,0.748,6,4,17,Singh,0.389,Kalahandi,OBC,RED
8.3,0.495,60.6,6.3,0.585,7,3,10,Paswan,0.575,Mumbai Suburban,ST,GREEN
0.2,0.481,49.4,3.6,0.381,10,3,0,Das,0.49,Bengaluru Urban,OBC,GREEN
0.4,0.208,33.3,3.4,0.304,6,4,0,Banerjee,0.835,Gaya,General,RED
1.1,0.59,54.6,6.3,0.642,5,3,8,Munda,0.929,Hyderabad,OBC,GREEN
6.3,0.86,85.3,10.0,0.886,7,4,0,Ansari,0.559,Gaya,OBC,GREEN
3.4,0.684,89.2,7.4,0.84,6,4,0,Sharma,0.879,Bengaluru Urban,SC,GREEN
4.3,0.598,65.5,7.6,0.736,7,3,0,Singh,0.634,Hyderabad,OBC,GREEN
10.6,0.661,63.0,5.4,0.694,4,2,0,Meena,0.52,Mewat,General,GREEN
1.7,0.492,49.0,5.4,0.523,5,4,4,Banerjee,0.71,Mewat,General,YELLOW
4.7,0.437,37.2,4.3,0.442,3,3,0,Menon,0.852,Gaya,OBC,YELLOW
6.5,0.872,92.6,8.7,0.96,3,3,0,Meena,0.951,Mewat,General,GREEN
2.2,0.667,72.8,6.3,0.697,6,3,32,Menon,0.728,Mewat,OBC,YELLOW
1.2,0.687,70.1,9.0,0.738,9,4,0,Yadav,0.72,Mewat,OBC,GREEN
8.2,0.385,57.0,5.9,0.493,8,4,34,Munda,0.938,Pune,General,YELLOW
4.5,0.724,81.8,5.6,0.713,8,3,0,Ansari,0.974,Bengaluru Urban,ST,GREEN
0.6,0.503,56.3,5.2,0.464,6,3,0,Khan,0.908,Bengaluru Urban,SC,GREEN
10.7,0.434,57.4,4.5,0.479,9,4,0,Khan,0.766,Bengaluru Urban,OBC,GREEN
5.1,0.841,99.2,9.5,0.982,9,4,0,Menon,0.776,Bengaluru Urban,General,GREEN
7.0,0.57,69.8,6.0,0.513,6,4,0,Menon,0.813,Pune,General,GREEN
3.9,0.208,39.3,5.0,0.444,5,4,10,Banerjee,0.914,Mewat,OBC,YELLOW
1.6,0.59,77.6,7.9,0.775,8,3,0,Iyer,0.829,Bengaluru Urban,General,GREEN
4.2,0.772,78.1,10.0,0.828,6,4,11,Meena,0.597,Hyderabad,OBC,GREEN
9.1,0.656,93.1,3.7,0.68,3,3,0,Sharma,0.759,Kalahandi,General,GREEN
2.7,0.885,90.1,10.0,0.929,6,3,0,Gupta,0.766,Mewat,General,GREEN
1.2,0.588,56.4,7.6,0.699,4,4,0,Iyer,0.952,Bastar,General,GREEN
20.3,0.343,36.0,3.7,0.407,6,3,3,Sharma,0.7,Mewat,SC,YELLOW
4.1,0.791,64.3,7.5,0.658,7,1,0,Verma,0.677,Pune,SC,GREEN
4.1,0.698,77.2,7.3,0.763,7,3,0,Sharma,0.953,Mumbai Suburban,SC,GREEN
2.8,0.647,56.7,6.8,0.621,4,2,0,Gupta,0.533,Bengaluru Urban,SC,GREEN
4.7,0.289,34.6,2.6,0.302,5,4,0,Munda,0.787,Mumbai Suburban,SC,YELLOW
7.0,0.592,73.7,4.8,0.567,6,4,14,Ansari,0.812,Hyderabad,General,YELLOW
5.8,0.557,49.8,5.3,0.616,6,4,0,Banerjee,0.894,Mewat,SC,YELLOW
8.4,0.71,58.0,7.2,0.722,6,4,0,Gupta,0.709,Mumbai Suburban,SC,GREEN
4.2,0.966,99.3,10.0,0.949,7,2,0,Menon,0.58,Hyderabad,General,GREEN
2.7,0.634,63.4,4.6,0.509,6,2,6,Singh,0.585,Hyderabad,OBC,GREEN
8.5,0.727,79.7,7.2,0.729,8,4,0,Meena,0.444,Bengaluru Urban,OBC,GREEN
9.8,0.421,42.9,2.9,0.402,7,4,0,Gupta,0.759,Bengaluru Urban,General,GREEN
2.6,0.631,56.5,5.9,0.607,5,3,0,Gupta,0.457,Mewat,General,YELLOW
1.2,0.387,36.5,5.2,0.487,3,4,0,Banerjee,0.83,Mewat,ST,YELLOW
3.5,0.693,75.7,5.7,0.713,8,3,0,Verma,0.379,Pune,OBC,GREEN
1.4,0.619,73.6,6.8,0.727,10,3,0,Singh,0.568,Mumbai Suburban,OBC,GREEN
3.1,0.52,43.9,6.7,0.559,4,3,6,Verma,0.619,Kalahandi,SC,YELLOW
5.0,0.272,48.1,3.1,0.285,4,3,31,Gupta,0.787,Bengaluru Urban,SC,RED
1.2,0.761,82.6,8.6,0.806,9,4,0,Yadav,0.541,Kalahandi,General,GREEN
3.4,0.909,96.1,8.6,0.963,7,2,0,Iyer,0.54,Pune,OBC,GREEN
3.6,0.77,95.3,10.0,0.905,4,1,0,Iyer,0.712,Bengaluru Urban,OBC,GREEN
7.2,0.743,64.7,9.5,0.805,7,3,16,Patil,0.663,Mewat,SC,YELLOW
10.1,0.338,53.3,1.8,0.334,8,2,0,Meena,0.889,Bengaluru Urban,OBC,GREEN
2.6,0.263,32.7,6.7,0.369,8,4,9,Menon,0.65,Pune,OBC,GREEN
14.8,0.908,88.2,10.0,0.924,9,2,0,Banerjee,0.688,Bastar,General,GREEN
6.3,0.29,42.5,2.4,0.334,4,4,9,Munda,0.905,Bengaluru Urban,OBC,YELLOW
2.4,0.645,46.1,4.2,0.476,3,2,0,Gupta,0.827,Bastar,OBC,GREEN
2.6,0.742,92.5,6.9,0.774,3,4,10,Munda,0.732,Hyderabad,OBC,GREEN
2.3,0.569,65.5,4.2,0.501,3,2,0,Yadav,0.564,Hyderabad,General,GREEN
2.2,0.656,69.8,6.8,0.734,9,1,0,Patil,0.741,Mumbai Suburban,General,GREEN
9.0,0.51,44.2,6.5,0.519,7,3,7,Banerjee,0.868,Mewat,ST,YELLOW
6.8,0.553,42.9,7.1,0.637,5,3,2,Patil,0.76,Gaya,General,GREEN
2.8,0.718,77.9,8.0,0.842,3,3,22,Deshmukh,0.82,Pune,SC,GREEN
1.8,0.792,91.9,8.0,0.833,7,4,0,Paswan,0.806,Bastar,OBC,GREEN
8.2,0.601,66.0,6.7,0.593,6,4,0,Iyer,0.834,Mumbai Suburban,SC,GREEN
4.0,0.133,0.0,3.5,0.057,4,4,0,Kumar,0.616,Mewat,General,RED
1.0,0.567,82.3,3.3,0.5,3,3,0,Kumar,0.62,Hyderabad,General,GREEN
0.1,0.402,60.2,4.1,0.403,6,3,0,Deshmukh,0.754,Hyderabad,OBC,GREEN
2.9,0.318,25.9,5.7,0.451,8,3,0,Deshmukh,0.503,Bengaluru Urban,General,GREEN
4.4,0.629,61.8,7.2,0.661,3,2,7,Deshmukh,0.734,Bastar,SC,GREEN
5.3,0.485,50.6,4.9,0.513,9,3,0,Khan,0.88,Bengaluru Urban,ST,GREEN
10.7,0.775,82.7,7.0,0.656,8,4,0,Das,0.779,Bastar,OBC,GREEN
0.5,0.638,70.8,8.2,0.662,6,3,0,Ansari,0.731,Pune,OBC,GREEN
4.1,0.653,63.5,6.3,0.684,7,4,0,Menon,0.935,Hyderabad,General,GREEN
3.4,0.709,84.0,6.9,0.761,9,4,0,Paswan,0.738,Mewat,General,GREEN
1.3,0.816,94.1,8.5,0.862,3,2,0,Das,0.426,Mewat,ST,GREEN
7.4,0.446,49.1,3.4,0.454,3,4,4,Menon,0.635,Bengaluru Urban,General,GREEN
2.8,0.734,75.6,10.0,0.912,4,4,9,Banerjee,0.565,Mewat,General,GREEN
3.4,0.467,67.6,5.4,0.55,9,4,0,Sharma,0.927,Bengaluru Urban,ST,GREEN
1.6,0.811,59.2,8.1,0.741,6,2,0,Ansari,0.636,Mumbai Suburban,OBC,GREEN
4.0,0.283,24.3,3.8,0.312,7,3,0,Meena,0.665,Hyderabad,General,YELLOW
5.5,0.61,70.8,6.6,0.779,7,4,0,Patil,0.577,Gaya,OBC,GREEN
3.9,0.757,89.6,7.3,0.689,7,4,0,Das,0.585,Kalahandi,OBC,GREEN
2.3,0.7,79.8,8.8,0.827,6,4,8,Iyer,0.778,Hyderabad,OBC,GREEN
5.9,0.7,97.8,6.8,0.78,7,3,0,Singh,0.643,Mumbai Suburban,OBC,GREEN
6.1,0.644,45.0,6.1,0.596,7,3,0,Singh,0.495,Hyderabad,General,GREEN
5.4,0.83,99.0,10.0,0.907,6,4,0,Banerjee,0.854,Bengaluru Urban,General,GREEN
7.3,0.359,36.8,4.6,0.393,8,2,0,Paswan,0.863,Bengaluru Urban,ST,GREEN
2.3,0.787,73.8,8.1,0.814,9,3,0,Ansari,0.828,Bastar,OBC,GREEN
2.0,0.916,100.0,9.5,1.0,5,2,0,Iyer,0.658,Pune,General,GREEN
1.7,0.512,47.3,4.6,0.522,6,2,0,Patil,0.886,Bengaluru Urban,General,GREEN
1.1,0.786,72.7,8.1,0.732,5,4,0,Gupta,0.923,Hyderabad,General,GREEN
